SEASON,GAME_ID,GAME_DATE,HOME_TEAM_ID,HOME_TEAM,HOME_WIN,HOME_PTS,HOME_WIN_PCT,HOME_PTS_AVG,HOME_PLUS_MINUS_AVG,HOME_ROLL_WIN_PCT_10,HOME_ROLL_PTS_10,HOME_ROLL_PLUS_MINUS_10,HOME_REST_DAYS,HOME_SEASON_WINS,HOME_SEASON_LOSSES,AWAY_TEAM_ID,AWAY_TEAM,AWAY_WIN,AWAY_PTS,AWAY_WIN_PCT,AWAY_PTS_AVG,AWAY_PLUS_MINUS_AVG,AWAY_ROLL_WIN_PCT_10,AWAY_ROLL_PTS_10,AWAY_ROLL_PLUS_MINUS_10,AWAY_REST_DAYS,AWAY_SEASON_WINS,AWAY_SEASON_LOSSES,WIN_PCT_DIFF,WIN_PCT_DIFF_10,PTS_DIFF,PTS_DIFF_10,PLUS_MINUS_DIFF,PLUS_MINUS_DIFF_10,REST_DIFF
2019,1021900024,2019-06-07,1611661313,New York Liberty,0,85,0.0,76.66666666666667,-7.0,0.0,76.66666666666667,-7.0,3.0,0.0,3.0,1611661322,Washington Mystics,1,94,0.6666666666666666,89.33333333333333,8.0,0.6666666666666666,89.33333333333333,8.0,2.0,2.0,1.0,-0.6666666666666666,-0.6666666666666666,-12.666666666666657,-12.666666666666657,-15.0,-15.0,1.0
2019,1021900027,2019-06-09,1611661313,New York Liberty,1,88,0.0,78.75,-7.5,0.0,78.75,-7.5,2.0,0.0,4.0,1611661319,Las Vegas Aces,0,78,0.5,83.25,7.0,0.5,83.25,7.0,3.0,2.0,2.0,-0.5,-0.5,-4.5,-4.5,-14.5,-14.5,-1.0
2019,1021900034,2019-06-12,1611661313,New York Liberty,1,75,0.2,80.6,-4.0,0.2,80.6,-4.0,3.0,1.0,4.0,1611661324,Minnesota Lynx,0,69,0.6666666666666666,75.16666666666667,3.8333333333333335,0.6666666666666666,75.16666666666667,3.8333333333333335,4.0,4.0,2.0,-0.4666666666666666,-0.4666666666666666,5.433333333333323,5.433333333333323,-7.833333333333334,-7.833333333333334,-1.0
2019,1021900047,2019-06-19,1611661313,New York Liberty,0,83,0.375,80.125,-5.375,0.375,80.125,-5.375,4.0,3.0,5.0,1611661329,Chicago Sky,1,91,0.6666666666666666,78.16666666666667,-2.0,0.6666666666666666,78.16666666666667,-2.0,4.0,4.0,2.0,-0.29166666666666663,-0.29166666666666663,1.9583333333333286,1.9583333333333286,-3.375,-3.375,0.0
2019,1021900064,2019-06-28,1611661313,New York Liberty,1,69,0.3,80.7,-6.0,0.3,80.7,-6.0,6.0,3.0,7.0,1611661321,Dallas Wings,0,68,0.3333333333333333,68.77777777777777,-4.666666666666667,0.3333333333333333,68.77777777777777,-4.666666666666667,2.0,3.0,6.0,-0.033333333333333326,-0.033333333333333326,11.922222222222231,11.922222222222231,-1.333333333333333,-1.333333333333333,4.0
2019,1021900081,2019-07-07,1611661313,New York Liberty,0,58,0.5,79.57142857142857,-2.7142857142857144,0.7,79.9,-0.8,2.0,7.0,7.0,1611661319,Las Vegas Aces,1,90,0.5714285714285714,81.78571428571429,2.0714285714285716,0.6,81.2,0.1,2.0,8.0,6.0,-0.0714285714285714,0.09999999999999998,-2.2142857142857224,-1.2999999999999972,-4.7857142857142865,-0.9,0.0
2019,1021900108,2019-07-20,1611661313,New York Liberty,1,83,0.4117647058823529,77.88235294117646,-5.588235294117647,0.5,78.1,-4.6,6.0,7.0,10.0,1611661320,Los Angeles Sparks,0,78,0.5882352941176471,78.17647058823529,-0.058823529411764705,0.6,76.1,-0.3,2.0,10.0,7.0,-0.17647058823529416,-0.09999999999999998,-0.29411764705882604,2.0,-5.529411764705882,-4.3,4.0
2019,1021900129,2019-08-04,1611661313,New York Liberty,0,79,0.4,76.7,-6.0,0.5,72.7,-6.0,3.0,8.0,12.0,1611661323,Connecticut Sun,1,94,0.7142857142857143,78.80952380952381,4.142857142857143,0.6,76.9,2.6,3.0,15.0,6.0,-0.3142857142857143,-0.09999999999999998,-2.1095238095238074,-4.200000000000003,-10.142857142857142,-8.6,0.0
2019,1021900141,2019-08-11,1611661313,New York Liberty,0,69,0.36363636363636365,77.5,-6.545454545454546,0.3,75.5,-10.1,4.0,8.0,14.0,1611661328,Seattle Storm,1,84,0.5416666666666666,74.83333333333333,0.6666666666666666,0.5,76.6,-0.8,3.0,13.0,11.0,-0.17803030303030298,-0.2,2.6666666666666714,-1.0999999999999943,-7.212121212121213,-9.299999999999999,1.0
2019,1021900145,2019-08-13,1611661313,New York Liberty,0,73,0.34782608695652173,77.1304347826087,-6.913043478260869,0.2,74.0,-11.7,2.0,8.0,15.0,1611661324,Minnesota Lynx,1,89,0.5,76.79166666666667,1.4583333333333333,0.4,75.2,-0.3,2.0,12.0,12.0,-0.15217391304347827,-0.2,0.33876811594203105,-1.2000000000000028,-8.371376811594203,-11.399999999999999,0.0
2019,1021900167,2019-08-23,1611661313,New York Liberty,0,87,0.3333333333333333,76.96296296296296,-6.703703703703703,0.2,75.4,-8.6,3.0,9.0,18.0,1611661330,Atlanta Dream,1,90,0.18518518518518517,71.11111111111111,-8.481481481481481,0.0,72.6,-12.1,3.0,5.0,22.0,0.14814814814814814,0.2,5.851851851851848,2.8000000000000114,1.7777777777777777,3.5,0.0
2019,1021900176,2019-08-27,1611661313,New York Liberty,0,82,0.3103448275862069,77.13793103448276,-7.344827586206897,0.1,76.7,-11.6,2.0,9.0,20.0,1611661317,Phoenix Mercury,1,95,0.4642857142857143,76.25,0.14285714285714285,0.3,80.0,-0.9,2.0,13.0,15.0,-0.1539408866995074,-0.19999999999999998,0.8879310344827616,-3.299999999999997,-7.48768472906404,-10.7,0.0
2019,1021900183,2019-08-30,1611661313,New York Liberty,0,84,0.3,77.3,-7.533333333333333,0.1,78.5,-10.6,3.0,9.0,21.0,1611661323,Connecticut Sun,1,94,0.7,79.06666666666666,3.033333333333333,0.7,78.5,1.0,3.0,21.0,9.0,-0.39999999999999997,-0.6,-1.7666666666666657,0.0,-10.566666666666666,-11.6,0.0
2019,1021900189,2019-09-03,1611661313,New York Liberty,0,77,0.2903225806451613,77.51612903225806,-7.612903225806452,0.1,79.0,-10.1,4.0,9.0,22.0,1611661322,Washington Mystics,1,93,0.7419354838709677,88.90322580645162,11.774193548387096,0.8,92.0,14.7,3.0,23.0,8.0,-0.45161290322580644,-0.7000000000000001,-11.387096774193552,-13.0,-19.387096774193548,-24.799999999999997,1.0
2019,1021900197,2019-09-06,1611661313,New York Liberty,0,81,0.28125,77.5,-7.875,0.1,77.5,-10.8,3.0,9.0,23.0,1611661325,Indiana Fever,1,86,0.34375,76.5,-3.90625,0.4,76.5,-6.3,5.0,11.0,21.0,-0.0625,-0.30000000000000004,1.0,1.0,-3.96875,-4.500000000000001,-2.0
2019,1021900038,2019-06-14,1611661317,Phoenix Mercury,0,68,0.4,75.8,-1.8,0.4,75.8,-1.8,3.0,2.0,3.0,1611661320,Los Angeles Sparks,1,85,0.6,78.2,-1.8,0.6,78.2,-1.8,6.0,3.0,2.0,-0.19999999999999996,-0.19999999999999996,-2.4000000000000057,-2.4000000000000057,0.0,0.0,-3.0
2019,1021900057,2019-06-23,1611661317,Phoenix Mercury,1,82,0.2857142857142857,71.57142857142857,-5.857142857142857,0.2857142857142857,71.57142857142857,-5.857142857142857,3.0,2.0,5.0,1611661320,Los Angeles Sparks,0,72,0.4444444444444444,75.77777777777777,-5.444444444444445,0.4444444444444444,75.77777777777777,-5.444444444444445,2.0,4.0,5.0,-0.15873015873015872,-0.15873015873015872,-4.206349206349202,-4.206349206349202,-0.4126984126984121,-0.4126984126984121,1.0
2019,1021900065,2019-06-28,1611661317,Phoenix Mercury,1,91,0.375,72.875,-3.875,0.375,72.875,-3.875,5.0,3.0,5.0,1611661325,Indiana Fever,0,69,0.4166666666666667,77.25,-0.16666666666666666,0.4,76.9,0.8,3.0,5.0,7.0,-0.041666666666666685,-0.025000000000000022,-4.375,-4.025000000000006,-3.7083333333333335,-4.675,2.0
2019,1021900077,2019-07-05,1611661317,Phoenix Mercury,0,76,0.5,74.3,-0.7,0.5,74.3,-0.7,5.0,5.0,5.0,1611661313,New York Liberty,1,80,0.46153846153846156,79.53846153846153,-3.230769230769231,0.6,80.4,-2.1,2.0,6.0,7.0,0.038461538461538436,-0.09999999999999998,-5.238461538461536,-6.1000000000000085,2.5307692307692307,1.4000000000000001,3.0
2019,1021900084,2019-07-07,1611661317,Phoenix Mercury,1,65,0.45454545454545453,74.45454545454545,-1.0,0.5,75.1,-0.2,2.0,5.0,6.0,1611661330,Atlanta Dream,0,63,0.25,70.5,-9.166666666666666,0.2,70.4,-9.8,2.0,3.0,9.0,0.20454545454545453,0.3,3.9545454545454533,4.699999999999989,8.166666666666666,9.600000000000001,0.0
2019,1021900102,2019-07-17,1611661317,Phoenix Mercury,1,69,0.4666666666666667,73.4,-0.9333333333333333,0.5,72.2,-0.5,3.0,7.0,8.0,1611661321,Dallas Wings,0,64,0.3125,70.75,-5.25,0.4,72.4,-4.4,3.0,5.0,11.0,0.15416666666666667,0.09999999999999998,2.6500000000000057,-0.20000000000000284,4.316666666666666,3.9000000000000004,0.0
2019,1021900115,2019-07-23,1611661317,Phoenix Mercury,1,95,0.5294117647058824,72.94117647058823,-0.29411764705882354,0.7,73.9,3.6,3.0,9.0,8.0,1611661325,Indiana Fever,0,77,0.3,77.25,-2.3,0.1,75.3,-5.2,2.0,6.0,14.0,0.22941176470588237,0.6,-4.308823529411768,-1.3999999999999915,2.0058823529411764,8.8,1.0
2019,1021900131,2019-08-04,1611661317,Phoenix Mercury,1,103,0.5,74.5,0.05,0.5,74.7,0.8,3.0,10.0,10.0,1611661322,Washington Mystics,0,82,0.7142857142857143,87.42857142857143,10.380952380952381,0.7,89.6,9.7,2.0,15.0,6.0,-0.2142857142857143,-0.19999999999999996,-12.92857142857143,-14.899999999999991,-10.33095238095238,-8.899999999999999,1.0
2019,1021900140,2019-08-10,1611661317,Phoenix Mercury,0,77,0.5,75.77272727272727,0.5454545454545454,0.5,78.3,2.1,2.0,11.0,11.0,1611661321,Dallas Wings,1,80,0.2608695652173913,69.30434782608695,-5.391304347826087,0.2,69.6,-5.2,2.0,6.0,17.0,0.2391304347826087,0.3,6.468379446640313,8.700000000000003,5.936758893280633,7.300000000000001,0.0
2019,1021900149,2019-08-14,1611661317,Phoenix Mercury,0,71,0.4782608695652174,75.82608695652173,0.391304347826087,0.4,76.9,-0.5,4.0,11.0,12.0,1611661323,Connecticut Sun,1,78,0.6666666666666666,78.625,2.5833333333333335,0.7,79.8,4.8,3.0,16.0,8.0,-0.18840579710144922,-0.29999999999999993,-2.798913043478265,-2.8999999999999915,-2.1920289855072466,-5.3,1.0
2019,1021900154,2019-08-16,1611661317,Phoenix Mercury,1,77,0.4583333333333333,75.625,0.08333333333333333,0.4,77.6,0.3,2.0,11.0,13.0,1611661330,Atlanta Dream,0,68,0.2,70.76,-8.64,0.0,72.2,-11.4,3.0,5.0,20.0,0.2583333333333333,0.4,4.864999999999995,5.3999999999999915,8.723333333333334,11.700000000000001,-1.0
2019,1021900158,2019-08-18,1611661317,Phoenix Mercury,1,78,0.48,75.68,0.44,0.5,79.1,2.5,2.0,12.0,13.0,1611661313,New York Liberty,0,72,0.32,76.96,-7.24,0.1,75.2,-11.1,2.0,8.0,17.0,0.15999999999999998,0.4,-1.279999999999987,3.8999999999999915,7.680000000000001,13.6,0.0
2019,1021900172,2019-08-25,1611661317,Phoenix Mercury,0,86,0.48148148148148145,75.88888888888889,0.4444444444444444,0.4,80.9,1.7,5.0,13.0,14.0,1611661329,Chicago Sky,1,94,0.6071428571428571,82.64285714285714,1.1071428571428572,0.7,87.6,2.9,2.0,17.0,11.0,-0.12566137566137564,-0.29999999999999993,-6.753968253968253,-6.699999999999989,-0.6626984126984128,-1.2,3.0
2019,1021900190,2019-09-03,1611661317,Phoenix Mercury,0,70,0.4838709677419355,76.54838709677419,-0.0967741935483871,0.4,78.0,-2.5,2.0,15.0,16.0,1611661328,Seattle Storm,1,82,0.5161290322580645,74.6774193548387,-0.06451612903225806,0.4,74.2,-3.4,2.0,16.0,15.0,-0.032258064516129004,0.0,1.8709677419354875,3.799999999999997,-0.03225806451612903,0.8999999999999999,0.0
2019,1021900198,2019-09-06,1611661317,Phoenix Mercury,0,69,0.46875,76.34375,-0.46875,0.4,77.6,-2.7,3.0,15.0,17.0,1611661324,Minnesota Lynx,1,83,0.53125,78.5625,2.46875,0.6,83.8,5.3,5.0,17.0,15.0,-0.0625,-0.19999999999999996,-2.21875,-6.200000000000003,-2.9375,-8.0,-2.0
2019,1021900203,2019-09-08,1611661317,Phoenix Mercury,0,89,0.45454545454545453,76.12121212121212,-0.8787878787878788,0.4,76.8,-3.8,2.0,15.0,18.0,1611661319,Las Vegas Aces,1,98,0.6060606060606061,81.72727272727273,3.242424242424242,0.5,85.0,-0.9,3.0,20.0,13.0,-0.15151515151515155,-0.09999999999999998,-5.606060606060609,-8.200000000000003,-4.121212121212121,-2.9,-1.0
2019,1021900039,2019-06-14,1611661319,Las Vegas Aces,1,100,0.4,82.2,3.6,0.4,82.2,3.6,5.0,2.0,3.0,1611661313,New York Liberty,0,65,0.3333333333333333,79.66666666666667,-2.3333333333333335,0.3333333333333333,79.66666666666667,-2.3333333333333335,2.0,2.0,4.0,0.06666666666666671,0.06666666666666671,2.5333333333333314,2.5333333333333314,5.933333333333334,5.933333333333334,3.0
2019,1021900049,2019-06-20,1611661319,Las Vegas Aces,0,72,0.5714285714285714,84.42857142857143,8.285714285714286,0.5714285714285714,84.42857142857143,8.285714285714286,4.0,4.0,3.0,1611661322,Washington Mystics,1,95,0.625,84.375,9.375,0.625,84.375,9.375,2.0,5.0,3.0,-0.0535714285714286,-0.0535714285714286,0.0535714285714306,0.0535714285714306,-1.0892857142857135,-1.0892857142857135,2.0
2019,1021900054,2019-06-22,1611661319,Las Vegas Aces,1,86,0.5,82.875,4.375,0.5,82.875,4.375,2.0,4.0,4.0,1611661321,Dallas Wings,0,68,0.2857142857142857,68.14285714285714,-3.5714285714285716,0.2857142857142857,68.14285714285714,-3.5714285714285716,2.0,2.0,5.0,0.2142857142857143,0.2142857142857143,14.732142857142861,14.732142857142861,7.946428571428571,7.946428571428571,0.0
2019,1021900060,2019-06-25,1611661319,Las Vegas Aces,1,60,0.5555555555555556,83.22222222222223,5.888888888888889,0.5555555555555556,83.22222222222223,5.888888888888889,3.0,5.0,4.0,1611661328,Seattle Storm,0,56,0.6363636363636364,75.27272727272727,2.4545454545454546,0.6,75.1,1.8,2.0,7.0,4.0,-0.08080808080808077,-0.0444444444444444,7.949494949494962,8.122222222222234,3.4343434343434347,4.0888888888888895,1.0
2019,1021900068,2019-06-29,1611661319,Las Vegas Aces,1,102,0.5454545454545454,80.27272727272727,4.090909090909091,0.5,80.0,3.2,2.0,6.0,5.0,1611661325,Indiana Fever,0,97,0.38461538461538464,76.61538461538461,-1.8461538461538463,0.3,74.6,-2.9,1.0,5.0,8.0,0.16083916083916078,0.2,3.657342657342653,5.400000000000006,5.937062937062937,6.1,1.0
2019,1021900073,2019-07-02,1611661319,Las Vegas Aces,1,90,0.5833333333333334,82.08333333333333,4.166666666666667,0.6,81.8,3.9,3.0,7.0,5.0,1611661329,Chicago Sky,0,82,0.5,78.41666666666667,-2.3333333333333335,0.5,78.7,-1.4,2.0,6.0,6.0,0.08333333333333337,0.09999999999999998,3.666666666666657,3.0999999999999943,6.5,5.3,1.0
2019,1021900079,2019-07-05,1611661319,Las Vegas Aces,0,70,0.6153846153846154,82.6923076923077,4.461538461538462,0.7,83.4,5.3,3.0,8.0,5.0,1611661322,Washington Mystics,1,99,0.75,86.83333333333333,13.666666666666666,0.8,87.7,15.8,6.0,9.0,3.0,-0.13461538461538458,-0.10000000000000009,-4.141025641025635,-4.299999999999997,-9.205128205128204,-10.5,-3.0
2019,1021900112,2019-07-21,1611661319,Las Vegas Aces,1,79,0.6111111111111112,81.11111111111111,3.611111111111111,0.7,79.7,3.0,2.0,11.0,7.0,1611661324,Minnesota Lynx,0,74,0.5555555555555556,76.16666666666667,1.8888888888888888,0.6,77.0,2.1,4.0,10.0,8.0,0.05555555555555558,0.09999999999999998,4.944444444444443,2.700000000000003,1.7222222222222223,0.8999999999999999,-2.0
2019,1021900114,2019-07-23,1611661319,Las Vegas Aces,1,79,0.631578947368421,81.0,3.6842105263157894,0.7,79.0,1.7,2.0,12.0,7.0,1611661328,Seattle Storm,0,62,0.6,75.55,2.45,0.6,74.8,2.6,4.0,12.0,8.0,0.03157894736842104,0.09999999999999998,5.450000000000003,4.200000000000003,1.2342105263157892,-0.9000000000000001,-2.0
2019,1021900120,2019-07-30,1611661319,Las Vegas Aces,1,86,0.65,80.9,4.35,0.7,80.9,3.0,7.0,13.0,7.0,1611661321,Dallas Wings,0,54,0.2631578947368421,69.78947368421052,-5.157894736842105,0.2,70.7,-5.6,10.0,5.0,14.0,0.38684210526315793,0.49999999999999994,11.110526315789485,10.200000000000003,9.507894736842104,8.6,-3.0
2019,1021900138,2019-08-09,1611661319,Las Vegas Aces,0,84,0.6521739130434783,80.30434782608695,5.043478260869565,0.7,77.2,5.8,6.0,15.0,8.0,1611661329,Chicago Sky,1,87,0.5909090909090909,81.72727272727273,1.1363636363636365,0.7,85.7,5.3,2.0,13.0,9.0,0.06126482213438733,0.0,-1.4229249011857803,-8.5,3.9071146245059287,0.5,4.0
2019,1021900144,2019-08-11,1611661319,Las Vegas Aces,1,89,0.625,80.45833333333333,4.708333333333333,0.7,78.6,8.4,2.0,15.0,9.0,1611661323,Connecticut Sun,0,81,0.6956521739130435,78.52173913043478,3.0434782608695654,0.7,78.8,5.3,2.0,16.0,7.0,-0.07065217391304346,0.0,1.9365942028985472,-0.20000000000000284,1.6648550724637676,3.1000000000000005,0.0
2019,1021900146,2019-08-13,1611661319,Las Vegas Aces,1,94,0.64,80.8,4.84,0.7,78.5,6.0,2.0,16.0,9.0,1611661330,Atlanta Dream,0,90,0.20833333333333334,69.95833333333333,-8.833333333333334,0.1,69.2,-10.3,3.0,5.0,19.0,0.43166666666666664,0.6,10.841666666666669,9.299999999999997,13.673333333333334,16.3,-1.0
2019,1021900162,2019-08-20,1611661319,Las Vegas Aces,1,84,0.6666666666666666,82.0,5.185185185185185,0.7,82.0,7.2,2.0,18.0,9.0,1611661317,Phoenix Mercury,0,79,0.5,75.76923076923077,0.6538461538461539,0.5,80.0,2.6,2.0,13.0,13.0,0.16666666666666663,0.19999999999999996,6.230769230769226,2.0,4.531339031339031,4.6,0.0
2019,1021900185,2019-08-31,1611661319,Las Vegas Aces,1,92,0.6129032258064516,81.64516129032258,3.3870967741935485,0.5,82.7,-1.4,4.0,19.0,12.0,1611661320,Los Angeles Sparks,0,86,0.6333333333333333,79.56666666666666,1.6333333333333333,0.7,82.6,3.5,2.0,19.0,11.0,-0.02043010752688168,-0.19999999999999996,2.0784946236559136,0.10000000000000853,1.7537634408602152,-4.9,2.0
2019,1021900042,2019-06-15,1611661320,Los Angeles Sparks,0,92,0.6666666666666666,79.33333333333333,1.3333333333333333,0.6666666666666666,79.33333333333333,1.3333333333333333,1.0,4.0,2.0,1611661313,New York Liberty,1,98,0.2857142857142857,77.57142857142857,-7.0,0.2857142857142857,77.57142857142857,-7.0,1.0,2.0,5.0,0.38095238095238093,0.38095238095238093,1.7619047619047592,1.7619047619047592,8.333333333333334,8.333333333333334,0.0
2019,1021900045,2019-06-18,1611661320,Los Angeles Sparks,0,52,0.5714285714285714,81.14285714285714,0.2857142857142857,0.5714285714285714,81.14285714285714,0.2857142857142857,3.0,4.0,3.0,1611661322,Washington Mystics,1,81,0.5714285714285714,84.85714285714286,6.571428571428571,0.5714285714285714,84.85714285714286,6.571428571428571,4.0,4.0,3.0,0.0,0.0,-3.7142857142857224,-3.7142857142857224,-6.285714285714286,-6.285714285714286,-1.0
2019,1021900063,2019-06-27,1611661320,Los Angeles Sparks,1,86,0.4,75.4,-5.9,0.4,75.4,-5.9,4.0,4.0,6.0,1611661319,Las Vegas Aces,0,74,0.6,80.9,5.7,0.6,80.9,5.7,2.0,6.0,4.0,-0.19999999999999996,-0.19999999999999996,-5.5,-5.5,-11.600000000000001,-11.600000000000001,2.0
2019,1021900071,2019-06-30,1611661320,Los Angeles Sparks,1,94,0.45454545454545453,76.36363636363636,-4.2727272727272725,0.5,77.0,-3.4,3.0,5.0,6.0,1611661329,Chicago Sky,0,69,0.5454545454545454,79.27272727272727,-0.2727272727272727,0.6,80.1,1.5,2.0,6.0,5.0,-0.09090909090909088,-0.09999999999999998,-2.9090909090909065,-3.0999999999999943,-4.0,-4.9,1.0
2019,1021900082,2019-07-07,1611661320,Los Angeles Sparks,1,98,0.5,77.83333333333333,-1.8333333333333333,0.5,78.7,-1.6,7.0,6.0,6.0,1611661322,Washington Mystics,0,81,0.7692307692307693,87.76923076923077,14.846153846153847,0.8,87.3,16.9,2.0,10.0,3.0,-0.2692307692307693,-0.30000000000000004,-9.935897435897445,-8.599999999999994,-16.67948717948718,-18.5,5.0
2019,1021900104,2019-07-18,1611661320,Los Angeles Sparks,1,69,0.5625,78.75,-0.375,0.5,78.4,-1.4,4.0,9.0,7.0,1611661321,Dallas Wings,0,64,0.29411764705882354,70.3529411764706,-5.235294117647059,0.3,71.9,-6.4,1.0,5.0,12.0,0.26838235294117646,0.2,8.397058823529406,6.5,4.860294117647059,5.0,3.0
2019,1021900124,2019-08-01,1611661320,Los Angeles Sparks,1,76,0.5789473684210527,78.15789473684211,0.3157894736842105,0.7,80.3,5.5,9.0,11.0,8.0,1611661319,Las Vegas Aces,0,68,0.6666666666666666,81.14285714285714,5.666666666666667,0.8,82.1,7.4,2.0,14.0,7.0,-0.08771929824561397,-0.10000000000000009,-2.984962406015029,-1.7999999999999972,-5.350877192982456,-1.9000000000000004,7.0
2019,1021900130,2019-08-04,1611661320,Los Angeles Sparks,1,83,0.6,78.05,0.7,0.8,80.7,7.3,3.0,12.0,8.0,1611661328,Seattle Storm,0,75,0.5454545454545454,75.0909090909091,0.5454545454545454,0.5,76.8,-1.1,2.0,12.0,10.0,0.054545454545454564,0.30000000000000004,2.9590909090909037,3.9000000000000057,0.15454545454545454,8.4,1.0
2019,1021900135,2019-08-08,1611661320,Los Angeles Sparks,1,84,0.6190476190476191,78.28571428571429,1.0476190476190477,0.8,80.4,6.9,4.0,13.0,8.0,1611661317,Phoenix Mercury,0,74,0.5238095238095238,75.85714285714286,1.0476190476190477,0.6,77.4,3.3,4.0,11.0,10.0,0.09523809523809523,0.20000000000000007,2.4285714285714306,3.0,0.0,3.6000000000000005,0.0
2019,1021900143,2019-08-11,1611661320,Los Angeles Sparks,1,84,0.6363636363636364,78.54545454545455,1.4545454545454546,0.8,79.4,5.4,3.0,14.0,8.0,1611661329,Chicago Sky,0,81,0.6086956521739131,81.95652173913044,1.2173913043478262,0.8,86.2,6.4,2.0,14.0,9.0,0.02766798418972327,0.0,-3.4110671936758905,-6.799999999999997,0.23715415019762842,-1.0,1.0
2019,1021900163,2019-08-20,1611661320,Los Angeles Sparks,1,81,0.6,78.84,0.76,0.7,78.7,3.0,4.0,15.0,10.0,1611661324,Minnesota Lynx,0,71,0.48148148148148145,77.22222222222223,1.3333333333333333,0.3,79.3,-0.9,2.0,13.0,14.0,0.11851851851851852,0.39999999999999997,1.6177777777777749,-0.5999999999999943,-0.5733333333333333,3.9,2.0
2019,1021900165,2019-08-22,1611661320,Los Angeles Sparks,1,98,0.6153846153846154,78.92307692307692,1.1153846153846154,0.7,79.2,3.5,2.0,16.0,10.0,1611661325,Indiana Fever,0,65,0.3333333333333333,76.96296296296296,-3.8518518518518516,0.3,75.4,-8.6,2.0,9.0,18.0,0.2820512820512821,0.39999999999999997,1.9601139601139579,3.799999999999997,4.967236467236467,12.1,0.0
2019,1021900171,2019-08-25,1611661320,Los Angeles Sparks,1,84,0.6296296296296297,79.62962962962963,2.2962962962962963,0.7,82.1,6.3,3.0,17.0,10.0,1611661323,Connecticut Sun,0,72,0.7142857142857143,78.96428571428571,3.0,0.8,79.4,1.6,2.0,20.0,8.0,-0.08465608465608465,-0.10000000000000009,0.6653439153439251,2.6999999999999886,-0.7037037037037037,4.699999999999999,1.0
2019,1021900191,2019-09-03,1611661320,Los Angeles Sparks,1,70,0.6129032258064516,79.7741935483871,1.3870967741935485,0.6,82.9,2.1,3.0,19.0,12.0,1611661330,Atlanta Dream,0,60,0.22580645161290322,71.61290322580645,-7.935483870967742,0.2,76.7,-6.7,2.0,7.0,24.0,0.3870967741935484,0.39999999999999997,8.161290322580655,6.200000000000003,9.32258064516129,8.8,1.0
2019,1021900194,2019-09-05,1611661320,Los Angeles Sparks,1,102,0.625,79.46875,1.65625,0.6,81.5,2.1,2.0,20.0,12.0,1611661328,Seattle Storm,0,68,0.53125,74.90625,0.3125,0.5,74.5,-0.2,2.0,17.0,15.0,0.09375,0.09999999999999998,4.5625,7.0,1.34375,2.3000000000000003,0.0
2019,1021900204,2019-09-08,1611661320,Los Angeles Sparks,1,77,0.6363636363636364,80.15151515151516,2.6363636363636362,0.6,83.3,5.2,3.0,21.0,12.0,1611661324,Minnesota Lynx,0,68,0.5454545454545454,78.6969696969697,2.8181818181818183,0.6,83.2,3.5,2.0,18.0,15.0,0.09090909090909094,0.0,1.4545454545454533,0.09999999999999432,-0.1818181818181821,1.7000000000000002,1.0
2019,1021900035,2019-06-13,1611661321,Dallas Wings,0,72,0.0,66.25,-11.5,0.0,66.25,-11.5,4.0,0.0,4.0,1611661325,Indiana Fever,1,76,0.5,83.0,1.8333333333333333,0.5,83.0,1.8333333333333333,2.0,3.0,3.0,-0.5,-0.5,-16.75,-16.75,-13.333333333333334,-13.333333333333334,2.0
2019,1021900041,2019-06-15,1611661321,Dallas Wings,1,71,0.0,67.4,-10.0,0.0,67.4,-10.0,2.0,0.0,5.0,1611661330,Atlanta Dream,0,61,0.2,69.0,-12.4,0.2,69.0,-12.4,6.0,1.0,4.0,-0.2,-0.2,-1.5999999999999943,-1.5999999999999943,2.4000000000000004,2.4000000000000004,-4.0
2019,1021900048,2019-06-20,1611661321,Dallas Wings,1,69,0.16666666666666666,68.0,-6.666666666666667,0.16666666666666666,68.0,-6.666666666666667,5.0,1.0,5.0,1611661317,Phoenix Mercury,0,54,0.3333333333333333,74.5,-4.333333333333333,0.3333333333333333,74.5,-4.333333333333333,6.0,2.0,4.0,-0.16666666666666666,-0.16666666666666666,-6.5,-6.5,-2.333333333333334,-2.333333333333334,-1.0
2019,1021900062,2019-06-26,1611661321,Dallas Wings,1,74,0.25,68.125,-5.375,0.25,68.125,-5.375,4.0,2.0,6.0,1611661323,Connecticut Sun,0,73,0.8181818181818182,80.54545454545455,5.545454545454546,0.8,80.2,4.6,3.0,9.0,2.0,-0.5681818181818182,-0.55,-12.420454545454547,-12.075000000000003,-10.920454545454547,-9.975,1.0
2019,1021900070,2019-06-30,1611661321,Dallas Wings,1,89,0.3,68.7,-4.3,0.3,68.7,-4.3,2.0,3.0,7.0,1611661324,Minnesota Lynx,0,86,0.5454545454545454,76.9090909090909,1.9090909090909092,0.5,75.7,0.3,5.0,6.0,5.0,-0.24545454545454543,-0.2,-8.209090909090904,-7.0,-6.209090909090909,-4.6,-3.0
2019,1021900076,2019-07-05,1611661321,Dallas Wings,0,56,0.36363636363636365,70.54545454545455,-3.6363636363636362,0.4,70.4,-3.6,5.0,4.0,7.0,1611661325,Indiana Fever,1,76,0.35714285714285715,78.07142857142857,-2.0714285714285716,0.2,76.4,-4.9,6.0,5.0,9.0,0.006493506493506496,0.2,-7.525974025974023,-6.0,-1.5649350649350646,1.3000000000000003,-1.0
2019,1021900085,2019-07-09,1611661321,Dallas Wings,1,74,0.3076923076923077,69.07692307692308,-5.538461538461538,0.4,69.5,-5.0,2.0,4.0,9.0,1611661320,Los Angeles Sparks,0,62,0.5384615384615384,79.38461538461539,-0.38461538461538464,0.5,80.7,-0.4,2.0,7.0,6.0,-0.23076923076923073,-0.09999999999999998,-10.307692307692307,-11.200000000000003,-5.153846153846153,-4.6,0.0
2019,1021900098,2019-07-14,1611661321,Dallas Wings,0,79,0.3333333333333333,70.2,-4.933333333333334,0.5,71.6,-2.4,2.0,5.0,10.0,1611661329,Chicago Sky,1,89,0.5,79.5,-0.5625,0.4,80.3,0.3,2.0,8.0,8.0,-0.16666666666666669,0.09999999999999998,-9.299999999999997,-8.700000000000003,-4.370833333333334,-2.6999999999999997,0.0
2019,1021900109,2019-07-20,1611661321,Dallas Wings,0,66,0.2777777777777778,70.0,-5.222222222222222,0.3,71.5,-5.1,2.0,5.0,13.0,1611661317,Phoenix Mercury,1,70,0.5,73.125,-0.5625,0.6,72.3,1.7,3.0,8.0,8.0,-0.2222222222222222,-0.3,-3.125,-0.7999999999999972,-4.659722222222222,-6.8,-1.0
2019,1021900123,2019-08-01,1611661321,Dallas Wings,1,87,0.25,69.0,-6.5,0.2,69.3,-8.7,2.0,5.0,15.0,1611661313,New York Liberty,0,64,0.42105263157894735,77.36842105263158,-5.105263157894737,0.5,74.6,-4.6,8.0,8.0,11.0,-0.17105263157894735,-0.3,-8.368421052631575,-5.299999999999997,-1.3947368421052628,-4.1,-6.0
2019,1021900128,2019-08-03,1611661321,Dallas Wings,0,70,0.2857142857142857,69.85714285714286,-5.095238095238095,0.2,69.1,-6.7,2.0,6.0,15.0,1611661319,Las Vegas Aces,1,75,0.6363636363636364,80.54545454545455,5.045454545454546,0.7,78.7,6.1,2.0,14.0,8.0,-0.35064935064935066,-0.49999999999999994,-10.688311688311686,-9.600000000000009,-10.140692640692642,-12.8,0.0
2019,1021900148,2019-08-14,1611661321,Dallas Wings,1,84,0.2916666666666667,69.75,-5.041666666666667,0.2,70.2,-6.1,4.0,7.0,17.0,1611661320,Los Angeles Sparks,0,78,0.6521739130434783,78.78260869565217,1.5217391304347827,0.8,78.0,4.0,3.0,15.0,8.0,-0.3605072463768116,-0.6000000000000001,-9.032608695652172,-7.799999999999997,-6.563405797101449,-10.1,1.0
2019,1021900152,2019-08-16,1611661321,Dallas Wings,1,83,0.32,70.32,-4.6,0.3,70.5,-4.1,2.0,8.0,17.0,1611661313,New York Liberty,0,77,0.3333333333333333,76.95833333333333,-7.291666666666667,0.1,73.3,-13.7,3.0,8.0,16.0,-0.013333333333333308,0.19999999999999998,-6.638333333333335,-2.799999999999997,2.6916666666666673,9.6,-1.0
2019,1021900170,2019-08-25,1611661321,Dallas Wings,0,73,0.32142857142857145,70.67857142857143,-4.821428571428571,0.4,71.9,-4.1,3.0,9.0,19.0,1611661330,Atlanta Dream,1,77,0.21428571428571427,71.78571428571429,-8.071428571428571,0.1,74.7,-8.9,2.0,6.0,22.0,0.10714285714285718,0.30000000000000004,-1.1071428571428612,-2.799999999999997,3.25,4.800000000000001,1.0
2019,1021900184,2019-08-31,1611661321,Dallas Wings,0,85,0.3333333333333333,71.33333333333333,-4.466666666666667,0.5,76.0,-0.4,2.0,10.0,20.0,1611661322,Washington Mystics,1,91,0.7333333333333333,88.83333333333333,11.966666666666667,0.8,92.8,16.1,4.0,22.0,8.0,-0.39999999999999997,-0.30000000000000004,-17.5,-16.799999999999997,-16.433333333333334,-16.5,-2.0
2019,1021900202,2019-09-08,1611661321,Dallas Wings,0,64,0.30303030303030304,71.81818181818181,-5.545454545454546,0.4,77.6,-5.9,2.0,10.0,23.0,1611661328,Seattle Storm,1,78,0.5151515151515151,74.6969696969697,-0.7272727272727273,0.5,73.8,-2.8,3.0,17.0,16.0,-0.2121212121212121,-0.09999999999999998,-2.8787878787878896,3.799999999999997,-4.818181818181818,-3.1000000000000005,-1.0
2019,1021900028,2019-06-09,1611661322,Washington Mystics,1,86,0.75,90.5,8.25,0.75,90.5,8.25,2.0,3.0,1.0,1611661321,Dallas Wings,0,62,0.0,67.66666666666667,-7.333333333333333,0.0,67.66666666666667,-7.333333333333333,2.0,0.0,3.0,0.75,0.75,22.83333333333333,22.83333333333333,15.583333333333332,15.583333333333332,0.0
2019,1021900036,2019-06-14,1611661322,Washington Mystics,0,71,0.6666666666666666,87.16666666666667,8.166666666666666,0.6666666666666666,87.16666666666667,8.166666666666666,3.0,4.0,2.0,1611661328,Seattle Storm,1,74,0.5714285714285714,76.85714285714286,1.7142857142857142,0.5714285714285714,76.85714285714286,1.7142857142857142,3.0,4.0,3.0,0.09523809523809523,0.09523809523809523,10.30952380952381,10.30952380952381,6.452380952380952,6.452380952380952,0.0
2019,1021900067,2019-06-29,1611661322,Washington Mystics,1,102,0.7272727272727273,85.45454545454545,11.0,0.8,87.1,13.6,3.0,8.0,3.0,1611661323,Connecticut Sun,0,59,0.75,79.91666666666667,5.0,0.7,78.7,3.4,3.0,9.0,3.0,-0.022727272727272707,0.10000000000000009,5.537878787878782,8.399999999999991,6.0,10.2,0.0
2019,1021900087,2019-07-10,1611661322,Washington Mystics,0,68,0.7142857142857143,87.28571428571429,12.571428571428571,0.7,86.0,14.3,3.0,10.0,4.0,1611661317,Phoenix Mercury,1,91,0.5,73.66666666666667,-0.75,0.5,73.0,-0.2,3.0,6.0,6.0,0.2142857142857143,0.19999999999999996,13.61904761904762,13.0,13.321428571428571,14.5,0.0
2019,1021900095,2019-07-13,1611661322,Washington Mystics,0,81,0.6666666666666666,86.0,10.2,0.6,84.2,9.6,3.0,10.0,5.0,1611661319,Las Vegas Aces,1,85,0.625,81.8125,4.0,0.7,79.8,1.1,3.0,10.0,6.0,0.04166666666666663,-0.09999999999999998,4.1875,4.400000000000006,6.199999999999999,8.5,0.0
2019,1021900110,2019-07-21,1611661322,Washington Mystics,1,93,0.6470588235294118,86.23529411764706,9.176470588235293,0.7,87.2,11.0,2.0,11.0,6.0,1611661330,Atlanta Dream,0,65,0.2777777777777778,70.16666666666667,-7.611111111111111,0.3,69.3,-6.5,2.0,5.0,13.0,0.369281045751634,0.39999999999999997,16.068627450980387,17.900000000000006,16.787581699346404,17.5,0.0
2019,1021900119,2019-07-30,1611661322,Washington Mystics,1,99,0.6842105263157895,86.21052631578948,10.105263157894736,0.7,86.8,9.4,6.0,13.0,6.0,1611661317,Phoenix Mercury,0,93,0.5555555555555556,74.16666666666667,0.7222222222222222,0.7,75.2,4.4,7.0,10.0,8.0,0.1286549707602339,0.0,12.043859649122808,11.599999999999994,9.383040935672515,5.0,-1.0
2019,1021900134,2019-08-08,1611661322,Washington Mystics,1,91,0.6818181818181818,87.18181818181819,8.954545454545455,0.6,87.6,3.3,4.0,15.0,7.0,1611661325,Indiana Fever,0,78,0.34782608695652173,76.91304347826087,-2.217391304347826,0.3,77.3,-2.7,5.0,8.0,15.0,0.33399209486166004,0.3,10.268774703557312,10.299999999999997,11.171936758893281,6.0,-1.0
2019,1021900142,2019-08-11,1611661322,Washington Mystics,1,101,0.6956521739130435,87.34782608695652,9.130434782608695,0.6,86.8,1.7,3.0,16.0,7.0,1611661324,Minnesota Lynx,0,78,0.5217391304347826,76.73913043478261,2.5217391304347827,0.5,74.8,2.3,2.0,12.0,11.0,0.17391304347826086,0.09999999999999998,10.608695652173907,12.0,6.608695652173912,-0.5999999999999999,1.0
2019,1021900147,2019-08-14,1611661322,Washington Mystics,1,88,0.7083333333333334,87.91666666666667,9.708333333333334,0.7,88.8,5.7,3.0,17.0,7.0,1611661328,Seattle Storm,0,59,0.56,75.2,1.24,0.6,76.7,0.8,3.0,14.0,11.0,0.14833333333333332,0.09999999999999998,12.716666666666669,12.099999999999994,8.468333333333334,4.9,0.0
2019,1021900156,2019-08-18,1611661322,Washington Mystics,1,107,0.7307692307692307,87.84615384615384,10.346153846153847,0.9,91.3,12.0,2.0,19.0,7.0,1611661325,Indiana Fever,0,68,0.36,77.36,-2.36,0.3,76.5,-5.0,8.0,9.0,16.0,0.37076923076923074,0.6000000000000001,10.48615384615384,14.799999999999997,12.706153846153846,17.0,-6.0
2019,1021900169,2019-08-25,1611661322,Washington Mystics,1,101,0.7142857142857143,88.17857142857143,10.75,0.8,91.0,11.7,2.0,20.0,8.0,1611661313,New York Liberty,0,72,0.32142857142857145,77.32142857142857,-6.571428571428571,0.1,75.8,-9.4,2.0,9.0,19.0,0.39285714285714285,0.7000000000000001,10.857142857142861,15.200000000000003,17.32142857142857,21.1,0.0
2019,1021900177,2019-08-27,1611661322,Washington Mystics,1,95,0.7241379310344828,88.62068965517241,11.379310344827585,0.8,93.2,13.8,2.0,21.0,8.0,1611661320,Los Angeles Sparks,0,66,0.6428571428571429,79.78571428571429,2.642857142857143,0.8,82.7,8.0,2.0,18.0,10.0,0.08128078817733986,0.0,8.834975369458121,10.5,8.736453201970443,5.800000000000001,0.0
2019,1021900195,2019-09-06,1611661322,Washington Mystics,1,86,0.75,89.03125,11.90625,0.9,93.1,18.4,3.0,24.0,8.0,1611661321,Dallas Wings,0,73,0.3125,71.78125,-5.3125,0.4,76.0,-5.8,2.0,10.0,22.0,0.4375,0.5,17.25,17.099999999999994,17.21875,24.2,1.0
2019,1021900201,2019-09-08,1611661322,Washington Mystics,1,100,0.7575757575757576,88.93939393939394,11.93939393939394,0.9,92.6,18.4,2.0,25.0,8.0,1611661329,Chicago Sky,0,86,0.6060606060606061,84.54545454545455,1.7575757575757576,0.6,90.5,3.0,2.0,20.0,13.0,0.1515151515151515,0.30000000000000004,4.393939393939391,2.0999999999999943,10.181818181818182,15.399999999999999,0.0
2019,1021900021,2019-06-06,1611661323,Connecticut Sun,1,89,0.75,80.5,6.25,0.75,80.5,6.25,4.0,3.0,1.0,1611661320,Los Angeles Sparks,0,77,0.6666666666666666,75.0,-0.3333333333333333,0.6666666666666666,75.0,-0.3333333333333333,2.0,2.0,1.0,0.08333333333333337,0.08333333333333337,5.5,5.5,6.583333333333333,6.583333333333333,2.0
2019,1021900031,2019-06-11,1611661323,Connecticut Sun,1,83,0.8333333333333334,79.33333333333333,7.166666666666667,0.8333333333333334,79.33333333333333,7.166666666666667,2.0,5.0,1.0,1611661322,Washington Mystics,0,75,0.8,89.6,11.4,0.8,89.6,11.4,2.0,4.0,1.0,0.033333333333333326,0.033333333333333326,-10.266666666666666,-10.266666666666666,-4.233333333333333,-4.233333333333333,0.0
2019,1021900043,2019-06-16,1611661323,Connecticut Sun,1,81,0.875,80.5,6.875,0.875,80.5,6.875,2.0,7.0,1.0,1611661328,Seattle Storm,0,67,0.625,76.5,1.875,0.625,76.5,1.875,2.0,5.0,3.0,0.25,0.25,4.0,4.0,5.0,5.0,0.0
2019,1021900050,2019-06-21,1611661323,Connecticut Sun,1,86,0.8888888888888888,80.55555555555556,7.666666666666667,0.8888888888888888,80.55555555555556,7.666666666666667,5.0,8.0,1.0,1611661330,Atlanta Dream,0,76,0.2857142857142857,70.57142857142857,-8.857142857142858,0.2857142857142857,70.57142857142857,-8.857142857142858,2.0,2.0,5.0,0.6031746031746031,0.6031746031746031,9.984126984126988,9.984126984126988,16.523809523809526,16.523809523809526,3.0
2019,1021900080,2019-07-06,1611661323,Connecticut Sun,0,71,0.6923076923076923,78.3076923076923,1.3076923076923077,0.7,77.6,-0.2,7.0,9.0,4.0,1611661324,Minnesota Lynx,1,74,0.5384615384615384,78.23076923076923,2.6923076923076925,0.4,78.6,0.3,4.0,7.0,6.0,0.15384615384615385,0.29999999999999993,0.0769230769230802,-1.0,-1.3846153846153848,-0.5,3.0
2019,1021900092,2019-07-12,1611661323,Connecticut Sun,1,79,0.6,77.6,0.7333333333333333,0.5,75.3,-2.6,2.0,9.0,6.0,1611661317,Phoenix Mercury,0,64,0.5384615384615384,75.0,1.0769230769230769,0.6,76.5,2.3,2.0,7.0,6.0,0.06153846153846154,-0.09999999999999998,2.5999999999999943,-1.2000000000000028,-0.3435897435897436,-4.9,0.0
2019,1021900106,2019-07-19,1611661323,Connecticut Sun,1,98,0.6470588235294118,77.58823529411765,2.2941176470588234,0.5,76.0,-1.2,5.0,11.0,6.0,1611661330,Atlanta Dream,0,69,0.29411764705882354,70.23529411764706,-6.352941176470588,0.3,70.0,-4.6,2.0,5.0,12.0,0.35294117647058826,0.2,7.352941176470594,6.0,8.647058823529411,3.3999999999999995,3.0
2019,1021900116,2019-07-24,1611661323,Connecticut Sun,1,70,0.6666666666666666,78.72222222222223,3.7777777777777777,0.5,77.3,1.3,5.0,12.0,6.0,1611661313,New York Liberty,0,63,0.4444444444444444,78.16666666666667,-5.0,0.5,76.6,-4.7,4.0,8.0,10.0,0.2222222222222222,0.0,0.5555555555555571,0.7000000000000028,8.777777777777779,6.0,1.0
2019,1021900118,2019-07-30,1611661323,Connecticut Sun,1,100,0.6842105263157895,78.26315789473684,3.9473684210526314,0.5,76.2,0.6,6.0,13.0,6.0,1611661329,Chicago Sky,0,94,0.5789473684210527,79.78947368421052,0.5263157894736842,0.5,79.4,0.3,9.0,11.0,8.0,0.10526315789473684,0.0,-1.526315789473685,-3.200000000000003,3.4210526315789473,0.3,-3.0
2019,1021900122,2019-08-01,1611661323,Connecticut Sun,1,68,0.7,79.35,4.05,0.5,77.6,0.2,2.0,14.0,6.0,1611661317,Phoenix Mercury,0,62,0.5263157894736842,75.15789473684211,0.3684210526315789,0.6,75.4,1.6,2.0,10.0,9.0,0.17368421052631577,-0.09999999999999998,4.192105263157885,2.1999999999999886,3.681578947368421,-1.4000000000000001,0.0
2019,1021900150,2019-08-16,1611661323,Connecticut Sun,1,79,0.68,78.6,2.76,0.8,80.1,5.8,2.0,17.0,8.0,1611661328,Seattle Storm,0,78,0.5384615384615384,74.57692307692308,0.07692307692307693,0.6,76.0,-1.0,2.0,14.0,12.0,0.1415384615384616,0.20000000000000007,4.023076923076914,4.099999999999994,2.6830769230769227,6.8,0.0
2019,1021900155,2019-08-18,1611661323,Connecticut Sun,1,78,0.6923076923076923,78.61538461538461,2.6923076923076925,0.8,80.1,4.4,2.0,18.0,8.0,1611661321,Dallas Wings,0,68,0.34615384615384615,70.8076923076923,-4.1923076923076925,0.4,70.9,-2.5,2.0,9.0,17.0,0.34615384615384615,0.4,7.807692307692307,9.199999999999989,6.884615384615385,6.9,0.0
2019,1021900166,2019-08-23,1611661323,Connecticut Sun,1,89,0.7037037037037037,78.5925925925926,2.962962962962963,0.8,80.3,4.1,5.0,19.0,8.0,1611661319,Las Vegas Aces,0,85,0.6785714285714286,82.07142857142857,5.178571428571429,0.8,83.8,8.0,3.0,19.0,9.0,0.025132275132275117,0.0,-3.478835978835974,-3.5,-2.215608465608466,-3.9000000000000004,2.0
2019,1021900192,2019-09-04,1611661323,Connecticut Sun,1,102,0.7096774193548387,79.54838709677419,3.2580645161290325,0.7,81.1,1.4,5.0,22.0,9.0,1611661321,Dallas Wings,0,72,0.3225806451612903,71.7741935483871,-4.516129032258065,0.4,75.8,-3.3,4.0,10.0,21.0,0.38709677419354843,0.29999999999999993,7.774193548387089,5.299999999999997,7.774193548387098,4.699999999999999,1.0
2019,1021900196,2019-09-06,1611661323,Connecticut Sun,0,104,0.71875,80.25,4.09375,0.7,81.9,2.9,2.0,23.0,9.0,1611661329,Chicago Sky,1,109,0.59375,83.78125,1.65625,0.6,88.3,2.8,5.0,19.0,13.0,0.125,0.09999999999999998,-3.53125,-6.3999999999999915,2.4375,0.10000000000000009,-3.0
2019,1021900025,2019-06-08,1611661324,Minnesota Lynx,0,85,0.8,73.2,5.4,0.8,73.2,5.4,2.0,4.0,1.0,1611661320,Los Angeles Sparks,1,89,0.5,75.5,-3.25,0.5,75.5,-3.25,2.0,2.0,2.0,0.30000000000000004,0.30000000000000004,-2.299999999999997,-2.299999999999997,8.65,8.65,0.0
2019,1021900037,2019-06-14,1611661324,Minnesota Lynx,0,81,0.5714285714285714,74.28571428571429,2.4285714285714284,0.5714285714285714,74.28571428571429,2.4285714285714284,2.0,4.0,3.0,1611661323,Connecticut Sun,1,85,0.8571428571428571,79.85714285714286,7.285714285714286,0.8571428571428571,79.85714285714286,7.285714285714286,3.0,6.0,1.0,-0.2857142857142857,-0.2857142857142857,-5.571428571428569,-5.571428571428569,-4.857142857142858,-4.857142857142858,-1.0
2019,1021900044,2019-06-16,1611661324,Minnesota Lynx,0,75,0.5,75.125,1.625,0.5,75.125,1.625,2.0,4.0,4.0,1611661319,Las Vegas Aces,1,80,0.5,85.16666666666667,8.833333333333334,0.5,85.16666666666667,8.833333333333334,2.0,3.0,3.0,0.0,0.0,-10.041666666666671,-10.041666666666671,-7.208333333333334,-7.208333333333334,0.0
2019,1021900053,2019-06-22,1611661324,Minnesota Lynx,1,92,0.4444444444444444,75.11111111111111,0.8888888888888888,0.4444444444444444,75.11111111111111,0.8888888888888888,6.0,4.0,5.0,1611661313,New York Liberty,0,83,0.3333333333333333,80.44444444444444,-5.666666666666667,0.3333333333333333,80.44444444444444,-5.666666666666667,3.0,3.0,6.0,0.1111111111111111,0.1111111111111111,-5.333333333333329,-5.333333333333329,6.555555555555555,6.555555555555555,3.0
2019,1021900074,2019-07-02,1611661324,Minnesota Lynx,1,85,0.5,77.66666666666667,1.5,0.4,77.1,-1.1,2.0,6.0,6.0,1611661330,Atlanta Dream,0,68,0.2,70.1,-10.4,0.2,70.1,-10.4,2.0,2.0,8.0,0.3,0.2,7.566666666666677,7.0,11.9,9.3,0.0
2019,1021900099,2019-07-14,1611661324,Minnesota Lynx,1,75,0.5625,76.0625,2.0,0.5,76.6,0.9,2.0,9.0,7.0,1611661317,Phoenix Mercury,0,62,0.5,74.21428571428571,-0.07142857142857142,0.5,73.5,0.1,2.0,7.0,7.0,0.0625,0.0,1.8482142857142918,3.0999999999999943,2.0714285714285716,0.8,0.0
2019,1021900103,2019-07-17,1611661324,Minnesota Lynx,0,79,0.5882352941176471,76.0,2.6470588235294117,0.6,77.2,2.8,3.0,10.0,7.0,1611661328,Seattle Storm,1,90,0.5555555555555556,75.11111111111111,1.9444444444444444,0.5,74.0,2.0,3.0,10.0,8.0,0.0326797385620915,0.09999999999999998,0.8888888888888857,3.200000000000003,0.7026143790849673,0.7999999999999998,0.0
2019,1021900117,2019-07-24,1611661324,Minnesota Lynx,0,71,0.5263157894736842,76.05263157894737,1.5263157894736843,0.6,76.9,2.1,3.0,10.0,9.0,1611661322,Washington Mystics,1,79,0.6666666666666666,86.61111111111111,10.222222222222221,0.7,88.4,10.9,3.0,12.0,6.0,-0.14035087719298245,-0.09999999999999998,-10.558479532163744,-11.5,-8.695906432748536,-8.8,0.0
2019,1021900137,2019-08-09,1611661324,Minnesota Lynx,1,89,0.5,76.18181818181819,1.1818181818181819,0.5,74.4,0.8,3.0,11.0,11.0,1611661323,Connecticut Sun,0,57,0.7272727272727273,79.5,4.636363636363637,0.7,79.0,4.2,5.0,16.0,6.0,-0.2272727272727273,-0.19999999999999996,-3.318181818181813,-4.599999999999994,-3.454545454545455,-3.4000000000000004,-2.0
2019,1021900153,2019-08-16,1611661324,Minnesota Lynx,0,79,0.52,77.28,2.04,0.4,76.8,1.2,3.0,13.0,12.0,1611661322,Washington Mystics,1,86,0.72,87.92,10.48,0.8,90.8,10.9,2.0,18.0,7.0,-0.19999999999999996,-0.4,-10.64,-14.0,-8.440000000000001,-9.700000000000001,1.0
2019,1021900164,2019-08-22,1611661324,Minnesota Lynx,1,86,0.4642857142857143,77.0,0.9285714285714286,0.3,78.5,-0.8,2.0,13.0,15.0,1611661321,Dallas Wings,0,70,0.3333333333333333,70.70370370370371,-4.407407407407407,0.4,71.3,-3.0,4.0,9.0,18.0,0.130952380952381,-0.10000000000000003,6.2962962962962905,7.200000000000003,5.335978835978836,2.2,-2.0
2019,1021900173,2019-08-25,1611661324,Minnesota Lynx,1,98,0.4827586206896552,77.3103448275862,1.4482758620689655,0.4,79.7,1.3,3.0,14.0,15.0,1611661319,Las Vegas Aces,0,77,0.6551724137931034,82.17241379310344,4.862068965517241,0.7,84.4,7.1,2.0,19.0,10.0,-0.17241379310344823,-0.29999999999999993,-4.862068965517238,-4.700000000000003,-3.413793103448276,-5.8,1.0
2019,1021900178,2019-08-27,1611661324,Minnesota Lynx,1,93,0.5,78.0,2.1,0.5,82.4,4.2,2.0,15.0,15.0,1611661329,Chicago Sky,0,85,0.6206896551724138,83.03448275862068,1.3448275862068966,0.7,89.2,2.9,2.0,18.0,11.0,-0.12068965517241381,-0.19999999999999996,-5.034482758620683,-6.799999999999997,0.7551724137931035,1.3000000000000003,0.0
2019,1021900187,2019-09-01,1611661324,Minnesota Lynx,1,81,0.5161290322580645,78.48387096774194,2.2903225806451615,0.6,84.2,6.1,5.0,16.0,15.0,1611661325,Indiana Fever,0,73,0.3548387096774194,76.61290322580645,-3.774193548387097,0.5,75.3,-5.3,3.0,11.0,20.0,0.16129032258064513,0.09999999999999998,1.8709677419354875,8.900000000000006,6.064516129032258,11.399999999999999,2.0
2019,1021900029,2019-06-09,1611661325,Indiana Fever,0,87,0.75,82.25,5.0,0.75,82.25,5.0,2.0,3.0,1.0,1611661317,Phoenix Mercury,1,94,0.3333333333333333,70.0,-3.0,0.3333333333333333,70.0,-3.0,3.0,1.0,2.0,0.4166666666666667,0.4166666666666667,12.25,12.25,8.0,8.0,-1.0
2019,1021900032,2019-06-11,1611661325,Indiana Fever,0,82,0.6,83.2,2.6,0.6,83.2,2.6,2.0,3.0,2.0,1611661328,Seattle Storm,1,84,0.5,75.66666666666667,1.6666666666666667,0.5,75.66666666666667,1.6666666666666667,2.0,3.0,3.0,0.09999999999999998,0.09999999999999998,7.533333333333331,7.533333333333331,0.9333333333333333,0.9333333333333333,0.0
2019,1021900040,2019-06-15,1611661325,Indiana Fever,0,64,0.5714285714285714,82.0,2.142857142857143,0.5714285714285714,82.0,2.142857142857143,2.0,4.0,3.0,1611661329,Chicago Sky,1,70,0.6,79.8,-3.6,0.6,79.8,-3.6,4.0,3.0,2.0,-0.02857142857142858,-0.02857142857142858,2.200000000000003,2.200000000000003,5.742857142857143,5.742857142857143,-2.0
2019,1021900059,2019-06-25,1611661325,Indiana Fever,0,74,0.45454545454545453,77.54545454545455,0.18181818181818182,0.4,77.2,0.1,2.0,5.0,6.0,1611661324,Minnesota Lynx,1,78,0.5,76.8,1.7,0.5,76.8,1.7,3.0,5.0,5.0,-0.04545454545454547,-0.09999999999999998,0.7454545454545496,0.4000000000000057,-1.518181818181818,-1.5999999999999999,-1.0
2019,1021900088,2019-07-10,1611661325,Indiana Fever,0,71,0.4,77.93333333333334,-0.6,0.3,75.3,-2.2,5.0,6.0,9.0,1611661319,Las Vegas Aces,1,74,0.6,82.33333333333333,4.066666666666666,0.7,82.4,4.3,3.0,9.0,6.0,-0.19999999999999996,-0.39999999999999997,-4.3999999999999915,-7.1000000000000085,-4.666666666666666,-6.5,2.0
2019,1021900090,2019-07-12,1611661325,Indiana Fever,0,84,0.375,77.5,-0.75,0.3,74.2,-2.3,2.0,6.0,10.0,1611661320,Los Angeles Sparks,1,90,0.5,78.14285714285714,-1.2142857142857142,0.5,79.2,-0.4,3.0,7.0,7.0,-0.125,-0.2,-0.6428571428571388,-5.0,0.4642857142857142,-1.9,-1.0
2019,1021900097,2019-07-14,1611661325,Indiana Fever,0,63,0.35294117647058826,77.88235294117646,-1.0588235294117647,0.2,75.0,-3.3,2.0,6.0,11.0,1611661323,Connecticut Sun,1,76,0.625,77.6875,1.625,0.5,76.7,-1.7,2.0,10.0,6.0,-0.27205882352941174,-0.3,0.1948529411764639,-1.7000000000000028,-2.6838235294117645,-1.5999999999999999,0.0
2019,1021900105,2019-07-19,1611661325,Indiana Fever,0,88,0.3333333333333333,77.05555555555556,-1.7222222222222223,0.2,74.9,-4.0,5.0,6.0,12.0,1611661322,Washington Mystics,1,95,0.625,85.6875,9.3125,0.6,84.8,10.0,6.0,10.0,6.0,-0.2916666666666667,-0.39999999999999997,-8.631944444444443,-9.899999999999991,-11.034722222222221,-14.0,-1.0
2019,1021900121,2019-07-31,1611661325,Indiana Fever,1,61,0.2857142857142857,77.23809523809524,-3.0476190476190474,0.1,76.9,-6.6,8.0,6.0,15.0,1611661330,Atlanta Dream,0,59,0.25,69.7,-8.85,0.3,69.3,-7.3,8.0,5.0,15.0,0.0357142857142857,-0.19999999999999998,7.538095238095238,7.6000000000000085,5.802380952380952,0.7000000000000002,0.0
2019,1021900127,2019-08-03,1611661325,Indiana Fever,1,86,0.3181818181818182,76.5,-2.8181818181818183,0.2,75.6,-6.0,3.0,7.0,15.0,1611661324,Minnesota Lynx,0,75,0.5,75.8,1.05,0.5,74.8,0.4,10.0,10.0,10.0,-0.18181818181818182,-0.3,0.7000000000000028,0.7999999999999972,-3.868181818181818,-6.4,-7.0
2019,1021900139,2019-08-10,1611661325,Indiana Fever,1,87,0.3333333333333333,76.95833333333333,-2.6666666666666665,0.3,75.4,-3.5,2.0,8.0,16.0,1611661330,Atlanta Dream,0,82,0.21739130434782608,69.43478260869566,-9.0,0.2,68.8,-9.5,4.0,5.0,18.0,0.11594202898550723,0.09999999999999998,7.523550724637673,6.6000000000000085,6.333333333333334,6.0,-2.0
2019,1021900161,2019-08-20,1611661325,Indiana Fever,0,76,0.34615384615384615,77.0,-3.769230769230769,0.3,76.2,-8.6,2.0,9.0,17.0,1611661313,New York Liberty,1,82,0.3076923076923077,76.76923076923077,-7.1923076923076925,0.1,74.1,-10.1,2.0,8.0,18.0,0.038461538461538436,0.19999999999999998,0.2307692307692264,2.1000000000000085,3.4230769230769234,1.5,0.0
2019,1021900175,2019-08-27,1611661325,Indiana Fever,1,86,0.3448275862068966,76.06896551724138,-4.413793103448276,0.4,73.1,-9.0,2.0,10.0,19.0,1611661319,Las Vegas Aces,0,71,0.6333333333333333,82.0,4.0,0.6,84.2,3.3,2.0,19.0,11.0,-0.28850574712643673,-0.19999999999999996,-5.931034482758619,-11.100000000000009,-8.413793103448276,-12.3,0.0
2019,1021900180,2019-08-29,1611661325,Indiana Fever,0,83,0.36666666666666664,76.4,-3.7666666666666666,0.5,74.7,-6.7,2.0,11.0,19.0,1611661320,Los Angeles Sparks,1,87,0.6206896551724138,79.3103448275862,1.5517241379310345,0.7,81.5,3.9,2.0,18.0,11.0,-0.25402298850574717,-0.19999999999999996,-2.9103448275862007,-6.799999999999997,-5.318390804597701,-10.6,0.0
2019,1021900200,2019-09-08,1611661325,Indiana Fever,1,104,0.36363636363636365,76.78787878787878,-3.6363636363636362,0.4,76.5,-6.9,2.0,12.0,21.0,1611661323,Connecticut Sun,0,76,0.696969696969697,80.96969696969697,3.8181818181818183,0.7,86.6,5.6,2.0,23.0,10.0,-0.33333333333333337,-0.29999999999999993,-4.181818181818187,-10.099999999999994,-7.454545454545455,-12.5,0.0
2019,1021900018,2019-06-04,1611661328,Seattle Storm,1,84,0.5,74.75,2.5,0.5,74.75,2.5,3.0,2.0,2.0,1611661324,Minnesota Lynx,0,77,1.0,77.0,10.666666666666666,1.0,77.0,10.666666666666666,3.0,3.0,0.0,-0.5,-0.5,-2.25,-2.25,-8.166666666666666,-8.166666666666666,0.0
2019,1021900052,2019-06-21,1611661328,Seattle Storm,1,84,0.5555555555555556,75.44444444444444,0.1111111111111111,0.5555555555555556,75.44444444444444,0.1111111111111111,5.0,5.0,4.0,1611661320,Los Angeles Sparks,0,62,0.5,77.5,-3.375,0.5,77.5,-3.375,3.0,4.0,4.0,0.05555555555555558,0.05555555555555558,-2.055555555555557,-2.055555555555557,3.486111111111111,3.486111111111111,2.0
2019,1021900058,2019-06-23,1611661328,Seattle Storm,1,65,0.6,76.3,2.3,0.6,76.3,2.3,2.0,6.0,4.0,1611661325,Indiana Fever,0,61,0.5,79.2,0.6,0.5,79.2,0.6,2.0,5.0,5.0,0.09999999999999998,0.09999999999999998,-2.9000000000000057,-2.9000000000000057,1.6999999999999997,1.6999999999999997,0.0
2019,1021900066,2019-06-28,1611661328,Seattle Storm,1,79,0.5833333333333334,73.66666666666667,1.9166666666666667,0.6,74.6,2.5,3.0,7.0,5.0,1611661329,Chicago Sky,0,76,0.6,79.6,0.0,0.6,79.6,0.0,2.0,6.0,4.0,-0.016666666666666607,0.0,-5.933333333333323,-5.0,1.9166666666666667,2.5,1.0
2019,1021900072,2019-06-30,1611661328,Seattle Storm,0,67,0.6153846153846154,74.07692307692308,2.0,0.6,74.3,1.2,2.0,8.0,5.0,1611661317,Phoenix Mercury,1,69,0.4444444444444444,74.88888888888889,-1.0,0.4444444444444444,74.88888888888889,-1.0,2.0,4.0,5.0,0.170940170940171,0.15555555555555556,-0.8119658119658055,-0.5888888888888886,3.0,2.2,0.0
2019,1021900075,2019-07-03,1611661328,Seattle Storm,0,83,0.5714285714285714,73.57142857142857,1.7142857142857142,0.6,73.1,1.4,3.0,8.0,6.0,1611661313,New York Liberty,1,84,0.4166666666666667,79.16666666666667,-3.5833333333333335,0.5,79.3,-2.7,3.0,5.0,7.0,0.1547619047619047,0.09999999999999998,-5.595238095238102,-6.200000000000003,5.2976190476190474,4.1,0.0
2019,1021900078,2019-07-05,1611661328,Seattle Storm,0,66,0.5333333333333333,74.2,1.5333333333333334,0.5,73.0,0.6,2.0,8.0,7.0,1611661330,Atlanta Dream,1,77,0.18181818181818182,69.9090909090909,-11.0,0.1,69.3,-12.5,3.0,2.0,9.0,0.3515151515151515,0.4,4.290909090909096,3.700000000000003,12.533333333333333,13.1,-1.0
2019,1021900094,2019-07-12,1611661328,Seattle Storm,1,95,0.5,73.6875,0.75,0.5,72.5,0.2,7.0,8.0,8.0,1611661321,Dallas Wings,0,81,0.35714285714285715,69.42857142857143,-4.285714285714286,0.5,70.7,-1.4,3.0,5.0,9.0,0.14285714285714285,0.0,4.258928571428569,1.7999999999999972,5.035714285714286,1.5999999999999999,4.0
2019,1021900100,2019-07-14,1611661328,Seattle Storm,1,78,0.5294117647058824,74.94117647058823,1.5294117647058822,0.5,73.6,1.4,2.0,9.0,8.0,1611661313,New York Liberty,0,69,0.4375,78.4375,-5.375,0.5,77.7,-7.2,2.0,7.0,9.0,0.09191176470588236,0.0,-3.496323529411768,-4.1000000000000085,6.904411764705882,8.6,0.0
2019,1021900107,2019-07-19,1611661328,Seattle Storm,1,69,0.5789473684210527,75.89473684210526,2.4210526315789473,0.6,76.3,4.5,2.0,11.0,8.0,1611661319,Las Vegas Aces,0,66,0.6470588235294118,82.0,4.0,0.7,80.3,1.0,6.0,11.0,6.0,-0.06811145510835914,-0.09999999999999998,-6.10526315789474,-4.0,-1.5789473684210527,3.5,-4.0
2019,1021900125,2019-08-02,1611661328,Seattle Storm,0,79,0.5714285714285714,74.9047619047619,1.5238095238095237,0.5,74.5,0.5,10.0,12.0,9.0,1611661322,Washington Mystics,1,99,0.7,86.85,9.9,0.7,87.8,8.4,3.0,14.0,6.0,-0.12857142857142856,-0.19999999999999996,-11.945238095238096,-13.299999999999997,-8.376190476190477,-7.9,7.0
2019,1021900136,2019-08-08,1611661328,Seattle Storm,1,69,0.5217391304347826,75.08695652173913,0.17391304347826086,0.4,76.4,-2.2,4.0,12.0,11.0,1611661321,Dallas Wings,0,57,0.2727272727272727,69.86363636363636,-5.090909090909091,0.2,70.5,-5.2,5.0,6.0,16.0,0.2490118577075099,0.2,5.223320158102766,5.900000000000006,5.264822134387352,3.0,-1.0
2019,1021900159,2019-08-18,1611661328,Seattle Storm,1,82,0.5185185185185185,74.70370370370371,0.037037037037037035,0.5,74.3,-2.5,2.0,14.0,13.0,1611661324,Minnesota Lynx,0,74,0.5,77.34615384615384,1.6923076923076923,0.4,79.4,1.2,2.0,13.0,13.0,0.01851851851851849,0.09999999999999998,-2.64245014245013,-5.1000000000000085,-1.6552706552706553,-3.7,0.0
2019,1021900174,2019-08-25,1611661328,Seattle Storm,0,54,0.5357142857142857,74.96428571428571,0.32142857142857145,0.5,74.7,-2.6,7.0,15.0,13.0,1611661325,Indiana Fever,1,63,0.32142857142857145,76.53571428571429,-4.892857142857143,0.3,75.6,-10.6,3.0,9.0,19.0,0.21428571428571425,0.2,-1.5714285714285836,-0.8999999999999915,5.214285714285714,8.0,4.0
2019,1021900179,2019-08-27,1611661328,Seattle Storm,0,70,0.5172413793103449,74.24137931034483,0.0,0.4,71.1,-4.6,2.0,15.0,14.0,1611661323,Connecticut Sun,1,89,0.6896551724137931,78.72413793103448,2.4827586206896552,0.7,79.6,-0.3,2.0,20.0,9.0,-0.1724137931034483,-0.29999999999999993,-4.482758620689651,-8.5,-2.4827586206896552,-4.3,0.0
2019,1021900188,2019-09-01,1611661328,Seattle Storm,1,92,0.5,74.1,-0.6333333333333333,0.3,71.2,-6.8,5.0,15.0,15.0,1611661330,Atlanta Dream,0,75,0.23333333333333334,71.5,-7.633333333333334,0.2,75.1,-5.2,3.0,7.0,23.0,0.26666666666666666,0.09999999999999998,2.5999999999999943,-3.8999999999999915,7.0,-1.5999999999999996,2.0
2019,1021900030,2019-06-09,1611661329,Chicago Sky,1,78,0.3333333333333333,79.66666666666667,-10.666666666666666,0.3333333333333333,79.66666666666667,-10.666666666666666,4.0,1.0,2.0,1611661328,Seattle Storm,0,71,0.6,76.6,3.4,0.6,76.6,3.4,5.0,3.0,2.0,-0.26666666666666666,-0.26666666666666666,3.066666666666677,3.066666666666677,-14.066666666666666,-14.066666666666666,-1.0
2019,1021900033,2019-06-11,1611661329,Chicago Sky,1,82,0.5,79.25,-6.25,0.5,79.25,-6.25,2.0,2.0,2.0,1611661317,Phoenix Mercury,0,75,0.5,76.0,-0.5,0.5,76.0,-0.5,2.0,2.0,2.0,0.0,0.0,3.25,3.25,-5.75,-5.75,0.0
2019,1021900051,2019-06-21,1611661329,Chicago Sky,0,69,0.7142857142857143,80.0,-0.5714285714285714,0.7142857142857143,80.0,-0.5714285714285714,2.0,5.0,2.0,1611661325,Indiana Fever,1,76,0.4444444444444444,79.55555555555556,-0.1111111111111111,0.4444444444444444,79.55555555555556,-0.1111111111111111,2.0,4.0,5.0,0.2698412698412699,0.2698412698412699,0.44444444444444287,0.44444444444444287,-0.4603174603174603,-0.4603174603174603,0.0
2019,1021900056,2019-06-23,1611661329,Chicago Sky,1,93,0.625,78.625,-1.375,0.625,78.625,-1.375,2.0,5.0,3.0,1611661323,Connecticut Sun,0,75,0.9,81.1,7.9,0.9,81.1,7.9,2.0,9.0,1.0,-0.275,-0.275,-2.4749999999999943,-2.4749999999999943,-9.275,-9.275,0.0
2019,1021900061,2019-06-26,1611661329,Chicago Sky,0,74,0.6666666666666666,80.22222222222223,0.7777777777777778,0.6666666666666666,80.22222222222223,0.7777777777777778,3.0,6.0,3.0,1611661322,Washington Mystics,1,81,0.7,85.9,11.4,0.7,85.9,11.4,3.0,7.0,3.0,-0.033333333333333326,-0.033333333333333326,-5.677777777777777,-5.677777777777777,-10.622222222222222,-10.622222222222222,0.0
2019,1021900083,2019-07-07,1611661329,Chicago Sky,1,78,0.46153846153846156,78.6923076923077,-2.769230769230769,0.5,78.4,-0.4,5.0,6.0,7.0,1611661321,Dallas Wings,0,66,0.3333333333333333,69.33333333333333,-5.0,0.4,69.3,-5.3,2.0,4.0,8.0,0.12820512820512825,0.09999999999999998,9.358974358974365,9.100000000000009,2.230769230769231,4.8999999999999995,3.0
2019,1021900089,2019-07-10,1611661329,Chicago Sky,0,72,0.5,78.64285714285714,-1.7142857142857142,0.5,78.4,0.1,3.0,7.0,7.0,1611661324,Minnesota Lynx,1,73,0.5714285714285714,77.92857142857143,2.7142857142857144,0.5,78.3,1.3,4.0,8.0,6.0,-0.0714285714285714,0.0,0.7142857142857082,0.10000000000000853,-4.428571428571429,-1.2,-1.0
2019,1021900093,2019-07-12,1611661329,Chicago Sky,1,99,0.4666666666666667,78.2,-1.6666666666666667,0.4,77.4,-0.7,2.0,7.0,8.0,1611661313,New York Liberty,0,83,0.4666666666666667,78.13333333333334,-4.666666666666667,0.6,76.9,-5.0,5.0,7.0,8.0,0.0,-0.19999999999999996,0.06666666666666288,0.5,3.0,4.3,-3.0
2019,1021900101,2019-07-17,1611661329,Chicago Sky,1,77,0.5294117647058824,80.05882352941177,0.058823529411764705,0.4,80.1,0.5,3.0,9.0,8.0,1611661330,Atlanta Dream,0,76,0.3125,69.875,-6.6875,0.4,71.2,-3.5,3.0,5.0,11.0,0.21691176470588236,0.0,10.183823529411768,8.899999999999991,6.7463235294117645,4.0,0.0
2019,1021900111,2019-07-21,1611661329,Chicago Sky,1,78,0.5555555555555556,79.88888888888889,0.1111111111111111,0.5,80.9,1.3,4.0,10.0,8.0,1611661325,Indiana Fever,0,70,0.3157894736842105,77.63157894736842,-2.0,0.2,75.9,-3.7,2.0,6.0,13.0,0.23976608187134507,0.3,2.257309941520461,5.0,2.111111111111111,5.0,2.0
2019,1021900133,2019-08-07,1611661329,Chicago Sky,1,101,0.5714285714285714,80.80952380952381,0.7619047619047619,0.6,82.5,1.9,4.0,12.0,9.0,1611661313,New York Liberty,0,92,0.38095238095238093,76.80952380952381,-6.428571428571429,0.4,73.7,-7.6,3.0,8.0,13.0,0.19047619047619047,0.19999999999999996,4.0,8.799999999999997,7.190476190476191,9.5,1.0
2019,1021900151,2019-08-16,1611661329,Chicago Sky,1,91,0.5833333333333334,81.91666666666667,1.0416666666666667,0.7,86.5,4.9,5.0,14.0,10.0,1611661320,Los Angeles Sparks,0,81,0.625,78.75,1.2083333333333333,0.8,79.6,4.6,2.0,15.0,9.0,-0.04166666666666663,-0.10000000000000009,3.1666666666666714,6.900000000000006,-0.16666666666666652,0.3000000000000007,3.0
2019,1021900157,2019-08-18,1611661329,Chicago Sky,0,85,0.6,82.28,1.4,0.8,88.4,6.0,2.0,15.0,10.0,1611661319,Las Vegas Aces,1,100,0.6538461538461539,81.3076923076923,4.8076923076923075,0.7,80.5,6.1,5.0,17.0,9.0,-0.05384615384615388,0.10000000000000009,0.9723076923076945,7.900000000000006,-3.4076923076923076,-0.09999999999999964,-3.0
2019,1021900168,2019-08-23,1611661329,Chicago Sky,1,85,0.5925925925925926,82.55555555555556,0.8888888888888888,0.7,86.8,2.3,3.0,16.0,11.0,1611661322,Washington Mystics,0,78,0.7407407407407407,88.55555555555556,11.407407407407407,0.9,92.5,15.2,5.0,20.0,7.0,-0.14814814814814814,-0.20000000000000007,-6.0,-5.700000000000003,-10.518518518518517,-12.899999999999999,-2.0
2019,1021900181,2019-08-29,1611661329,Chicago Sky,0,83,0.6,83.1,1.0333333333333334,0.7,88.3,2.7,2.0,18.0,12.0,1611661321,Dallas Wings,1,88,0.3103448275862069,70.75862068965517,-4.793103448275862,0.4,72.6,-4.1,4.0,9.0,20.0,0.28965517241379307,0.29999999999999993,12.34137931034482,15.700000000000003,5.826436781609195,6.8,-2.0
2019,1021900186,2019-09-01,1611661329,Chicago Sky,1,105,0.5806451612903226,83.09677419354838,0.8387096774193549,0.6,87.9,1.0,3.0,18.0,13.0,1611661317,Phoenix Mercury,0,78,0.5,76.5,0.8,0.5,80.5,2.3,3.0,15.0,15.0,0.08064516129032262,0.09999999999999998,6.596774193548384,7.400000000000006,0.03870967741935483,-1.2999999999999998,0.0
2019,1021900020,2019-06-06,1611661330,Atlanta Dream,0,69,0.3333333333333333,72.33333333333333,-11.0,0.3333333333333333,72.33333333333333,-11.0,5.0,1.0,2.0,1611661319,Las Vegas Aces,1,92,0.3333333333333333,80.33333333333333,1.6666666666666667,0.3333333333333333,80.33333333333333,1.6666666666666667,4.0,1.0,2.0,0.0,0.0,-8.0,-8.0,-12.666666666666666,-12.666666666666666,1.0
2019,1021900026,2019-06-09,1611661330,Atlanta Dream,0,59,0.25,71.5,-14.0,0.25,71.5,-14.0,3.0,1.0,3.0,1611661323,Connecticut Sun,1,65,0.8,82.2,7.4,0.8,82.2,7.4,3.0,4.0,1.0,-0.55,-0.55,-10.700000000000003,-10.700000000000003,-21.4,-21.4,0.0
2019,1021900046,2019-06-19,1611661330,Atlanta Dream,1,88,0.16666666666666666,67.66666666666667,-12.0,0.16666666666666666,67.66666666666667,-12.0,4.0,1.0,5.0,1611661325,Indiana Fever,0,78,0.5,79.75,1.125,0.5,79.75,1.125,4.0,4.0,4.0,-0.33333333333333337,-0.33333333333333337,-12.083333333333329,-12.083333333333329,-13.125,-13.125,0.0
2019,1021900055,2019-06-23,1611661330,Atlanta Dream,0,73,0.25,71.25,-9.0,0.25,71.25,-9.0,2.0,2.0,6.0,1611661322,Washington Mystics,1,89,0.6666666666666666,85.55555555555556,10.88888888888889,0.6666666666666666,85.55555555555556,10.88888888888889,3.0,6.0,3.0,-0.41666666666666663,-0.41666666666666663,-14.305555555555557,-14.305555555555557,-19.88888888888889,-19.88888888888889,-1.0
2019,1021900069,2019-06-30,1611661330,Atlanta Dream,0,58,0.2222222222222222,71.44444444444444,-9.777777777777779,0.2222222222222222,71.44444444444444,-9.777777777777779,7.0,2.0,7.0,1611661313,New York Liberty,1,74,0.36363636363636365,79.63636363636364,-5.363636363636363,0.4,79.6,-5.8,2.0,4.0,7.0,-0.14141414141414144,-0.1777777777777778,-8.191919191919197,-8.155555555555551,-4.414141414141415,-3.9777777777777787,5.0
2019,1021900086,2019-07-10,1611661330,Atlanta Dream,1,78,0.23076923076923078,69.92307692307692,-8.615384615384615,0.2,69.2,-7.9,3.0,3.0,10.0,1611661323,Connecticut Sun,0,75,0.6428571428571429,77.78571428571429,1.0,0.6,76.7,-1.1,4.0,9.0,5.0,-0.4120879120879121,-0.39999999999999997,-7.862637362637372,-7.5,-9.615384615384615,-6.800000000000001,-1.0
2019,1021900091,2019-07-12,1611661330,Atlanta Dream,1,60,0.2857142857142857,70.5,-7.785714285714286,0.3,70.1,-5.3,2.0,4.0,10.0,1611661324,Minnesota Lynx,0,53,0.6,77.6,2.6,0.5,79.8,1.2,2.0,9.0,6.0,-0.3142857142857143,-0.2,-7.099999999999994,-9.700000000000003,-10.385714285714286,-6.5,0.0
2019,1021900096,2019-07-14,1611661330,Atlanta Dream,0,71,0.3333333333333333,69.8,-6.8,0.4,70.2,-4.0,2.0,5.0,10.0,1611661320,Los Angeles Sparks,1,76,0.5333333333333333,78.93333333333334,-0.7333333333333333,0.5,79.3,-0.2,2.0,8.0,7.0,-0.2,-0.09999999999999998,-9.13333333333334,-9.099999999999994,-6.066666666666666,-3.8,0.0
2019,1021900113,2019-07-23,1611661330,Atlanta Dream,0,66,0.2631578947368421,69.89473684210526,-8.68421052631579,0.3,68.5,-7.7,2.0,5.0,14.0,1611661320,Los Angeles Sparks,1,78,0.5555555555555556,78.16666666666667,-0.3333333333333333,0.6,78.7,2.1,3.0,10.0,8.0,-0.2923976608187135,-0.3,-8.271929824561411,-10.200000000000003,-8.350877192982455,-9.8,-1.0
2019,1021900126,2019-08-03,1611661330,Atlanta Dream,0,75,0.23809523809523808,69.19047619047619,-8.523809523809524,0.3,68.4,-5.8,3.0,5.0,16.0,1611661329,Chicago Sky,1,87,0.55,80.5,0.2,0.5,81.4,0.4,4.0,11.0,9.0,-0.31190476190476196,-0.2,-11.30952380952381,-13.0,-8.723809523809523,-6.2,-1.0
2019,1021900132,2019-08-06,1611661330,Atlanta Dream,0,69,0.22727272727272727,69.45454545454545,-8.681818181818182,0.2,68.2,-8.1,3.0,5.0,17.0,1611661324,Minnesota Lynx,1,85,0.47619047619047616,75.76190476190476,0.47619047619047616,0.4,74.5,-1.1,3.0,10.0,11.0,-0.2489177489177489,-0.2,-6.307359307359306,-6.299999999999997,-9.158008658008658,-7.0,0.0
2019,1021900160,2019-08-20,1611661330,Atlanta Dream,0,83,0.19230769230769232,70.65384615384616,-8.653846153846153,0.0,71.9,-11.8,4.0,5.0,21.0,1611661329,Chicago Sky,1,87,0.5769230769230769,82.38461538461539,0.7692307692307693,0.7,87.0,2.9,2.0,15.0,11.0,-0.3846153846153846,-0.7,-11.730769230769226,-15.099999999999994,-9.423076923076923,-14.700000000000001,2.0
2019,1021900182,2019-08-29,1611661330,Atlanta Dream,0,58,0.2413793103448276,71.96551724137932,-7.655172413793103,0.2,75.9,-5.7,4.0,7.0,22.0,1611661317,Phoenix Mercury,1,65,0.4827586206896552,76.89655172413794,0.5862068965517241,0.4,80.2,1.0,2.0,14.0,15.0,-0.2413793103448276,-0.2,-4.931034482758619,-4.299999999999997,-8.241379310344827,-6.7,2.0
2019,1021900193,2019-09-05,1611661330,Atlanta Dream,1,78,0.21875,71.25,-8.0,0.2,75.2,-6.5,2.0,7.0,25.0,1611661319,Las Vegas Aces,0,74,0.625,81.96875,3.46875,0.6,85.1,0.0,5.0,20.0,12.0,-0.40625,-0.39999999999999997,-10.71875,-9.899999999999991,-11.46875,-6.5,-3.0
2019,1021900199,2019-09-08,1611661330,Atlanta Dream,0,63,0.24242424242424243,71.45454545454545,-7.636363636363637,0.3,76.1,-4.5,3.0,8.0,25.0,1611661313,New York Liberty,1,71,0.2727272727272727,77.60606060606061,-7.787878787878788,0.1,78.7,-9.8,2.0,9.0,24.0,-0.030303030303030276,0.19999999999999998,-6.151515151515156,-2.6000000000000085,0.15151515151515138,5.300000000000001,1.0
2020,1022001022,2020-08-02,1611661313,New York Liberty,0,67,0.0,76.33333333333333,-11.666666666666666,0.0,76.33333333333333,-11.666666666666666,2.0,0.0,3.0,1611661317,Phoenix Mercury,1,96,0.3333333333333333,92.66666666666667,-7.333333333333333,0.3333333333333333,92.66666666666667,-7.333333333333333,2.0,1.0,2.0,-0.3333333333333333,-0.3333333333333333,-16.333333333333343,-16.333333333333343,-4.333333333333333,-4.333333333333333,0.0
2020,1022001028,2020-08-05,1611661313,New York Liberty,0,66,0.0,74.0,-16.0,0.0,74.0,-16.0,3.0,0.0,4.0,1611661324,Minnesota Lynx,1,92,0.75,76.0,-1.25,0.75,76.0,-1.25,4.0,3.0,1.0,-0.75,-0.75,-2.0,-2.0,-14.75,-14.75,-1.0
2020,1022001040,2020-08-09,1611661313,New York Liberty,0,76,0.16666666666666666,72.66666666666667,-13.666666666666666,0.16666666666666666,72.66666666666667,-13.666666666666666,2.0,1.0,5.0,1611661319,Las Vegas Aces,1,78,0.6666666666666666,88.16666666666667,6.666666666666667,0.6666666666666666,88.16666666666667,6.666666666666667,2.0,4.0,2.0,-0.5,-0.5,-15.5,-15.5,-20.333333333333332,-20.333333333333332,0.0
2020,1022001052,2020-08-13,1611661313,New York Liberty,0,79,0.125,73.75,-12.375,0.125,73.75,-12.375,2.0,1.0,7.0,1611661325,Indiana Fever,1,86,0.375,84.125,-4.5,0.375,84.125,-4.5,2.0,3.0,5.0,-0.25,-0.25,-10.375,-10.375,-7.875,-7.875,0.0
2020,1022001070,2020-08-20,1611661313,New York Liberty,0,85,0.09090909090909091,72.45454545454545,-16.09090909090909,0.1,72.6,-16.1,2.0,1.0,10.0,1611661329,Chicago Sky,1,101,0.6666666666666666,85.91666666666667,3.6666666666666665,0.6,84.7,2.4,2.0,8.0,4.0,-0.5757575757575757,-0.5,-13.462121212121218,-12.100000000000009,-19.757575757575758,-18.5,0.0
2020,1022001100,2020-09-01,1611661313,New York Liberty,0,65,0.13333333333333333,74.06666666666666,-15.0,0.2,74.9,-13.5,3.0,2.0,13.0,1611661323,Connecticut Sun,1,70,0.4375,79.3125,-0.125,0.6,80.1,1.5,2.0,7.0,9.0,-0.3041666666666667,-0.39999999999999997,-5.245833333333337,-5.199999999999989,-14.875,-15.0,1.0
2020,1022001106,2020-09-03,1611661313,New York Liberty,0,56,0.125,73.5,-14.375,0.1,74.0,-14.8,2.0,2.0,14.0,1611661330,Atlanta Dream,1,62,0.23529411764705882,81.3529411764706,-8.882352941176471,0.2,80.6,-10.3,2.0,4.0,13.0,-0.11029411764705882,-0.1,-7.852941176470594,-6.599999999999994,-5.492647058823529,-4.5,0.0
2020,1022001118,2020-09-08,1611661313,New York Liberty,0,70,0.1111111111111111,72.16666666666667,-14.0,0.1,70.9,-15.3,3.0,2.0,16.0,1611661320,Los Angeles Sparks,1,96,0.7368421052631579,85.78947368421052,5.105263157894737,0.8,85.8,3.8,2.0,14.0,5.0,-0.6257309941520468,-0.7000000000000001,-13.622807017543849,-14.899999999999991,-19.105263157894736,-19.1,1.0
2020,1022001130,2020-09-12,1611661313,New York Liberty,0,58,0.1,72.2,-14.4,0.1,71.1,-15.2,2.0,2.0,18.0,1611661322,Washington Mystics,1,75,0.35,80.0,-2.9,0.4,81.8,-3.1,2.0,7.0,13.0,-0.24999999999999997,-0.30000000000000004,-7.799999999999997,-10.700000000000003,-11.5,-12.1,0.0
2020,1022001089,2020-09-13,1611661313,New York Liberty,0,79,0.09523809523809523,71.52380952380952,-14.523809523809524,0.1,70.5,-12.8,1.0,2.0,19.0,1611661321,Dallas Wings,1,82,0.3333333333333333,83.47619047619048,-3.857142857142857,0.3,88.2,-3.4,2.0,7.0,14.0,-0.23809523809523808,-0.19999999999999998,-11.952380952380963,-17.700000000000003,-10.666666666666666,-9.4,-1.0
2020,1022001033,2020-08-06,1611661317,Phoenix Mercury,1,96,0.6,91.0,2.8,0.6,91.0,2.8,2.0,3.0,2.0,1611661329,Chicago Sky,0,86,0.8,87.0,4.6,0.8,87.0,4.6,2.0,4.0,1.0,-0.20000000000000007,-0.20000000000000007,4.0,4.0,-1.7999999999999998,-1.7999999999999998,0.0
2020,1022001057,2020-08-14,1611661317,Phoenix Mercury,1,96,0.5555555555555556,86.77777777777777,1.3333333333333333,0.5555555555555556,86.77777777777777,1.3333333333333333,2.0,5.0,4.0,1611661330,Atlanta Dream,0,80,0.2222222222222222,80.22222222222223,-10.666666666666666,0.2222222222222222,80.22222222222223,-10.666666666666666,2.0,2.0,7.0,0.33333333333333337,0.33333333333333337,6.555555555555543,6.555555555555543,12.0,12.0,0.0
2020,1022001063,2020-08-16,1611661317,Phoenix Mercury,0,89,0.6,87.7,2.8,0.6,87.7,2.8,2.0,6.0,4.0,1611661321,Dallas Wings,1,95,0.3,77.6,-5.3,0.3,77.6,-5.3,2.0,3.0,7.0,0.3,0.3,10.100000000000009,10.100000000000009,8.1,8.1,0.0
2020,1022001075,2020-08-21,1611661317,Phoenix Mercury,0,80,0.5,86.66666666666667,1.0833333333333333,0.6,86.4,4.2,2.0,6.0,6.0,1611661324,Minnesota Lynx,1,90,0.7272727272727273,81.27272727272727,5.363636363636363,0.7,81.7,5.1,2.0,8.0,3.0,-0.2272727272727273,-0.09999999999999998,5.393939393939405,4.700000000000003,-4.28030303030303,-0.8999999999999995,0.0
2020,1022001093,2020-08-28,1611661317,Phoenix Mercury,1,94,0.5,86.28571428571429,0.2857142857142857,0.5,83.4,-0.3,5.0,7.0,7.0,1611661322,Washington Mystics,0,72,0.3076923076923077,81.46153846153847,-2.3076923076923075,0.1,77.5,-7.8,5.0,4.0,9.0,0.1923076923076923,0.4,4.824175824175825,5.900000000000006,2.593406593406593,7.5,0.0
2020,1022001108,2020-09-03,1611661317,Phoenix Mercury,1,105,0.5882352941176471,86.88235294117646,2.176470588235294,0.6,85.8,1.9,2.0,10.0,7.0,1611661325,Indiana Fever,0,81,0.29411764705882354,81.29411764705883,-7.176470588235294,0.2,78.8,-10.5,2.0,5.0,12.0,0.29411764705882354,0.39999999999999997,5.588235294117638,7.0,9.352941176470589,12.4,0.0
2020,1022001114,2020-09-05,1611661317,Phoenix Mercury,1,83,0.6111111111111112,87.88888888888889,3.388888888888889,0.6,87.2,3.1,2.0,11.0,7.0,1611661313,New York Liberty,0,67,0.11764705882352941,72.47058823529412,-13.882352941176471,0.1,72.0,-15.2,2.0,2.0,15.0,0.4934640522875817,0.5,15.41830065359477,15.200000000000003,17.27124183006536,18.3,0.0
2020,1022001087,2020-09-07,1611661317,Phoenix Mercury,0,70,0.631578947368421,87.63157894736842,4.052631578947368,0.7,88.4,6.5,2.0,12.0,7.0,1611661323,Connecticut Sun,1,85,0.47368421052631576,79.63157894736842,0.3684210526315789,0.6,78.9,1.6,2.0,9.0,10.0,0.15789473684210525,0.09999999999999998,8.0,9.5,3.6842105263157894,4.9,0.0
2020,1022001129,2020-09-11,1611661317,Phoenix Mercury,0,60,0.6190476190476191,87.38095238095238,3.1904761904761907,0.7,86.9,4.5,2.0,13.0,8.0,1611661328,Seattle Storm,1,83,0.85,87.95,11.65,0.8,90.4,11.2,2.0,17.0,3.0,-0.2309523809523809,-0.10000000000000009,-0.5690476190476232,-3.5,-8.459523809523809,-6.699999999999999,0.0
2020,1022001024,2020-08-02,1611661319,Las Vegas Aces,1,79,0.3333333333333333,93.66666666666667,7.0,0.3333333333333333,93.66666666666667,7.0,2.0,1.0,2.0,1611661321,Dallas Wings,0,70,0.6666666666666666,88.0,2.0,0.6666666666666666,88.0,2.0,2.0,2.0,1.0,-0.3333333333333333,-0.3333333333333333,5.666666666666671,5.666666666666671,5.0,5.0,0.0
2020,1022001036,2020-08-07,1611661319,Las Vegas Aces,1,86,0.6,88.6,7.2,0.6,88.6,7.2,2.0,3.0,2.0,1611661320,Los Angeles Sparks,0,82,0.6,83.8,3.0,0.6,83.8,3.0,2.0,3.0,2.0,0.0,0.0,4.799999999999997,4.799999999999997,4.2,4.2,0.0
2020,1022001054,2020-08-13,1611661319,Las Vegas Aces,1,87,0.75,88.125,7.625,0.75,88.125,7.625,2.0,6.0,2.0,1611661324,Minnesota Lynx,0,77,0.75,79.0,4.0,0.75,79.0,4.0,2.0,6.0,2.0,0.0,0.0,9.125,9.125,3.625,3.625,0.0
2020,1022001060,2020-08-15,1611661319,Las Vegas Aces,1,88,0.7777777777777778,88.0,7.888888888888889,0.7777777777777778,88.0,7.888888888888889,2.0,7.0,2.0,1611661322,Washington Mystics,0,73,0.3333333333333333,78.77777777777777,-1.3333333333333333,0.3333333333333333,78.77777777777777,-1.3333333333333333,2.0,3.0,6.0,0.4444444444444445,0.4444444444444445,9.222222222222229,9.222222222222229,9.222222222222223,9.222222222222223,0.0
2020,1022001072,2020-08-20,1611661319,Las Vegas Aces,1,99,0.7272727272727273,87.45454545454545,7.636363636363637,0.8,87.6,8.6,2.0,8.0,3.0,1611661323,Connecticut Sun,0,78,0.4166666666666667,79.75,-0.5833333333333334,0.5,79.9,0.6,2.0,5.0,7.0,0.3106060606060606,0.30000000000000004,7.704545454545453,7.699999999999989,8.21969696969697,8.0,0.0
2020,1022001078,2020-08-22,1611661319,Las Vegas Aces,1,82,0.75,88.41666666666667,8.75,0.8,87.5,7.7,2.0,9.0,3.0,1611661328,Seattle Storm,0,74,0.8461538461538461,87.61538461538461,13.76923076923077,0.9,89.1,15.7,2.0,11.0,2.0,-0.09615384615384615,-0.09999999999999998,0.8012820512820582,-1.5999999999999943,-5.01923076923077,-7.999999999999999,0.0
2020,1022001096,2020-08-29,1611661319,Las Vegas Aces,1,80,0.7857142857142857,88.5,8.357142857142858,0.9,87.9,8.7,4.0,11.0,3.0,1611661313,New York Liberty,0,63,0.14285714285714285,74.85714285714286,-14.857142857142858,0.2,75.2,-14.4,4.0,2.0,12.0,0.6428571428571428,0.7,13.642857142857139,12.700000000000003,23.214285714285715,23.1,0.0
2020,1022001102,2020-09-01,1611661319,Las Vegas Aces,0,85,0.8,87.93333333333334,8.933333333333334,0.9,87.6,9.8,3.0,12.0,3.0,1611661317,Phoenix Mercury,1,92,0.5625,86.5625,1.875,0.5,83.4,0.6,2.0,9.0,7.0,0.23750000000000004,0.4,1.3708333333333371,4.199999999999989,7.058333333333334,9.200000000000001,1.0
2020,1022001120,2020-09-08,1611661319,Las Vegas Aces,1,92,0.7777777777777778,88.11111111111111,8.444444444444445,0.8,88.1,9.1,3.0,14.0,4.0,1611661325,Indiana Fever,0,86,0.2631578947368421,81.05263157894737,-8.68421052631579,0.1,78.1,-13.6,3.0,5.0,14.0,0.5146198830409356,0.7000000000000001,7.058479532163744,10.0,17.128654970760234,22.7,0.0
2020,1022001030,2020-08-05,1611661320,Los Angeles Sparks,1,86,0.5,83.25,1.0,0.5,83.25,1.0,4.0,2.0,2.0,1611661325,Indiana Fever,0,75,0.5,87.0,-1.5,0.5,87.0,-1.5,3.0,2.0,2.0,0.0,0.0,-3.75,-3.75,2.5,2.5,1.0
2020,1022001042,2020-08-09,1611661320,Los Angeles Sparks,1,97,0.5,83.5,1.8333333333333333,0.5,83.5,1.8333333333333333,2.0,3.0,3.0,1611661324,Minnesota Lynx,0,81,0.8333333333333334,80.5,4.666666666666667,0.8333333333333334,80.5,4.666666666666667,2.0,5.0,1.0,-0.33333333333333337,-0.33333333333333337,3.0,3.0,-2.833333333333334,-2.833333333333334,0.0
2020,1022001048,2020-08-11,1611661320,Los Angeles Sparks,1,93,0.5714285714285714,85.42857142857143,3.857142857142857,0.5714285714285714,85.42857142857143,3.857142857142857,2.0,4.0,3.0,1611661313,New York Liberty,0,78,0.14285714285714285,73.14285714285714,-12.0,0.14285714285714285,73.14285714285714,-12.0,2.0,1.0,6.0,0.42857142857142855,0.42857142857142855,12.285714285714292,12.285714285714292,15.857142857142858,15.857142857142858,0.0
2020,1022001069,2020-08-19,1611661320,Los Angeles Sparks,1,83,0.7,86.2,7.3,0.7,86.2,7.3,4.0,7.0,3.0,1611661317,Phoenix Mercury,0,74,0.5454545454545454,87.81818181818181,2.0,0.6,89.0,4.5,3.0,6.0,5.0,0.15454545454545454,0.09999999999999998,-1.6181818181818102,-2.799999999999997,5.3,2.8,1.0
2020,1022001080,2020-08-23,1611661320,Los Angeles Sparks,1,84,0.75,86.5,7.5,0.8,86.1,8.5,2.0,9.0,3.0,1611661321,Dallas Wings,0,81,0.38461538461538464,81.23076923076923,-3.4615384615384617,0.3,79.2,-5.1,2.0,5.0,8.0,0.36538461538461536,0.5,5.269230769230774,6.8999999999999915,10.961538461538462,13.6,0.0
2020,1022001099,2020-08-30,1611661320,Los Angeles Sparks,1,84,0.7857142857142857,85.85714285714286,6.928571428571429,0.9,86.9,9.3,2.0,11.0,3.0,1611661330,Atlanta Dream,0,79,0.2,80.13333333333334,-10.533333333333333,0.1,79.2,-12.1,2.0,3.0,12.0,0.5857142857142856,0.8,5.723809523809521,7.700000000000003,17.461904761904762,21.4,0.0
2020,1022001111,2020-09-04,1611661320,Los Angeles Sparks,0,89,0.7647058823529411,85.58823529411765,5.411764705882353,0.9,85.7,6.5,2.0,13.0,4.0,1611661328,Seattle Storm,1,90,0.8235294117647058,85.82352941176471,12.058823529411764,0.8,87.6,15.7,2.0,14.0,3.0,-0.05882352941176472,0.09999999999999998,-0.235294117647058,-1.8999999999999915,-6.647058823529411,-9.2,0.0
2020,1022001117,2020-09-06,1611661320,Los Angeles Sparks,1,86,0.7222222222222222,85.77777777777777,5.055555555555555,0.8,85.3,4.9,2.0,13.0,5.0,1611661329,Chicago Sky,0,80,0.5789473684210527,86.52631578947368,3.4210526315789473,0.5,86.3,4.5,2.0,11.0,8.0,0.14327485380116955,0.30000000000000004,-0.7485380116959135,-1.0,1.634502923976608,0.40000000000000036,0.0
2020,1022001126,2020-09-10,1611661320,Los Angeles Sparks,0,72,0.75,86.3,6.15,0.8,86.4,5.0,2.0,15.0,5.0,1611661322,Washington Mystics,1,80,0.3157894736842105,80.0,-3.473684210526316,0.3,81.1,-5.4,2.0,6.0,13.0,0.4342105263157895,0.5,6.299999999999997,5.300000000000011,9.623684210526317,10.4,0.0
2020,1022001132,2020-09-12,1611661320,Los Angeles Sparks,0,70,0.7142857142857143,85.61904761904762,5.476190476190476,0.7,85.3,3.3,2.0,15.0,6.0,1611661319,Las Vegas Aces,1,84,0.8,89.1,8.65,0.8,90.2,8.7,2.0,16.0,4.0,-0.08571428571428574,-0.10000000000000009,-3.480952380952374,-4.900000000000006,-3.173809523809524,-5.3999999999999995,0.0
2020,1022001032,2020-08-06,1611661321,Dallas Wings,0,68,0.4,82.6,-1.2,0.4,82.6,-1.2,2.0,2.0,3.0,1611661323,Connecticut Sun,1,91,0.0,75.4,-8.0,0.0,75.4,-8.0,2.0,0.0,5.0,0.4,0.4,7.199999999999989,7.199999999999989,6.8,6.8,0.0
2020,1022001037,2020-08-08,1611661321,Dallas Wings,1,85,0.3333333333333333,80.16666666666667,-4.833333333333333,0.3333333333333333,80.16666666666667,-4.833333333333333,2.0,2.0,4.0,1611661330,Atlanta Dream,0,75,0.3333333333333333,83.66666666666667,-6.333333333333333,0.3333333333333333,83.66666666666667,-6.333333333333333,2.0,2.0,4.0,0.0,0.0,-3.5,-3.5,1.5,1.5,0.0
2020,1022001044,2020-08-10,1611661321,Dallas Wings,0,79,0.42857142857142855,80.85714285714286,-2.7142857142857144,0.42857142857142855,80.85714285714286,-2.7142857142857144,2.0,3.0,4.0,1611661317,Phoenix Mercury,1,91,0.5714285714285714,88.42857142857143,2.5714285714285716,0.5714285714285714,88.42857142857143,2.5714285714285716,2.0,4.0,3.0,-0.14285714285714285,-0.14285714285714285,-7.571428571428569,-7.571428571428569,-5.2857142857142865,-5.2857142857142865,0.0
2020,1022001056,2020-08-14,1611661321,Dallas Wings,0,65,0.3333333333333333,79.0,-3.888888888888889,0.3333333333333333,79.0,-3.888888888888889,2.0,3.0,6.0,1611661328,Seattle Storm,1,83,0.8888888888888888,85.77777777777777,11.444444444444445,0.8888888888888888,85.77777777777777,11.444444444444445,2.0,8.0,1.0,-0.5555555555555556,-0.5555555555555556,-6.7777777777777715,-6.7777777777777715,-15.333333333333334,-15.333333333333334,0.0
2020,1022001074,2020-08-21,1611661321,Dallas Wings,1,101,0.3333333333333333,79.58333333333333,-4.5,0.3,76.7,-5.7,2.0,4.0,8.0,1611661322,Washington Mystics,0,92,0.36363636363636365,80.0,-1.8181818181818181,0.3,77.9,-4.5,2.0,4.0,7.0,-0.03030303030303033,0.0,-0.4166666666666714,-1.2000000000000028,-2.6818181818181817,-1.2000000000000002,0.0
2020,1022001083,2020-08-25,1611661321,Dallas Wings,0,92,0.35714285714285715,81.21428571428571,-3.4285714285714284,0.3,80.3,-4.5,2.0,5.0,9.0,1611661319,Las Vegas Aces,1,96,0.7692307692307693,87.92307692307692,8.692307692307692,0.9,86.2,9.2,3.0,10.0,3.0,-0.4120879120879121,-0.6000000000000001,-6.708791208791212,-5.900000000000006,-12.12087912087912,-13.7,-1.0
2020,1022001104,2020-09-02,1611661321,Dallas Wings,0,83,0.375,81.9375,-3.0,0.4,83.0,-1.9,4.0,6.0,10.0,1611661320,Los Angeles Sparks,1,91,0.75,85.25,5.25,0.9,86.3,7.3,2.0,12.0,4.0,-0.375,-0.5,-3.3125,-3.299999999999997,-8.25,-9.2,2.0
2020,1022001110,2020-09-04,1611661321,Dallas Wings,0,75,0.35294117647058826,82.0,-3.2941176470588234,0.3,82.8,-3.7,2.0,6.0,11.0,1611661324,Minnesota Lynx,1,88,0.7058823529411765,82.82352941176471,5.411764705882353,0.7,84.4,8.0,2.0,12.0,5.0,-0.35294117647058826,-0.39999999999999997,-0.8235294117647101,-1.6000000000000085,-8.705882352941178,-11.7,0.0
2020,1022001128,2020-09-11,1611661321,Dallas Wings,0,88,0.35,83.25,-3.7,0.4,88.9,-2.1,2.0,7.0,13.0,1611661329,Chicago Sky,1,95,0.5238095238095238,86.33333333333333,2.4285714285714284,0.4,86.6,0.9,2.0,11.0,10.0,-0.17380952380952386,0.0,-3.0833333333333286,2.3000000000000114,-6.128571428571428,-3.0,0.0
2020,1022001029,2020-08-05,1611661322,Washington Mystics,0,77,0.75,92.5,11.5,0.75,92.5,11.5,4.0,3.0,1.0,1611661319,Las Vegas Aces,1,83,0.5,90.0,7.5,0.5,90.0,7.5,3.0,2.0,2.0,0.25,0.25,2.5,2.5,4.0,4.0,1.0
2020,1022001035,2020-08-07,1611661322,Washington Mystics,0,66,0.6,89.4,8.0,0.6,89.4,8.0,2.0,3.0,2.0,1611661313,New York Liberty,1,74,0.0,72.4,-18.0,0.0,72.4,-18.0,2.0,0.0,5.0,0.6,0.6,17.0,17.0,26.0,26.0,0.0
2020,1022001053,2020-08-13,1611661322,Washington Mystics,0,64,0.375,80.625,0.625,0.375,80.625,0.625,2.0,3.0,5.0,1611661320,Los Angeles Sparks,1,81,0.625,86.375,5.25,0.625,86.375,5.25,2.0,5.0,3.0,-0.25,-0.25,-5.75,-5.75,-4.625,-4.625,0.0
2020,1022001067,2020-08-19,1611661322,Washington Mystics,1,98,0.3,78.2,-2.7,0.3,78.2,-2.7,4.0,3.0,7.0,1611661330,Atlanta Dream,0,91,0.18181818181818182,79.0,-12.454545454545455,0.1,76.4,-14.7,3.0,2.0,9.0,0.11818181818181817,0.19999999999999998,-0.7999999999999972,1.7999999999999972,9.754545454545454,12.0,1.0
2020,1022001081,2020-08-23,1611661322,Washington Mystics,0,87,0.3333333333333333,81.0,-2.4166666666666665,0.2,77.7,-5.9,2.0,4.0,8.0,1611661317,Phoenix Mercury,1,88,0.46153846153846156,86.15384615384616,0.23076923076923078,0.5,84.2,2.5,2.0,6.0,7.0,-0.12820512820512825,-0.3,-5.15384615384616,-6.5,-2.6474358974358974,-8.4,0.0
2020,1022001097,2020-08-30,1611661322,Washington Mystics,0,63,0.2857142857142857,80.78571428571429,-3.7142857142857144,0.1,76.1,-9.8,2.0,4.0,10.0,1611661323,Connecticut Sun,1,76,0.4,79.53333333333333,-1.0,0.6,81.6,2.5,2.0,6.0,9.0,-0.11428571428571432,-0.5,1.2523809523809604,-5.5,-2.7142857142857144,-12.3,0.0
2020,1022001109,2020-09-04,1611661322,Washington Mystics,1,79,0.25,78.625,-4.5,0.1,74.5,-10.4,2.0,4.0,12.0,1611661329,Chicago Sky,0,69,0.6111111111111112,87.5,4.166666666666667,0.6,88.3,7.3,2.0,11.0,7.0,-0.36111111111111116,-0.5,-8.875,-13.799999999999997,-8.666666666666668,-17.7,0.0
2020,1022001115,2020-09-06,1611661322,Washington Mystics,0,94,0.29411764705882354,78.6470588235294,-3.6470588235294117,0.2,74.0,-8.7,2.0,5.0,12.0,1611661321,Dallas Wings,1,101,0.3333333333333333,81.61111111111111,-3.8333333333333335,0.3,82.4,-3.8,2.0,6.0,12.0,-0.039215686274509776,-0.09999999999999998,-2.9640522875817084,-8.400000000000006,0.1862745098039218,-4.8999999999999995,0.0
2020,1022001119,2020-09-08,1611661322,Washington Mystics,1,89,0.2777777777777778,79.5,-3.8333333333333335,0.2,78.6,-7.4,2.0,5.0,13.0,1611661324,Minnesota Lynx,0,86,0.6842105263157895,83.36842105263158,4.7368421052631575,0.7,87.5,6.8,2.0,13.0,6.0,-0.4064327485380117,-0.49999999999999994,-3.868421052631575,-8.900000000000006,-8.570175438596491,-14.2,0.0
2020,1022001019,2020-08-01,1611661323,Connecticut Sun,0,69,0.0,78.0,-6.0,0.0,78.0,-6.0,2.0,0.0,3.0,1611661324,Minnesota Lynx,1,78,0.6666666666666666,75.33333333333333,-4.666666666666667,0.6666666666666666,75.33333333333333,-4.666666666666667,2.0,2.0,1.0,-0.6666666666666666,-0.6666666666666666,2.6666666666666714,2.6666666666666714,-1.333333333333333,-1.333333333333333,0.0
2020,1022001039,2020-08-08,1611661323,Connecticut Sun,0,93,0.16666666666666666,78.0,-2.8333333333333335,0.16666666666666666,78.0,-2.8333333333333335,2.0,1.0,5.0,1611661329,Chicago Sky,1,100,0.6666666666666666,86.83333333333333,2.1666666666666665,0.6666666666666666,86.83333333333333,2.1666666666666665,2.0,4.0,2.0,-0.5,-0.5,-8.833333333333329,-8.833333333333329,-5.0,-5.0,0.0
2020,1022001049,2020-08-12,1611661323,Connecticut Sun,1,70,0.25,81.75,-1.625,0.25,81.75,-1.625,2.0,2.0,6.0,1611661321,Dallas Wings,0,66,0.375,80.625,-3.875,0.375,80.625,-3.875,2.0,3.0,5.0,-0.125,-0.125,1.125,1.125,2.25,2.25,0.0
2020,1022001062,2020-08-16,1611661323,Connecticut Sun,0,72,0.4,80.1,-0.6,0.4,80.1,-0.6,2.0,4.0,6.0,1611661328,Seattle Storm,1,95,0.9,85.5,12.1,0.9,85.5,12.1,2.0,9.0,1.0,-0.5,-0.5,-5.400000000000006,-5.400000000000006,-12.7,-12.7,0.0
2020,1022001064,2020-08-18,1611661323,Connecticut Sun,1,84,0.36363636363636365,79.36363636363636,-2.6363636363636362,0.4,80.4,-2.1,2.0,4.0,7.0,1611661325,Indiana Fever,0,62,0.4,83.5,-4.3,0.4,83.5,-4.3,3.0,4.0,6.0,-0.036363636363636376,0.0,-4.13636363636364,-3.0999999999999943,1.6636363636363636,2.1999999999999997,-1.0
2020,1022001077,2020-08-22,1611661323,Connecticut Sun,1,82,0.38461538461538464,79.61538461538461,-2.1538461538461537,0.5,80.1,-1.0,2.0,5.0,8.0,1611661313,New York Liberty,0,65,0.08333333333333333,73.5,-16.083333333333332,0.1,73.1,-16.4,2.0,1.0,11.0,0.3012820512820513,0.4,6.115384615384613,7.0,13.929487179487179,15.399999999999999,0.0
2020,1022001092,2020-08-28,1611661323,Connecticut Sun,0,76,0.42857142857142855,79.78571428571429,-0.7857142857142857,0.6,81.4,1.6,6.0,6.0,8.0,1611661320,Los Angeles Sparks,1,80,0.7692307692307693,86.3076923076923,7.153846153846154,0.8,86.4,8.3,5.0,10.0,3.0,-0.3406593406593407,-0.20000000000000007,-6.521978021978015,-5.0,-7.93956043956044,-6.700000000000001,1.0
2020,1022001107,2020-09-03,1611661323,Connecticut Sun,0,78,0.47058823529411764,78.76470588235294,0.17647058823529413,0.7,77.8,2.7,2.0,8.0,9.0,1611661319,Las Vegas Aces,1,93,0.75,87.75,7.9375,0.8,87.5,8.7,2.0,12.0,4.0,-0.27941176470588236,-0.10000000000000009,-8.985294117647058,-9.700000000000003,-7.761029411764706,-5.999999999999999,0.0
2020,1022001121,2020-09-09,1611661323,Connecticut Sun,0,95,0.5,79.9,1.1,0.6,79.7,2.8,2.0,10.0,10.0,1611661317,Phoenix Mercury,1,100,0.6,86.75,3.1,0.6,85.8,3.4,2.0,12.0,8.0,-0.09999999999999998,0.0,-6.849999999999994,-6.099999999999994,-2.0,-0.6000000000000001,0.0
2020,1022001127,2020-09-11,1611661323,Connecticut Sun,0,75,0.47619047619047616,80.61904761904762,0.8095238095238095,0.6,82.0,4.6,2.0,10.0,11.0,1611661330,Atlanta Dream,1,82,0.3,81.05,-7.35,0.4,81.9,-3.5,2.0,6.0,14.0,0.17619047619047618,0.19999999999999996,-0.43095238095237676,0.09999999999999432,8.15952380952381,8.1,0.0
2020,1022001034,2020-08-07,1611661324,Minnesota Lynx,1,87,0.8,79.2,4.2,0.8,79.2,4.2,2.0,4.0,1.0,1611661325,Indiana Fever,0,80,0.4,84.6,-3.4,0.4,84.6,-3.4,2.0,2.0,3.0,0.4,0.4,-5.3999999999999915,-5.3999999999999915,7.6,7.6,0.0
2020,1022001046,2020-08-11,1611661324,Minnesota Lynx,1,68,0.7142857142857143,80.57142857142857,1.7142857142857142,0.7142857142857143,80.57142857142857,1.7142857142857142,2.0,5.0,2.0,1611661322,Washington Mystics,0,48,0.42857142857142855,85.28571428571429,3.5714285714285716,0.42857142857142855,85.28571428571429,3.5714285714285716,2.0,3.0,4.0,0.28571428571428575,0.28571428571428575,-4.714285714285722,-4.714285714285722,-1.8571428571428574,-1.8571428571428574,0.0
2020,1022001059,2020-08-15,1611661324,Minnesota Lynx,1,94,0.6666666666666666,78.77777777777777,2.4444444444444446,0.6666666666666666,78.77777777777777,2.4444444444444446,2.0,6.0,3.0,1611661313,New York Liberty,0,64,0.1111111111111111,74.33333333333333,-11.777777777777779,0.1111111111111111,74.33333333333333,-11.777777777777779,2.0,1.0,8.0,0.5555555555555556,0.5555555555555556,4.444444444444443,4.444444444444443,14.222222222222223,14.222222222222223,0.0
2020,1022001068,2020-08-19,1611661324,Minnesota Lynx,1,91,0.7,80.3,5.2,0.7,80.3,5.2,4.0,7.0,3.0,1611661321,Dallas Wings,0,84,0.36363636363636365,79.18181818181819,-4.2727272727272725,0.4,77.6,-3.7,3.0,4.0,7.0,0.3363636363636363,0.29999999999999993,1.1181818181818102,2.700000000000003,9.472727272727273,8.9,1.0
2020,1022001079,2020-08-23,1611661324,Minnesota Lynx,0,75,0.75,82.0,5.75,0.8,84.1,8.5,2.0,9.0,3.0,1611661330,Atlanta Dream,1,78,0.15384615384615385,80.38461538461539,-11.692307692307692,0.0,78.6,-13.8,2.0,2.0,11.0,0.5961538461538461,0.8,1.6153846153846132,5.5,17.442307692307693,22.3,0.0
2020,1022001098,2020-08-30,1611661324,Minnesota Lynx,0,79,0.7142857142857143,81.92857142857143,5.357142857142857,0.7,84.3,8.0,2.0,10.0,4.0,1611661317,Phoenix Mercury,1,83,0.5333333333333333,86.8,1.7333333333333334,0.5,84.7,1.2,2.0,8.0,7.0,0.18095238095238098,0.19999999999999996,-4.871428571428567,-0.4000000000000057,3.6238095238095234,6.8,0.0
2020,1022001086,2020-08-31,1611661324,Minnesota Lynx,1,96,0.6666666666666666,81.73333333333333,4.733333333333333,0.6,83.0,5.0,1.0,10.0,5.0,1611661320,Los Angeles Sparks,0,78,0.8,85.73333333333333,6.8,0.9,86.7,8.7,1.0,12.0,3.0,-0.13333333333333341,-0.30000000000000004,-4.0,-3.700000000000003,-2.0666666666666664,-3.6999999999999993,0.0
2020,1022001116,2020-09-06,1611661324,Minnesota Lynx,0,88,0.7222222222222222,83.11111111111111,5.833333333333333,0.7,86.4,7.3,2.0,13.0,5.0,1611661328,Seattle Storm,1,103,0.8333333333333334,86.05555555555556,11.444444444444445,0.8,87.7,14.0,2.0,15.0,3.0,-0.11111111111111116,-0.10000000000000009,-2.944444444444443,-1.2999999999999972,-5.611111111111112,-6.7,0.0
2020,1022001125,2020-09-10,1611661324,Minnesota Lynx,0,89,0.65,83.5,4.35,0.6,86.7,3.5,2.0,13.0,7.0,1611661319,Las Vegas Aces,1,104,0.7894736842105263,88.3157894736842,8.31578947368421,0.8,88.6,8.7,2.0,15.0,4.0,-0.1394736842105263,-0.20000000000000007,-4.815789473684205,-1.8999999999999915,-3.965789473684211,-5.199999999999999,0.0
2020,1022001023,2020-08-02,1611661325,Indiana Fever,1,93,0.3333333333333333,85.0,-7.333333333333333,0.3333333333333333,85.0,-7.333333333333333,2.0,1.0,2.0,1611661330,Atlanta Dream,0,77,0.6666666666666666,86.33333333333333,-4.666666666666667,0.6666666666666666,86.33333333333333,-4.666666666666667,2.0,2.0,1.0,-0.3333333333333333,-0.3333333333333333,-1.3333333333333286,-1.3333333333333286,-2.666666666666666,-2.666666666666666,0.0
2020,1022001041,2020-08-09,1611661325,Indiana Fever,1,91,0.3333333333333333,83.83333333333333,-4.0,0.3333333333333333,83.83333333333333,-4.0,2.0,2.0,4.0,1611661322,Washington Mystics,0,84,0.5,85.5,5.333333333333333,0.5,85.5,5.333333333333333,2.0,3.0,3.0,-0.16666666666666669,-0.16666666666666669,-1.6666666666666714,-1.6666666666666714,-9.333333333333332,-9.333333333333332,0.0
2020,1022001047,2020-08-11,1611661325,Indiana Fever,0,79,0.42857142857142855,84.85714285714286,-2.4285714285714284,0.42857142857142855,84.85714285714286,-2.4285714285714284,2.0,3.0,4.0,1611661319,Las Vegas Aces,1,98,0.7142857142857143,86.71428571428571,6.0,0.7142857142857143,86.71428571428571,6.0,2.0,5.0,2.0,-0.28571428571428575,-0.28571428571428575,-1.857142857142847,-1.857142857142847,-8.428571428571429,-8.428571428571429,0.0
2020,1022001058,2020-08-15,1611661325,Indiana Fever,0,76,0.4444444444444444,84.33333333333333,-3.2222222222222223,0.4444444444444444,84.33333333333333,-3.2222222222222223,2.0,4.0,5.0,1611661320,Los Angeles Sparks,1,90,0.6666666666666666,85.77777777777777,6.555555555555555,0.6666666666666666,85.77777777777777,6.555555555555555,2.0,6.0,3.0,-0.2222222222222222,-0.2222222222222222,-1.4444444444444429,-1.4444444444444429,-9.777777777777779,-9.777777777777779,0.0
2020,1022001071,2020-08-20,1611661325,Indiana Fever,1,90,0.36363636363636365,81.54545454545455,-5.909090909090909,0.4,82.1,-4.0,2.0,4.0,7.0,1611661328,Seattle Storm,0,84,0.9166666666666666,87.91666666666667,15.416666666666666,0.9,87.8,14.5,2.0,11.0,1.0,-0.553030303030303,-0.5,-6.371212121212125,-5.700000000000003,-21.325757575757574,-18.5,0.0
2020,1022001094,2020-08-29,1611661325,Indiana Fever,0,78,0.35714285714285715,81.21428571428571,-5.928571428571429,0.3,78.9,-7.7,4.0,5.0,9.0,1611661321,Dallas Wings,1,82,0.3333333333333333,81.93333333333334,-3.466666666666667,0.3,81.6,-4.6,4.0,5.0,10.0,0.023809523809523836,0.0,-0.7190476190476289,-2.6999999999999886,-2.461904761904762,-3.1000000000000005,0.0
2020,1022001088,2020-08-31,1611661325,Indiana Fever,0,77,0.3333333333333333,81.0,-5.8,0.3,79.2,-7.0,2.0,5.0,10.0,1611661329,Chicago Sky,1,100,0.625,87.0,3.4375,0.6,87.1,4.2,2.0,10.0,6.0,-0.2916666666666667,-0.3,-6.0,-7.8999999999999915,-9.2375,-11.2,0.0
2020,1022001112,2020-09-05,1611661325,Indiana Fever,0,77,0.2777777777777778,81.27777777777777,-8.11111111111111,0.2,79.0,-11.0,2.0,5.0,13.0,1611661323,Connecticut Sun,1,96,0.4444444444444444,78.72222222222223,-0.6666666666666666,0.6,76.3,0.1,2.0,8.0,10.0,-0.16666666666666663,-0.39999999999999997,2.555555555555543,2.700000000000003,-7.444444444444444,-11.1,0.0
2020,1022001124,2020-09-10,1611661325,Indiana Fever,1,85,0.25,81.3,-8.55,0.1,79.1,-12.8,2.0,5.0,15.0,1611661313,New York Liberty,0,75,0.10526315789473684,72.05263157894737,-14.631578947368421,0.1,70.0,-17.2,2.0,2.0,17.0,0.14473684210526316,0.0,9.247368421052627,9.099999999999994,6.0815789473684205,4.399999999999999,0.0
2020,1022001131,2020-09-12,1611661325,Indiana Fever,0,86,0.2857142857142857,81.47619047619048,-7.666666666666667,0.2,81.4,-9.6,2.0,6.0,15.0,1611661324,Minnesota Lynx,1,98,0.6190476190476191,83.76190476190476,3.4285714285714284,0.5,86.5,1.3,2.0,13.0,8.0,-0.33333333333333337,-0.3,-2.2857142857142776,-5.099999999999994,-11.095238095238095,-10.9,0.0
2020,1022001021,2020-08-01,1611661328,Seattle Storm,1,81,0.6666666666666666,82.66666666666667,7.333333333333333,0.6666666666666666,82.66666666666667,7.333333333333333,2.0,2.0,1.0,1611661320,Los Angeles Sparks,0,75,0.6666666666666666,86.0,3.3333333333333335,0.6666666666666666,86.0,3.3333333333333335,2.0,2.0,1.0,0.0,0.0,-3.3333333333333286,-3.3333333333333286,3.9999999999999996,3.9999999999999996,0.0
2020,1022001027,2020-08-04,1611661328,Seattle Storm,1,87,0.75,82.25,7.0,0.75,82.25,7.0,3.0,3.0,1.0,1611661323,Connecticut Sun,0,74,0.0,75.75,-6.75,0.0,75.75,-6.75,3.0,0.0,4.0,0.75,0.75,6.5,6.5,13.75,13.75,0.0
2020,1022001038,2020-08-08,1611661328,Seattle Storm,1,74,0.8333333333333334,84.83333333333333,7.0,0.8333333333333334,84.83333333333333,7.0,2.0,5.0,1.0,1611661317,Phoenix Mercury,0,68,0.6666666666666666,91.83333333333333,4.0,0.6666666666666666,91.83333333333333,4.0,2.0,4.0,2.0,0.16666666666666674,0.16666666666666674,-7.0,-7.0,3.0,3.0,0.0
2020,1022001045,2020-08-10,1611661328,Seattle Storm,1,89,0.8571428571428571,83.28571428571429,6.857142857142857,0.8571428571428571,83.28571428571429,6.857142857142857,2.0,6.0,1.0,1611661329,Chicago Sky,0,71,0.7142857142857143,88.71428571428571,2.857142857142857,0.7142857142857143,88.71428571428571,2.857142857142857,2.0,5.0,2.0,0.1428571428571428,0.1428571428571428,-5.428571428571416,-5.428571428571416,3.9999999999999996,3.9999999999999996,0.0
2020,1022001051,2020-08-12,1611661328,Seattle Storm,1,100,0.875,84.0,8.25,0.875,84.0,8.25,2.0,7.0,1.0,1611661330,Atlanta Dream,0,63,0.25,82.375,-7.375,0.25,82.375,-7.375,2.0,2.0,6.0,0.625,0.625,1.625,1.625,15.625,15.625,0.0
2020,1022001066,2020-08-18,1611661328,Seattle Storm,1,105,0.9090909090909091,86.36363636363636,13.090909090909092,0.9,86.3,12.8,2.0,10.0,1.0,1611661313,New York Liberty,0,64,0.1,73.3,-13.6,0.1,73.3,-13.6,3.0,1.0,9.0,0.8090909090909091,0.8,13.063636363636363,13.0,26.69090909090909,26.4,-1.0
2020,1022001084,2020-08-25,1611661328,Seattle Storm,1,87,0.7857142857142857,86.64285714285714,12.214285714285714,0.8,88.4,14.3,3.0,11.0,3.0,1611661325,Indiana Fever,0,74,0.38461538461538464,81.76923076923077,-5.384615384615385,0.4,80.8,-4.8,3.0,5.0,8.0,0.40109890109890106,0.4,4.873626373626365,7.6000000000000085,17.5989010989011,19.1,0.0
2020,1022001105,2020-09-02,1611661328,Seattle Storm,1,71,0.8125,86.75,12.375,0.8,87.9,15.6,4.0,13.0,3.0,1611661322,Washington Mystics,0,64,0.26666666666666666,79.6,-4.333333333333333,0.1,74.7,-10.5,3.0,4.0,11.0,0.5458333333333334,0.7000000000000001,7.150000000000006,13.200000000000003,16.708333333333332,26.1,1.0
2020,1022001123,2020-09-09,1611661328,Seattle Storm,1,107,0.8421052631578947,86.94736842105263,11.631578947368421,0.8,88.0,11.8,3.0,16.0,3.0,1611661321,Dallas Wings,0,95,0.3684210526315789,82.63157894736842,-3.263157894736842,0.4,85.9,-2.7,3.0,7.0,12.0,0.47368421052631576,0.4,4.315789473684205,2.0999999999999943,14.894736842105264,14.5,0.0
2020,1022001090,2020-09-13,1611661328,Seattle Storm,0,84,0.8571428571428571,87.71428571428571,12.19047619047619,0.8,89.2,11.2,2.0,18.0,3.0,1611661319,Las Vegas Aces,1,86,0.8095238095238095,88.85714285714286,8.904761904761905,0.9,90.4,10.3,1.0,17.0,4.0,0.04761904761904756,-0.09999999999999998,-1.142857142857153,-1.2000000000000028,3.2857142857142847,0.8999999999999986,1.0
2020,1022001020,2020-08-01,1611661329,Chicago Sky,1,88,0.6666666666666666,88.33333333333333,6.0,0.6666666666666666,88.33333333333333,6.0,2.0,2.0,1.0,1611661322,Washington Mystics,0,86,1.0,94.66666666666667,16.0,1.0,94.66666666666667,16.0,2.0,3.0,0.0,-0.33333333333333337,-0.33333333333333337,-6.333333333333343,-6.333333333333343,-10.0,-10.0,0.0
2020,1022001025,2020-08-04,1611661329,Chicago Sky,1,82,0.75,88.25,5.0,0.75,88.25,5.0,3.0,3.0,1.0,1611661321,Dallas Wings,0,79,0.5,83.5,-0.75,0.5,83.5,-0.75,2.0,2.0,2.0,0.25,0.25,4.75,4.75,5.75,5.75,1.0
2020,1022001050,2020-08-12,1611661329,Chicago Sky,1,89,0.625,86.5,0.25,0.625,86.5,0.25,2.0,5.0,3.0,1611661317,Phoenix Mercury,0,71,0.625,88.75,3.75,0.625,88.75,3.75,2.0,5.0,3.0,0.0,0.0,-2.25,-2.25,-3.5,-3.5,0.0
2020,1022001055,2020-08-14,1611661329,Chicago Sky,0,74,0.6666666666666666,86.77777777777777,2.2222222222222223,0.6666666666666666,86.77777777777777,2.2222222222222223,2.0,6.0,3.0,1611661323,Connecticut Sun,1,77,0.3333333333333333,80.44444444444444,-1.0,0.3333333333333333,80.44444444444444,-1.0,2.0,3.0,6.0,0.3333333333333333,0.3333333333333333,6.333333333333329,6.333333333333329,3.2222222222222223,3.2222222222222223,0.0
2020,1022001065,2020-08-18,1611661329,Chicago Sky,1,84,0.6363636363636364,86.0909090909091,3.8181818181818183,0.6,85.9,4.0,2.0,7.0,4.0,1611661319,Las Vegas Aces,0,82,0.8,88.0,8.6,0.8,88.0,8.6,3.0,8.0,2.0,-0.1636363636363637,-0.20000000000000007,-1.9090909090909065,-2.0999999999999943,-4.781818181818181,-4.6,-1.0
2020,1022001076,2020-08-22,1611661329,Chicago Sky,1,87,0.6923076923076923,87.07692307692308,4.615384615384615,0.7,86.7,4.2,2.0,9.0,4.0,1611661325,Indiana Fever,0,76,0.4166666666666667,82.25,-4.916666666666667,0.4,80.5,-4.0,2.0,5.0,7.0,0.2756410256410256,0.29999999999999993,4.82692307692308,6.200000000000003,9.532051282051281,8.2,0.0
2020,1022001082,2020-08-25,1611661329,Chicago Sky,0,99,0.7142857142857143,87.07142857142857,5.071428571428571,0.7,86.6,5.1,3.0,10.0,4.0,1611661313,New York Liberty,1,101,0.07692307692307693,72.84615384615384,-16.153846153846153,0.1,71.8,-17.5,3.0,1.0,12.0,0.6373626373626373,0.6,14.22527472527473,14.799999999999997,21.225274725274723,22.6,0.0
2020,1022001095,2020-08-29,1611661329,Chicago Sky,0,74,0.6666666666666666,87.86666666666666,4.6,0.6,88.3,4.6,4.0,10.0,5.0,1611661328,Seattle Storm,1,88,0.8,86.66666666666667,12.266666666666667,0.8,88.4,14.3,4.0,12.0,3.0,-0.13333333333333341,-0.20000000000000007,1.1999999999999886,-0.10000000000000853,-7.666666666666668,-9.700000000000001,0.0
2020,1022001103,2020-09-02,1611661329,Chicago Sky,0,83,0.6470588235294118,87.76470588235294,4.588235294117647,0.6,87.1,5.8,2.0,11.0,6.0,1611661324,Minnesota Lynx,1,86,0.6875,82.625,5.5625,0.6,83.9,6.1,2.0,11.0,5.0,-0.0404411764705882,0.0,5.139705882352942,3.1999999999999886,-0.9742647058823533,-0.2999999999999998,0.0
2020,1022001122,2020-09-09,1611661329,Chicago Sky,0,89,0.55,86.2,2.95,0.5,86.9,4.2,3.0,11.0,9.0,1611661330,Atlanta Dream,1,97,0.2631578947368421,80.21052631578948,-8.157894736842104,0.3,80.2,-5.9,4.0,5.0,14.0,0.28684210526315795,0.2,5.989473684210523,6.700000000000003,11.107894736842105,10.100000000000001,-1.0
2020,1022001026,2020-08-04,1611661330,Atlanta Dream,0,74,0.5,84.0,-7.5,0.5,84.0,-7.5,2.0,2.0,2.0,1611661317,Phoenix Mercury,1,81,0.5,93.5,1.75,0.5,93.5,1.75,2.0,2.0,2.0,0.0,0.0,-9.5,-9.5,-9.25,-9.25,0.0
2020,1022001031,2020-08-06,1611661330,Atlanta Dream,0,92,0.4,82.0,-7.4,0.4,82.0,-7.4,2.0,2.0,3.0,1611661328,Seattle Storm,1,93,0.8,83.2,8.2,0.8,83.2,8.2,2.0,4.0,1.0,-0.4,-0.4,-1.2000000000000028,-1.2000000000000028,-15.6,-15.6,0.0
2020,1022001043,2020-08-10,1611661330,Atlanta Dream,0,82,0.2857142857142857,82.42857142857143,-6.857142857142857,0.2857142857142857,82.42857142857143,-6.857142857142857,2.0,2.0,5.0,1611661323,Connecticut Sun,1,93,0.14285714285714285,80.14285714285714,-3.4285714285714284,0.14285714285714285,80.14285714285714,-3.4285714285714284,2.0,1.0,6.0,0.14285714285714285,0.14285714285714285,2.285714285714292,2.285714285714292,-3.4285714285714284,-3.4285714285714284,0.0
2020,1022001061,2020-08-16,1611661330,Atlanta Dream,0,67,0.2,80.2,-11.2,0.2,80.2,-11.2,2.0,2.0,8.0,1611661329,Chicago Sky,1,92,0.6,85.5,1.7,0.6,85.5,1.7,2.0,6.0,4.0,-0.39999999999999997,-0.39999999999999997,-5.299999999999997,-5.299999999999997,-12.899999999999999,-12.899999999999999,0.0
2020,1022001073,2020-08-21,1611661330,Atlanta Dream,0,85,0.16666666666666666,80.0,-12.0,0.1,78.5,-12.4,2.0,2.0,10.0,1611661320,Los Angeles Sparks,1,93,0.7272727272727273,85.9090909090909,7.454545454545454,0.7,84.6,5.9,2.0,8.0,3.0,-0.5606060606060607,-0.6,-5.9090909090909065,-6.099999999999994,-19.454545454545453,-18.3,0.0
2020,1022001091,2020-08-28,1611661330,Atlanta Dream,0,79,0.21428571428571427,80.21428571428571,-10.642857142857142,0.1,78.7,-11.9,5.0,3.0,11.0,1611661324,Minnesota Lynx,1,88,0.6923076923076923,81.46153846153847,5.076923076923077,0.7,83.3,8.0,5.0,9.0,4.0,-0.478021978021978,-0.6,-1.2472527472527588,-4.599999999999994,-15.719780219780219,-19.9,0.0
2020,1022001101,2020-09-01,1611661330,Atlanta Dream,1,102,0.1875,80.0625,-10.1875,0.1,77.9,-12.5,2.0,3.0,13.0,1611661325,Indiana Fever,0,90,0.3125,80.75,-6.875,0.3,78.9,-8.6,1.0,5.0,11.0,-0.125,-0.19999999999999998,-0.6875,-1.0,-3.3125,-3.9000000000000004,1.0
2020,1022001113,2020-09-05,1611661330,Atlanta Dream,0,79,0.2777777777777778,80.27777777777777,-8.055555555555555,0.3,78.6,-8.6,2.0,5.0,13.0,1611661319,Las Vegas Aces,1,89,0.7647058823529411,88.05882352941177,8.352941176470589,0.8,89.0,10.0,2.0,13.0,4.0,-0.48692810457516333,-0.5,-7.781045751633997,-10.400000000000006,-16.408496732026144,-18.6,0.0
2020,1022001085,2020-09-13,1611661330,Atlanta Dream,0,78,0.3333333333333333,81.0952380952381,-6.666666666666667,0.5,83.4,-0.3,2.0,7.0,14.0,1611661322,Washington Mystics,1,85,0.38095238095238093,79.76190476190476,-1.9523809523809523,0.4,79.5,-2.1,1.0,8.0,13.0,-0.047619047619047616,0.09999999999999998,1.3333333333333428,3.9000000000000057,-4.714285714285714,1.8,1.0
2021,1022100033,2021-05-29,1611661313,New York Liberty,0,87,0.8333333333333334,83.66666666666667,1.3333333333333333,0.8333333333333334,83.66666666666667,1.3333333333333333,5.0,5.0,1.0,1611661330,Atlanta Dream,1,90,0.6,83.6,-0.4,0.6,83.6,-0.4,2.0,3.0,2.0,0.2333333333333334,0.2333333333333334,0.06666666666667709,0.06666666666667709,1.7333333333333334,1.7333333333333334,3.0
2021,1022100042,2021-06-03,1611661313,New York Liberty,0,82,0.7142857142857143,84.14285714285714,0.7142857142857143,0.7142857142857143,84.14285714285714,0.7142857142857143,5.0,5.0,2.0,1611661319,Las Vegas Aces,1,94,0.625,88.375,10.125,0.625,88.375,10.125,2.0,5.0,3.0,0.0892857142857143,0.0892857142857143,-4.232142857142861,-4.232142857142861,-9.410714285714286,-9.410714285714286,3.0
2021,1022100080,2021-06-22,1611661313,New York Liberty,0,72,0.5384615384615384,80.76923076923077,-5.538461538461538,0.4,80.1,-9.4,2.0,7.0,6.0,1611661329,Chicago Sky,1,92,0.5,81.07142857142857,2.2857142857142856,0.5,81.2,2.5,3.0,7.0,7.0,0.038461538461538436,-0.09999999999999998,-0.3021978021977958,-1.1000000000000085,-7.824175824175824,-11.9,-1.0
2021,1022100084,2021-06-24,1611661313,New York Liberty,0,68,0.5,80.14285714285714,-6.571428571428571,0.4,80.1,-8.5,2.0,7.0,7.0,1611661329,Chicago Sky,1,91,0.5333333333333333,81.8,3.466666666666667,0.6,84.3,6.0,2.0,8.0,7.0,-0.033333333333333326,-0.19999999999999996,-1.6571428571428584,-4.200000000000003,-10.038095238095238,-14.5,0.0
2021,1022100103,2021-07-03,1611661313,New York Liberty,1,82,0.47058823529411764,80.0,-5.647058823529412,0.3,77.1,-10.1,4.0,8.0,9.0,1611661322,Washington Mystics,0,79,0.4375,81.6875,-2.25,0.5,83.7,-2.9,4.0,7.0,9.0,0.03308823529411764,-0.2,-1.6875,-6.6000000000000085,-3.397058823529412,-7.199999999999999,0.0
2021,1022100106,2021-07-05,1611661313,New York Liberty,1,99,0.5,80.11111111111111,-5.166666666666667,0.4,77.1,-8.6,2.0,9.0,9.0,1611661321,Dallas Wings,0,96,0.5,85.22222222222223,3.1666666666666665,0.6,83.3,4.6,3.0,9.0,9.0,0.0,-0.19999999999999996,-5.111111111111114,-6.200000000000003,-8.333333333333334,-13.2,-1.0
2021,1022100116,2021-07-11,1611661313,New York Liberty,0,54,0.5,80.5,-5.15,0.4,79.0,-7.7,2.0,10.0,10.0,1611661323,Connecticut Sun,1,71,0.6842105263157895,79.84210526315789,5.631578947368421,0.6,78.8,3.9,2.0,13.0,6.0,-0.1842105263157895,-0.19999999999999996,0.6578947368421098,0.20000000000000284,-10.781578947368422,-11.6,0.0
2021,1022100131,2021-08-18,1611661313,New York Liberty,1,83,0.45454545454545453,79.18181818181819,-5.909090909090909,0.4,76.8,-5.5,3.0,10.0,12.0,1611661328,Seattle Storm,0,79,0.7272727272727273,86.36363636363636,6.363636363636363,0.6,83.1,3.9,3.0,16.0,6.0,-0.27272727272727276,-0.19999999999999996,-7.181818181818173,-6.299999999999997,-12.272727272727273,-9.4,0.0
2021,1022100135,2021-08-20,1611661313,New York Liberty,0,83,0.4782608695652174,79.34782608695652,-5.478260869565218,0.4,77.5,-5.4,2.0,11.0,12.0,1611661328,Seattle Storm,1,99,0.6956521739130435,86.04347826086956,5.913043478260869,0.5,82.3,1.8,2.0,16.0,7.0,-0.21739130434782605,-0.09999999999999998,-6.695652173913047,-4.799999999999997,-11.391304347826086,-7.2,0.0
2021,1022100139,2021-08-22,1611661313,New York Liberty,0,83,0.4583333333333333,79.5,-5.916666666666667,0.4,78.6,-5.0,2.0,11.0,13.0,1611661320,Los Angeles Sparks,1,86,0.4090909090909091,73.45454545454545,-5.2272727272727275,0.4,72.4,-6.6,3.0,9.0,13.0,0.0492424242424242,0.0,6.045454545454547,6.199999999999989,-0.6893939393939394,1.5999999999999996,-1.0
2021,1022100145,2021-08-25,1611661313,New York Liberty,0,79,0.44,79.64,-5.8,0.4,80.1,-3.0,3.0,11.0,14.0,1611661317,Phoenix Mercury,1,106,0.5652173913043478,80.56521739130434,0.43478260869565216,0.7,82.8,2.5,4.0,13.0,10.0,-0.12521739130434778,-0.29999999999999993,-0.9252173913043436,-2.700000000000003,-6.234782608695652,-5.5,-1.0
2021,1022100149,2021-08-27,1611661313,New York Liberty,0,64,0.4230769230769231,79.61538461538461,-6.615384615384615,0.3,77.9,-8.0,2.0,11.0,15.0,1611661317,Phoenix Mercury,1,80,0.5833333333333334,81.625,1.5416666666666667,0.7,84.6,4.3,2.0,14.0,10.0,-0.1602564102564103,-0.39999999999999997,-2.009615384615387,-6.699999999999989,-8.157051282051281,-12.3,0.0
2021,1022100185,2021-09-17,1611661313,New York Liberty,1,91,0.3548387096774194,78.06451612903226,-7.612903225806452,0.1,75.6,-11.6,2.0,11.0,20.0,1611661322,Washington Mystics,0,80,0.4,79.86666666666666,-3.533333333333333,0.4,75.5,-6.0,5.0,12.0,18.0,-0.04516129032258065,-0.30000000000000004,-1.8021505376344038,0.09999999999999432,-4.079569892473119,-5.6,-3.0
2021,1022100017,2021-05-21,1611661317,Phoenix Mercury,0,67,0.6666666666666666,82.0,5.0,0.6666666666666666,82.0,5.0,3.0,2.0,1.0,1611661323,Connecticut Sun,1,84,1.0,84.0,13.333333333333334,1.0,84.0,13.333333333333334,2.0,3.0,0.0,-0.33333333333333337,-0.33333333333333337,-2.0,-2.0,-8.333333333333334,-8.333333333333334,1.0
2021,1022100027,2021-05-26,1611661317,Phoenix Mercury,0,79,0.5,78.25,-0.5,0.5,78.25,-0.5,5.0,2.0,2.0,1611661319,Las Vegas Aces,1,85,0.5,85.25,5.75,0.5,85.25,5.75,3.0,2.0,2.0,0.0,0.0,-7.0,-7.0,-6.25,-6.25,2.0
2021,1022100043,2021-06-03,1611661317,Phoenix Mercury,1,77,0.5714285714285714,80.71428571428571,-0.42857142857142855,0.5714285714285714,80.71428571428571,-0.42857142857142855,2.0,4.0,3.0,1611661329,Chicago Sky,0,74,0.2857142857142857,78.0,-1.7142857142857142,0.2857142857142857,78.0,-1.7142857142857142,2.0,2.0,5.0,0.2857142857142857,0.2857142857142857,2.714285714285708,2.714285714285708,1.2857142857142856,1.2857142857142856,0.0
2021,1022100055,2021-06-08,1611661317,Phoenix Mercury,0,81,0.625,80.25,0.0,0.625,80.25,0.0,5.0,5.0,3.0,1611661321,Dallas Wings,1,85,0.375,87.625,1.375,0.375,87.625,1.375,2.0,3.0,5.0,0.25,0.25,-7.375,-7.375,-1.375,-1.375,3.0
2021,1022100058,2021-06-11,1611661317,Phoenix Mercury,0,59,0.5555555555555556,80.33333333333333,-0.4444444444444444,0.5555555555555556,80.33333333333333,-0.4444444444444444,3.0,5.0,4.0,1611661321,Dallas Wings,1,77,0.4444444444444444,87.33333333333333,1.6666666666666667,0.4444444444444444,87.33333333333333,1.6666666666666667,3.0,4.0,5.0,0.11111111111111116,0.11111111111111116,-7.0,-7.0,-2.111111111111111,-2.111111111111111,0.0
2021,1022100064,2021-06-13,1611661317,Phoenix Mercury,0,83,0.5,78.2,-2.2,0.5,78.2,-2.2,2.0,5.0,5.0,1611661313,New York Liberty,1,85,0.5555555555555556,81.66666666666667,-3.111111111111111,0.5555555555555556,81.66666666666667,-3.111111111111111,8.0,5.0,4.0,-0.05555555555555558,-0.05555555555555558,-3.4666666666666686,-3.4666666666666686,0.911111111111111,0.911111111111111,-6.0
2021,1022100089,2021-06-27,1611661317,Phoenix Mercury,1,88,0.46153846153846156,78.84615384615384,-1.1538461538461537,0.4,77.9,-3.0,9.0,6.0,7.0,1611661320,Los Angeles Sparks,0,79,0.46153846153846156,75.46153846153847,-3.230769230769231,0.5,76.5,-0.6,3.0,6.0,7.0,0.0,-0.09999999999999998,3.3846153846153726,1.4000000000000057,2.076923076923077,-2.4,6.0
2021,1022100095,2021-06-30,1611661317,Phoenix Mercury,0,76,0.5,79.5,-0.42857142857142855,0.5,80.0,-0.4,3.0,7.0,7.0,1611661324,Minnesota Lynx,1,82,0.5,82.42857142857143,-1.0714285714285714,0.7,85.4,2.0,5.0,7.0,7.0,0.0,-0.19999999999999996,-2.9285714285714306,-5.400000000000006,0.6428571428571428,-2.4,-2.0
2021,1022100100,2021-07-03,1611661317,Phoenix Mercury,0,68,0.4666666666666667,79.26666666666667,-0.8,0.5,79.7,-0.4,3.0,7.0,8.0,1611661324,Minnesota Lynx,1,99,0.5333333333333333,82.4,-0.6,0.7,85.7,2.1,3.0,8.0,7.0,-0.06666666666666665,-0.19999999999999996,-3.13333333333334,-6.0,-0.20000000000000007,-2.5,0.0
2021,1022100112,2021-07-09,1611661317,Phoenix Mercury,1,85,0.47058823529411764,79.76470588235294,-2.0,0.4,79.1,-3.1,2.0,8.0,9.0,1611661328,Seattle Storm,0,77,0.7894736842105263,87.15789473684211,7.526315789473684,0.8,85.7,10.0,2.0,15.0,4.0,-0.3188854489164087,-0.4,-7.393188854489168,-6.6000000000000085,-9.526315789473685,-13.1,0.0
2021,1022100123,2021-08-15,1611661317,Phoenix Mercury,1,92,0.47368421052631576,79.78947368421052,-1.736842105263158,0.4,79.3,-2.9,35.0,9.0,10.0,1611661330,Atlanta Dream,0,81,0.3157894736842105,82.6842105263158,-5.578947368421052,0.2,82.8,-6.1,35.0,6.0,13.0,0.15789473684210525,0.2,-2.8947368421052744,-3.5,3.8421052631578942,3.1999999999999997,0.0
2021,1022100129,2021-08-17,1611661317,Phoenix Mercury,1,84,0.5,80.4,-1.1,0.5,82.6,0.0,2.0,10.0,10.0,1611661325,Indiana Fever,0,80,0.19047619047619047,74.57142857142857,-9.857142857142858,0.3,74.3,-4.2,2.0,4.0,17.0,0.30952380952380953,0.2,5.828571428571436,8.299999999999997,8.757142857142858,4.2,0.0
2021,1022100133,2021-08-19,1611661317,Phoenix Mercury,1,77,0.5238095238095238,80.57142857142857,-0.8571428571428571,0.6,82.7,0.6,2.0,11.0,10.0,1611661322,Washington Mystics,0,64,0.4,82.05,-2.3,0.4,82.6,-3.5,2.0,8.0,12.0,0.12380952380952381,0.19999999999999996,-1.4785714285714278,0.10000000000000853,1.4428571428571426,4.1,0.0
2021,1022100158,2021-08-31,1611661317,Phoenix Mercury,1,103,0.6,81.56,2.12,0.8,85.0,6.5,4.0,15.0,10.0,1611661329,Chicago Sky,0,83,0.5384615384615384,83.34615384615384,3.5,0.5,84.9,1.6,2.0,14.0,12.0,0.06153846153846154,0.30000000000000004,-1.7861538461538373,0.09999999999999432,-1.38,4.9,2.0
2021,1022100176,2021-09-11,1611661317,Phoenix Mercury,0,67,0.6551724137931034,82.44827586206897,3.4827586206896552,1.0,87.5,13.4,3.0,19.0,10.0,1611661323,Connecticut Sun,1,76,0.7931034482758621,79.06896551724138,8.827586206896552,1.0,77.6,14.9,2.0,23.0,6.0,-0.13793103448275867,0.0,3.379310344827587,9.900000000000006,-5.344827586206897,-1.5,1.0
2021,1022100189,2021-09-19,1611661317,Phoenix Mercury,0,83,0.6129032258064516,82.03225806451613,2.6774193548387095,0.8,85.1,10.1,2.0,19.0,12.0,1611661319,Las Vegas Aces,1,84,0.7419354838709677,89.41935483870968,9.32258064516129,0.8,86.8,8.3,2.0,23.0,8.0,-0.12903225806451613,0.0,-7.387096774193552,-1.7000000000000028,-6.64516129032258,1.799999999999999,0.0
2021,1022100022,2021-05-23,1611661319,Las Vegas Aces,0,65,0.6666666666666666,92.0,10.0,0.6666666666666666,92.0,10.0,2.0,2.0,1.0,1611661323,Connecticut Sun,1,72,1.0,84.0,14.25,1.0,84.0,14.25,2.0,4.0,0.0,-0.33333333333333337,-0.33333333333333337,8.0,8.0,-4.25,-4.25,0.0
2021,1022100032,2021-05-28,1611661319,Las Vegas Aces,1,113,0.6,85.2,5.8,0.6,85.2,5.8,2.0,3.0,2.0,1611661325,Indiana Fever,0,77,0.16666666666666666,76.0,-6.666666666666667,0.16666666666666666,76.0,-6.666666666666667,3.0,1.0,5.0,0.43333333333333335,0.43333333333333335,9.200000000000003,9.200000000000003,12.466666666666667,12.466666666666667,-1.0
2021,1022100036,2021-05-30,1611661319,Las Vegas Aces,1,101,0.6666666666666666,89.83333333333333,10.833333333333334,0.6666666666666666,89.83333333333333,10.833333333333334,2.0,4.0,2.0,1611661325,Indiana Fever,0,78,0.14285714285714285,76.14285714285714,-10.857142857142858,0.14285714285714285,76.14285714285714,-10.857142857142858,2.0,1.0,6.0,0.5238095238095237,0.5238095238095237,13.69047619047619,13.69047619047619,21.69047619047619,21.69047619047619,0.0
2021,1022100063,2021-06-13,1611661319,Las Vegas Aces,1,85,0.7,89.7,9.6,0.7,89.7,9.6,8.0,7.0,3.0,1611661321,Dallas Wings,0,78,0.5,86.3,3.3,0.5,86.3,3.3,2.0,5.0,5.0,0.19999999999999996,0.19999999999999996,3.4000000000000057,3.4000000000000057,6.3,6.3,6.0
2021,1022100067,2021-06-15,1611661319,Las Vegas Aces,1,100,0.7272727272727273,89.27272727272727,9.363636363636363,0.8,89.9,11.7,2.0,8.0,3.0,1611661313,New York Liberty,0,78,0.6,82.0,-2.6,0.6,82.0,-2.6,2.0,6.0,4.0,0.12727272727272732,0.20000000000000007,7.272727272727266,7.900000000000006,11.963636363636363,14.299999999999999,0.0
2021,1022100073,2021-06-17,1611661319,Las Vegas Aces,1,103,0.75,90.16666666666667,10.416666666666666,0.8,90.3,12.3,2.0,9.0,3.0,1611661313,New York Liberty,0,76,0.5454545454545454,81.63636363636364,-4.363636363636363,0.5,80.8,-5.1,2.0,6.0,5.0,0.20454545454545459,0.30000000000000004,8.530303030303031,9.5,14.78030303030303,17.4,0.0
2021,1022100091,2021-06-27,1611661319,Las Vegas Aces,1,95,0.7142857142857143,91.0,10.785714285714286,0.8,93.3,12.8,2.0,10.0,4.0,1611661328,Seattle Storm,0,92,0.8,87.86666666666666,8.266666666666667,0.8,86.1,10.8,5.0,12.0,3.0,-0.08571428571428574,0.0,3.13333333333334,7.200000000000003,2.519047619047619,2.0,-3.0
2021,1022100104,2021-07-04,1611661319,Las Vegas Aces,1,118,0.7647058823529411,90.23529411764706,10.941176470588236,0.8,89.4,9.8,2.0,13.0,4.0,1611661330,Atlanta Dream,0,95,0.375,83.5,-3.75,0.2,82.8,-6.1,2.0,6.0,10.0,0.3897058823529411,0.6000000000000001,6.735294117647058,6.6000000000000085,14.691176470588236,15.9,0.0
2021,1022100108,2021-07-07,1611661319,Las Vegas Aces,0,90,0.7777777777777778,91.77777777777777,11.61111111111111,0.9,94.5,12.8,3.0,14.0,4.0,1611661317,Phoenix Mercury,1,99,0.4375,78.5625,-2.6875,0.4,77.6,-3.9,4.0,7.0,9.0,0.3402777777777778,0.5,13.215277777777771,16.900000000000006,14.29861111111111,16.7,-1.0
2021,1022100113,2021-07-09,1611661319,Las Vegas Aces,0,67,0.7368421052631579,91.6842105263158,10.526315789473685,0.8,94.1,10.7,2.0,14.0,5.0,1611661324,Minnesota Lynx,1,77,0.5882352941176471,83.52941176470588,1.6470588235294117,0.7,85.5,3.6,2.0,10.0,7.0,0.14860681114551078,0.10000000000000009,8.15479876160991,8.599999999999994,8.879256965944274,7.1,0.0
2021,1022100122,2021-08-15,1611661319,Las Vegas Aces,1,84,0.7142857142857143,90.66666666666667,9.80952380952381,0.7,92.2,10.3,35.0,15.0,6.0,1611661322,Washington Mystics,0,83,0.4444444444444444,81.94444444444444,-1.9444444444444444,0.5,82.7,-2.9,36.0,8.0,10.0,0.2698412698412699,0.19999999999999996,8.722222222222229,9.5,11.753968253968255,13.200000000000001,-1.0
2021,1022100128,2021-08-17,1611661319,Las Vegas Aces,1,93,0.7272727272727273,90.36363636363636,9.409090909090908,0.7,90.6,8.2,2.0,16.0,6.0,1611661322,Washington Mystics,0,83,0.42105263157894735,82.0,-1.894736842105263,0.4,82.1,-4.8,2.0,8.0,11.0,0.30622009569377995,0.29999999999999993,8.36363636363636,8.5,11.303827751196172,13.0,0.0
2021,1022100161,2021-09-02,1611661319,Las Vegas Aces,1,90,0.7307692307692307,88.76923076923077,8.692307692307692,0.7,84.0,4.8,5.0,19.0,7.0,1611661329,Chicago Sky,0,83,0.5185185185185185,83.33333333333333,2.6296296296296298,0.5,87.4,1.2,2.0,14.0,13.0,0.21225071225071224,0.19999999999999996,5.435897435897445,-3.4000000000000057,6.062678062678062,3.5999999999999996,3.0
2021,1022100171,2021-09-08,1611661319,Las Vegas Aces,1,102,0.7142857142857143,88.64285714285714,8.035714285714286,0.6,83.0,1.6,3.0,20.0,8.0,1611661324,Minnesota Lynx,0,81,0.6666666666666666,81.92592592592592,3.5925925925925926,0.8,79.2,6.9,4.0,18.0,9.0,0.04761904761904767,-0.20000000000000007,6.716931216931215,3.799999999999997,4.443121693121694,-5.300000000000001,-1.0
2021,1022100180,2021-09-13,1611661319,Las Vegas Aces,1,85,0.7241379310344828,89.10344827586206,8.482758620689655,0.7,84.2,4.6,5.0,21.0,8.0,1611661321,Dallas Wings,0,75,0.43333333333333335,81.13333333333334,-0.3333333333333333,0.4,72.5,-5.8,2.0,13.0,17.0,0.2908045977011494,0.29999999999999993,7.970114942528724,11.700000000000003,8.816091954022989,10.399999999999999,3.0
2021,1022100044,2021-06-03,1611661320,Los Angeles Sparks,1,98,0.4,73.4,-8.6,0.4,73.4,-8.6,2.0,2.0,3.0,1611661325,Indiana Fever,0,63,0.1111111111111111,76.0,-12.666666666666666,0.1111111111111111,76.0,-12.666666666666666,2.0,1.0,8.0,0.2888888888888889,0.2888888888888889,-2.5999999999999943,-2.5999999999999943,4.066666666666666,4.066666666666666,0.0
2021,1022100048,2021-06-05,1611661320,Los Angeles Sparks,1,68,0.5,77.5,-1.3333333333333333,0.5,77.5,-1.3333333333333333,2.0,3.0,3.0,1611661329,Chicago Sky,0,63,0.25,77.5,-1.875,0.25,77.5,-1.875,2.0,2.0,6.0,0.25,0.25,0.0,0.0,0.5416666666666667,0.5416666666666667,0.0
2021,1022100068,2021-06-16,1611661320,Los Angeles Sparks,1,85,0.4444444444444444,74.22222222222223,-4.111111111111111,0.4444444444444444,74.22222222222223,-4.111111111111111,4.0,4.0,5.0,1611661317,Phoenix Mercury,0,80,0.45454545454545453,78.63636363636364,-2.1818181818181817,0.4,78.8,-2.6,3.0,5.0,6.0,-0.01010101010101011,0.0444444444444444,-4.414141414141412,-4.577777777777769,-1.929292929292929,-1.5111111111111106,1.0
2021,1022100074,2021-06-18,1611661320,Los Angeles Sparks,0,66,0.5,75.3,-3.2,0.5,75.3,-3.2,2.0,5.0,5.0,1611661317,Phoenix Mercury,1,80,0.4166666666666667,78.75,-2.4166666666666665,0.4,79.0,-2.3,2.0,5.0,7.0,0.08333333333333331,0.09999999999999998,-3.450000000000003,-3.700000000000003,-0.7833333333333337,-0.9000000000000004,0.0
2021,1022100078,2021-06-20,1611661320,Los Angeles Sparks,0,73,0.45454545454545453,74.45454545454545,-4.181818181818182,0.5,74.8,-2.3,2.0,5.0,6.0,1611661313,New York Liberty,1,76,0.5,81.16666666666667,-6.25,0.4,81.1,-8.6,3.0,6.0,6.0,-0.04545454545454547,0.09999999999999998,-6.712121212121218,-6.299999999999997,2.0681818181818183,6.3,-1.0
2021,1022100085,2021-06-24,1611661320,Los Angeles Sparks,1,89,0.4166666666666667,74.33333333333333,-4.083333333333333,0.5,75.2,0.2,4.0,5.0,7.0,1611661322,Washington Mystics,0,82,0.5384615384615384,83.07692307692308,0.07692307692307693,0.6,85.3,0.7,2.0,7.0,6.0,-0.12179487179487175,-0.09999999999999998,-8.743589743589752,-10.099999999999994,-4.16025641025641,-0.49999999999999994,2.0
2021,1022100096,2021-06-30,1611661320,Los Angeles Sparks,0,75,0.42857142857142855,75.71428571428571,-3.642857142857143,0.4,76.2,-1.8,3.0,6.0,8.0,1611661319,Las Vegas Aces,1,99,0.7333333333333333,91.26666666666667,10.266666666666667,0.8,94.3,12.5,3.0,11.0,4.0,-0.30476190476190473,-0.4,-15.552380952380958,-18.099999999999994,-13.90952380952381,-14.3,0.0
2021,1022100099,2021-07-02,1611661320,Los Angeles Sparks,0,58,0.4,75.66666666666667,-5.0,0.4,76.8,-3.2,2.0,6.0,9.0,1611661319,Las Vegas Aces,1,66,0.75,91.75,11.125,0.8,92.9,11.3,2.0,12.0,4.0,-0.35,-0.4,-16.08333333333333,-16.10000000000001,-16.125,-14.5,0.0
2021,1022100105,2021-07-04,1611661320,Los Angeles Sparks,0,74,0.375,74.5625,-5.1875,0.3,72.8,-7.5,2.0,6.0,10.0,1611661328,Seattle Storm,1,84,0.7647058823529411,88.29411764705883,7.294117647058823,0.7,87.4,8.3,2.0,13.0,4.0,-0.3897058823529411,-0.39999999999999997,-13.731617647058826,-14.600000000000009,-12.481617647058822,-15.8,0.0
2021,1022100119,2021-07-11,1611661320,Los Angeles Sparks,0,61,0.3333333333333333,73.83333333333333,-5.666666666666667,0.2,72.5,-8.1,4.0,6.0,12.0,1611661324,Minnesota Lynx,1,86,0.6111111111111112,83.16666666666667,2.111111111111111,0.8,85.1,5.0,2.0,11.0,7.0,-0.27777777777777785,-0.6000000000000001,-9.333333333333343,-12.599999999999994,-7.777777777777779,-13.1,2.0
2021,1022100125,2021-08-15,1611661320,Los Angeles Sparks,1,75,0.3157894736842105,73.15789473684211,-6.684210526315789,0.2,72.2,-9.0,35.0,6.0,13.0,1611661325,Indiana Fever,0,70,0.2,74.8,-10.1,0.3,74.9,-5.3,35.0,4.0,16.0,0.1157894736842105,-0.09999999999999998,-1.6421052631578874,-2.700000000000003,3.4157894736842103,-3.7,0.0
2021,1022100130,2021-08-17,1611661320,Los Angeles Sparks,1,85,0.35,73.25,-6.1,0.2,71.2,-9.0,2.0,7.0,13.0,1611661330,Atlanta Dream,0,80,0.3,82.6,-5.85,0.2,83.4,-6.1,2.0,6.0,14.0,0.04999999999999999,0.0,-9.349999999999994,-12.200000000000003,-0.25,-2.9000000000000004,0.0
2021,1022100134,2021-08-19,1611661320,Los Angeles Sparks,1,66,0.38095238095238093,73.80952380952381,-5.571428571428571,0.3,73.1,-7.1,2.0,8.0,13.0,1611661330,Atlanta Dream,0,64,0.2857142857142857,82.47619047619048,-5.809523809523809,0.1,81.3,-8.9,2.0,6.0,15.0,0.09523809523809523,0.19999999999999998,-8.666666666666671,-8.200000000000003,0.23809523809523814,1.8000000000000007,0.0
2021,1022100172,2021-09-09,1611661320,Los Angeles Sparks,0,57,0.35714285714285715,72.57142857142857,-5.428571428571429,0.4,70.3,-5.0,7.0,10.0,18.0,1611661323,Connecticut Sun,1,75,0.7857142857142857,79.21428571428571,8.5,1.0,78.5,14.3,2.0,22.0,6.0,-0.42857142857142855,-0.6,-6.642857142857139,-8.200000000000003,-13.928571428571429,-19.3,5.0
2021,1022100179,2021-09-12,1611661320,Los Angeles Sparks,1,81,0.3448275862068966,72.03448275862068,-5.862068965517241,0.4,69.9,-4.3,3.0,10.0,19.0,1611661328,Seattle Storm,0,53,0.6666666666666666,85.56666666666666,5.366666666666666,0.5,83.4,2.6,5.0,20.0,10.0,-0.32183908045977005,-0.09999999999999998,-13.53218390804598,-13.5,-11.228735632183907,-6.9,-2.0
2021,1022100034,2021-05-29,1611661321,Dallas Wings,0,85,0.25,91.75,1.75,0.25,91.75,1.75,2.0,1.0,3.0,1611661317,Phoenix Mercury,1,89,0.4,78.4,-1.6,0.4,78.4,-1.6,3.0,2.0,3.0,-0.15000000000000002,-0.15000000000000002,13.349999999999994,13.349999999999994,3.35,3.35,-1.0
2021,1022100040,2021-06-01,1611661321,Dallas Wings,1,79,0.2,90.4,0.6,0.2,90.4,0.6,3.0,1.0,4.0,1611661320,Los Angeles Sparks,0,69,0.5,74.5,-8.25,0.5,74.5,-8.25,2.0,2.0,2.0,-0.3,-0.3,15.900000000000006,15.900000000000006,8.85,8.85,1.0
2021,1022100072,2021-06-17,1611661321,Dallas Wings,0,73,0.45454545454545453,85.54545454545455,2.3636363636363638,0.4,84.7,0.3,4.0,5.0,6.0,1611661324,Minnesota Lynx,1,85,0.4,81.5,-1.2,0.4,81.5,-1.2,2.0,4.0,6.0,0.05454545454545451,0.0,4.045454545454547,3.200000000000003,3.5636363636363635,1.5,2.0
2021,1022100077,2021-06-19,1611661321,Dallas Wings,1,95,0.4166666666666667,84.5,1.1666666666666667,0.4,82.3,-0.6,2.0,5.0,7.0,1611661324,Minnesota Lynx,0,77,0.45454545454545453,81.81818181818181,0.0,0.5,82.5,0.2,2.0,5.0,6.0,-0.037878787878787845,-0.09999999999999998,2.681818181818187,-0.20000000000000284,1.1666666666666667,-0.8,0.0
2021,1022100087,2021-06-26,1611661321,Dallas Wings,1,85,0.4666666666666667,84.53333333333333,3.1333333333333333,0.6,81.6,4.4,2.0,7.0,8.0,1611661322,Washington Mystics,0,74,0.5,83.0,-0.42857142857142855,0.6,85.8,1.2,2.0,7.0,7.0,-0.033333333333333326,0.0,1.5333333333333314,-4.200000000000003,3.5619047619047617,3.2,0.0
2021,1022100094,2021-06-30,1611661321,Dallas Wings,0,81,0.5,84.5625,3.625,0.6,82.2,4.5,4.0,8.0,8.0,1611661329,Chicago Sky,1,91,0.5294117647058824,80.94117647058823,3.4705882352941178,0.7,83.0,7.1,3.0,9.0,8.0,-0.02941176470588236,-0.09999999999999998,3.621323529411768,-0.7999999999999972,0.15441176470588225,-2.5999999999999996,1.0
2021,1022100098,2021-07-02,1611661321,Dallas Wings,1,100,0.47058823529411764,84.3529411764706,2.823529411764706,0.6,80.1,3.8,2.0,8.0,9.0,1611661329,Chicago Sky,0,91,0.5555555555555556,81.5,3.8333333333333335,0.8,84.7,8.4,2.0,10.0,8.0,-0.08496732026143794,-0.20000000000000007,2.852941176470594,-4.6000000000000085,-1.0098039215686274,-4.6000000000000005,0.0
2021,1022100115,2021-07-11,1611661321,Dallas Wings,0,79,0.45,85.45,2.4,0.4,84.6,1.5,4.0,9.0,11.0,1611661319,Las Vegas Aces,1,95,0.7,90.45,9.5,0.7,91.2,9.4,2.0,14.0,6.0,-0.24999999999999994,-0.29999999999999993,-5.0,-6.6000000000000085,-7.1,-7.9,2.0
2021,1022100121,2021-08-15,1611661321,Dallas Wings,0,59,0.42857142857142855,85.14285714285714,1.5238095238095237,0.4,84.7,0.6,35.0,9.0,12.0,1611661323,Connecticut Sun,1,80,0.7,79.4,6.2,0.6,77.4,3.5,35.0,14.0,6.0,-0.2714285714285714,-0.19999999999999996,5.742857142857133,7.299999999999997,-4.6761904761904765,-2.9,0.0
2021,1022100136,2021-08-20,1611661321,Dallas Wings,0,81,0.43478260869565216,83.78260869565217,0.6521739130434783,0.4,81.8,-1.7,3.0,10.0,13.0,1611661325,Indiana Fever,1,83,0.18181818181818182,74.81818181818181,-9.590909090909092,0.3,74.4,-4.2,3.0,4.0,18.0,0.25296442687747034,0.10000000000000003,8.964426877470359,7.3999999999999915,10.24308300395257,2.5,0.0
2021,1022100159,2021-09-02,1611661321,Dallas Wings,1,72,0.4230769230769231,83.26923076923077,0.6538461538461539,0.3,81.2,-4.1,5.0,11.0,15.0,1611661330,Atlanta Dream,0,68,0.24,80.6,-6.12,0.0,76.7,-9.6,7.0,6.0,19.0,0.18307692307692308,0.3,2.6692307692307793,4.5,6.773846153846154,5.5,-2.0
2021,1022100166,2021-09-05,1611661321,Dallas Wings,0,64,0.4444444444444444,82.85185185185185,0.7777777777777778,0.4,80.3,-2.7,3.0,12.0,15.0,1611661330,Atlanta Dream,1,69,0.23076923076923078,80.11538461538461,-6.038461538461538,0.0,74.7,-9.7,3.0,6.0,20.0,0.21367521367521364,0.4,2.7364672364672344,5.599999999999994,6.816239316239316,6.999999999999999,0.0
2021,1022100168,2021-09-07,1611661321,Dallas Wings,0,56,0.42857142857142855,82.17857142857143,0.5714285714285714,0.3,76.7,-4.1,2.0,12.0,16.0,1611661323,Connecticut Sun,1,83,0.7777777777777778,79.07407407407408,7.814814814814815,0.9,76.9,11.0,7.0,21.0,6.0,-0.34920634920634924,-0.6000000000000001,3.1044973544973544,-0.20000000000000284,-7.243386243386244,-15.1,-5.0
2021,1022100175,2021-09-11,1611661321,Dallas Wings,1,77,0.41379310344827586,81.27586206896552,-0.3793103448275862,0.3,72.7,-6.5,4.0,12.0,17.0,1611661313,New York Liberty,0,76,0.3793103448275862,78.44827586206897,-7.103448275862069,0.1,73.4,-11.6,9.0,11.0,18.0,0.03448275862068967,0.19999999999999998,2.827586206896555,-0.7000000000000028,6.724137931034483,5.1,-5.0
2021,1022100191,2021-09-19,1611661321,Dallas Wings,1,87,0.41935483870967744,80.93548387096774,-0.6451612903225806,0.4,72.1,-5.2,6.0,13.0,18.0,1611661320,Los Angeles Sparks,0,84,0.3870967741935484,72.38709677419355,-4.387096774193548,0.4,69.4,-1.9,3.0,12.0,19.0,0.03225806451612906,0.0,8.548387096774192,2.6999999999999886,3.7419354838709675,-3.3000000000000003,3.0
2021,1022100047,2021-06-05,1611661322,Washington Mystics,0,93,0.3333333333333333,78.33333333333333,-1.1666666666666667,0.3333333333333333,78.33333333333333,-1.1666666666666667,8.0,2.0,4.0,1611661319,Las Vegas Aces,1,96,0.6666666666666666,89.0,10.333333333333334,0.6666666666666666,89.0,10.333333333333334,2.0,6.0,3.0,-0.3333333333333333,-0.3333333333333333,-10.666666666666671,-10.666666666666671,-11.5,-11.5,6.0
2021,1022100052,2021-06-08,1611661322,Washington Mystics,1,85,0.2857142857142857,80.42857142857143,-1.4285714285714286,0.2857142857142857,80.42857142857143,-1.4285714285714286,3.0,2.0,5.0,1611661324,Minnesota Lynx,0,81,0.42857142857142855,80.71428571428571,-1.1428571428571428,0.42857142857142855,80.71428571428571,-1.1428571428571428,2.0,3.0,4.0,-0.14285714285714285,-0.14285714285714285,-0.2857142857142776,-0.2857142857142776,-0.2857142857142858,-0.2857142857142858,1.0
2021,1022100056,2021-06-10,1611661322,Washington Mystics,1,89,0.375,81.0,-0.75,0.375,81.0,-0.75,2.0,3.0,5.0,1611661320,Los Angeles Sparks,0,71,0.5714285714285714,76.14285714285714,-0.42857142857142855,0.5714285714285714,76.14285714285714,-0.42857142857142855,5.0,4.0,3.0,-0.1964285714285714,-0.1964285714285714,4.857142857142861,4.857142857142861,-0.32142857142857145,-0.32142857142857145,-3.0
2021,1022100070,2021-06-17,1611661322,Washington Mystics,1,96,0.4,81.5,-1.1,0.4,81.5,-1.1,4.0,4.0,6.0,1611661330,Atlanta Dream,0,93,0.45454545454545453,83.54545454545455,-3.0,0.5,85.2,-2.2,4.0,5.0,6.0,-0.05454545454545451,-0.09999999999999998,-2.0454545454545467,-3.700000000000003,1.9,1.1,0.0
2021,1022100076,2021-06-19,1611661322,Washington Mystics,1,82,0.45454545454545453,82.81818181818181,-0.7272727272727273,0.5,85.5,0.6,2.0,5.0,6.0,1611661325,Indiana Fever,0,77,0.07142857142857142,74.35714285714286,-14.0,0.1,74.3,-16.0,2.0,1.0,13.0,0.3831168831168831,0.4,8.461038961038952,11.200000000000003,13.272727272727273,16.6,0.0
2021,1022100093,2021-06-29,1611661322,Washington Mystics,0,71,0.4666666666666667,82.4,-1.1333333333333333,0.5,84.7,-1.5,3.0,7.0,8.0,1611661323,Connecticut Sun,1,90,0.6666666666666666,79.33333333333333,5.066666666666666,0.5,78.2,1.2,2.0,10.0,5.0,-0.19999999999999996,0.0,3.066666666666677,6.5,-6.199999999999999,-2.7,1.0
2021,1022100140,2021-08-22,1611661322,Washington Mystics,0,78,0.38095238095238093,81.19047619047619,-2.8095238095238093,0.3,79.4,-5.1,3.0,8.0,13.0,1611661328,Seattle Storm,1,85,0.7083333333333334,86.58333333333333,6.333333333333333,0.5,84.3,2.4,2.0,17.0,7.0,-0.32738095238095244,-0.2,-5.392857142857139,-4.8999999999999915,-9.142857142857142,-7.5,1.0
2021,1022100144,2021-08-24,1611661322,Washington Mystics,1,78,0.36363636363636365,81.04545454545455,-3.0,0.2,79.0,-6.3,2.0,8.0,14.0,1611661320,Los Angeles Sparks,0,68,0.43478260869565216,74.0,-4.869565217391305,0.4,72.1,-7.0,2.0,10.0,13.0,-0.07114624505928852,-0.2,7.045454545454547,6.900000000000006,1.8695652173913047,0.7000000000000002,0.0
2021,1022100148,2021-08-26,1611661322,Washington Mystics,0,77,0.391304347826087,80.91304347826087,-2.4347826086956523,0.2,78.1,-5.7,2.0,9.0,14.0,1611661321,Dallas Wings,1,82,0.4166666666666667,83.66666666666667,0.5416666666666666,0.4,82.9,-0.9,6.0,10.0,14.0,-0.025362318840579712,-0.2,-2.753623188405797,-4.800000000000011,-2.976449275362319,-4.8,-4.0
2021,1022100153,2021-08-28,1611661322,Washington Mystics,1,76,0.375,80.75,-2.5416666666666665,0.2,77.6,-5.5,2.0,9.0,15.0,1611661321,Dallas Wings,0,75,0.44,83.6,0.72,0.4,82.2,-2.9,2.0,11.0,14.0,-0.065,-0.2,-2.8499999999999943,-4.6000000000000085,-3.2616666666666667,-2.6,0.0
2021,1022100156,2021-08-31,1611661322,Washington Mystics,0,75,0.4,80.56,-2.4,0.3,77.8,-4.3,3.0,10.0,15.0,1611661323,Connecticut Sun,1,85,0.7692307692307693,78.84615384615384,7.730769230769231,0.9,77.0,10.6,3.0,20.0,6.0,-0.36923076923076925,-0.6000000000000001,1.7138461538461627,0.7999999999999972,-10.13076923076923,-14.899999999999999,0.0
2021,1022100173,2021-09-10,1611661322,Washington Mystics,1,82,0.35714285714285715,79.82142857142857,-4.357142857142857,0.2,76.0,-8.7,3.0,10.0,18.0,1611661330,Atlanta Dream,0,74,0.25,79.53571428571429,-5.464285714285714,0.1,72.4,-5.8,2.0,7.0,21.0,0.10714285714285715,0.1,0.2857142857142776,3.5999999999999943,1.1071428571428577,-2.8999999999999995,1.0
2021,1022100190,2021-09-19,1611661322,Washington Mystics,0,77,0.3870967741935484,79.87096774193549,-3.774193548387097,0.4,77.1,-5.8,2.0,12.0,19.0,1611661324,Minnesota Lynx,1,83,0.6774193548387096,82.70967741935483,3.935483870967742,0.8,83.3,6.1,2.0,21.0,10.0,-0.29032258064516125,-0.4,-2.838709677419345,-6.200000000000003,-7.709677419354839,-11.899999999999999,0.0
2021,1022100029,2021-05-28,1611661323,Connecticut Sun,1,86,0.8333333333333334,82.5,10.166666666666666,0.8333333333333334,82.5,10.166666666666666,3.0,5.0,1.0,1611661322,Washington Mystics,0,81,0.4,77.8,-0.4,0.4,77.8,-0.4,3.0,2.0,3.0,0.43333333333333335,0.43333333333333335,4.700000000000003,4.700000000000003,10.566666666666666,10.566666666666666,0.0
2021,1022100038,2021-06-01,1611661323,Connecticut Sun,1,74,0.75,81.875,7.625,0.75,81.875,7.625,2.0,6.0,2.0,1611661319,Las Vegas Aces,0,67,0.7142857142857143,91.42857142857143,12.571428571428571,0.7142857142857143,91.42857142857143,12.571428571428571,2.0,5.0,2.0,0.0357142857142857,0.0357142857142857,-9.55357142857143,-9.55357142857143,-4.946428571428571,-4.946428571428571,0.0
2021,1022100049,2021-06-05,1611661323,Connecticut Sun,1,85,0.7777777777777778,81.0,7.555555555555555,0.7777777777777778,81.0,7.555555555555555,4.0,7.0,2.0,1611661313,New York Liberty,0,64,0.625,83.875,-0.875,0.625,83.875,-0.875,2.0,5.0,3.0,0.1527777777777778,0.1527777777777778,-2.875,-2.875,8.430555555555555,8.430555555555555,2.0
2021,1022100061,2021-06-13,1611661323,Connecticut Sun,0,66,0.8,81.4,8.9,0.8,81.4,8.9,8.0,8.0,2.0,1611661328,Seattle Storm,1,89,0.8181818181818182,89.0909090909091,7.090909090909091,0.8,88.3,6.4,2.0,9.0,2.0,-0.018181818181818188,0.0,-7.690909090909088,-6.8999999999999915,1.8090909090909095,2.5,6.0
2021,1022100079,2021-06-22,1611661323,Connecticut Sun,1,80,0.6153846153846154,79.6923076923077,3.8461538461538463,0.5,78.4,1.0,3.0,8.0,5.0,1611661321,Dallas Wings,0,70,0.46153846153846156,85.3076923076923,2.4615384615384617,0.5,83.7,1.9,3.0,6.0,7.0,0.15384615384615385,0.0,-5.615384615384613,-5.299999999999997,1.3846153846153846,-0.8999999999999999,0.0
2021,1022100090,2021-06-27,1611661323,Connecticut Sun,1,74,0.6428571428571429,79.71428571428571,4.285714285714286,0.5,78.0,0.3,5.0,9.0,5.0,1611661329,Chicago Sky,0,58,0.5625,82.375,4.6875,0.7,85.5,8.6,3.0,9.0,7.0,0.0803571428571429,-0.19999999999999996,-2.660714285714292,-7.5,-0.4017857142857144,-8.299999999999999,2.0
2021,1022100110,2021-07-09,1611661323,Connecticut Sun,1,84,0.6666666666666666,79.61111111111111,5.277777777777778,0.6,77.8,3.4,6.0,12.0,6.0,1611661330,Atlanta Dream,0,72,0.35294117647058826,84.17647058823529,-4.882352941176471,0.2,83.9,-8.2,5.0,6.0,11.0,0.31372549019607837,0.39999999999999997,-4.565359477124176,-6.1000000000000085,10.16013071895425,11.6,1.0
2021,1022100126,2021-08-17,1611661323,Connecticut Sun,1,72,0.7142857142857143,79.42857142857143,6.904761904761905,0.7,78.8,7.9,2.0,15.0,6.0,1611661324,Minnesota Lynx,0,60,0.65,83.55,3.65,0.9,85.6,8.5,2.0,13.0,7.0,0.06428571428571428,-0.20000000000000007,-4.121428571428567,-6.799999999999997,3.254761904761905,-0.5999999999999996,0.0
2021,1022100132,2021-08-19,1611661323,Connecticut Sun,1,82,0.7272727272727273,79.0909090909091,7.136363636363637,0.8,78.5,9.7,2.0,16.0,6.0,1611661324,Minnesota Lynx,0,71,0.6190476190476191,82.42857142857143,2.9047619047619047,0.8,83.1,6.1,2.0,13.0,8.0,0.10822510822510822,0.0,-3.337662337662337,-4.599999999999994,4.231601731601732,3.5999999999999996,0.0
2021,1022100143,2021-08-24,1611661323,Connecticut Sun,1,76,0.7391304347826086,79.21739130434783,7.304347826086956,0.9,78.6,11.8,5.0,17.0,6.0,1611661319,Las Vegas Aces,0,62,0.7391304347826086,90.47826086956522,9.434782608695652,0.7,89.6,6.5,7.0,17.0,6.0,0.0,0.20000000000000007,-11.26086956521739,-11.0,-2.1304347826086962,5.300000000000001,-2.0
2021,1022100147,2021-08-26,1611661323,Connecticut Sun,1,76,0.75,79.08333333333333,7.583333333333333,0.9,78.2,12.2,2.0,18.0,6.0,1611661320,Los Angeles Sparks,0,72,0.4166666666666667,73.75,-5.083333333333333,0.4,71.0,-7.1,2.0,10.0,14.0,0.3333333333333333,0.5,5.333333333333329,7.200000000000003,12.666666666666666,19.299999999999997,0.0
2021,1022100152,2021-08-28,1611661323,Connecticut Sun,1,76,0.76,78.96,7.44,0.9,78.4,11.0,2.0,19.0,6.0,1611661320,Los Angeles Sparks,0,61,0.4,73.68,-5.04,0.4,70.7,-5.1,2.0,10.0,15.0,0.36,0.5,5.279999999999987,7.700000000000003,12.48,16.1,0.0
2021,1022100182,2021-09-15,1611661323,Connecticut Sun,1,98,0.8,78.96666666666667,8.833333333333334,1.0,78.1,14.1,4.0,24.0,6.0,1611661313,New York Liberty,0,69,0.36666666666666664,78.36666666666666,-6.9,0.1,74.1,-10.4,4.0,11.0,19.0,0.4333333333333334,0.9,0.6000000000000085,4.0,15.733333333333334,24.5,0.0
2021,1022100188,2021-09-19,1611661323,Connecticut Sun,1,84,0.8064516129032258,79.58064516129032,9.483870967741936,1.0,79.9,14.9,4.0,25.0,6.0,1611661330,Atlanta Dream,0,64,0.25806451612903225,79.16129032258064,-5.161290322580645,0.2,72.2,-3.8,3.0,8.0,23.0,0.5483870967741935,0.8,0.4193548387096797,7.700000000000003,14.64516129032258,18.7,1.0
2021,1022100037,2021-05-30,1611661324,Minnesota Lynx,1,79,0.0,75.0,-8.75,0.0,75.0,-8.75,2.0,0.0,4.0,1611661323,Connecticut Sun,0,74,0.8571428571428571,83.0,9.428571428571429,0.8571428571428571,83.0,9.428571428571429,2.0,6.0,1.0,-0.8571428571428571,-0.8571428571428571,-8.0,-8.0,-18.17857142857143,-18.17857142857143,0.0
2021,1022100045,2021-06-04,1611661324,Minnesota Lynx,1,86,0.2,75.8,-6.0,0.2,75.8,-6.0,5.0,1.0,4.0,1611661330,Atlanta Dream,0,84,0.6666666666666666,84.66666666666667,0.16666666666666666,0.6666666666666666,84.66666666666667,0.16666666666666666,6.0,4.0,2.0,-0.4666666666666666,-0.4666666666666666,-8.866666666666674,-8.866666666666674,-6.166666666666667,-6.166666666666667,-1.0
2021,1022100050,2021-06-06,1611661324,Minnesota Lynx,1,100,0.3333333333333333,77.5,-4.666666666666667,0.3333333333333333,77.5,-4.666666666666667,2.0,2.0,4.0,1611661330,Atlanta Dream,0,80,0.5714285714285714,84.57142857142857,-0.14285714285714285,0.5714285714285714,84.57142857142857,-0.14285714285714285,2.0,4.0,3.0,-0.23809523809523808,-0.23809523809523808,-7.071428571428569,-7.071428571428569,-4.523809523809524,-4.523809523809524,0.0
2021,1022100060,2021-06-12,1611661324,Minnesota Lynx,1,80,0.375,80.75,-1.5,0.375,80.75,-1.5,4.0,3.0,5.0,1611661320,Los Angeles Sparks,0,64,0.5,75.5,-2.625,0.5,75.5,-2.625,2.0,4.0,4.0,-0.125,-0.125,5.25,5.25,1.125,1.125,2.0
2021,1022100066,2021-06-15,1611661324,Minnesota Lynx,0,89,0.4444444444444444,80.66666666666667,0.4444444444444444,0.4444444444444444,80.66666666666667,0.4444444444444444,3.0,4.0,5.0,1611661329,Chicago Sky,1,105,0.36363636363636365,78.0,0.0,0.3,78.8,-1.4,3.0,4.0,7.0,0.08080808080808077,0.14444444444444443,2.6666666666666714,1.8666666666666742,0.4444444444444444,1.8444444444444443,0.0
2021,1022100086,2021-06-25,1611661324,Minnesota Lynx,1,90,0.46153846153846156,81.84615384615384,-1.2307692307692308,0.6,83.6,0.9,2.0,6.0,7.0,1611661319,Las Vegas Aces,0,89,0.7692307692307693,91.15384615384616,11.692307692307692,0.8,90.9,12.2,8.0,10.0,3.0,-0.3076923076923077,-0.20000000000000007,-9.30769230769232,-7.300000000000011,-12.923076923076923,-11.299999999999999,-6.0
2021,1022100107,2021-07-07,1611661324,Minnesota Lynx,1,85,0.5625,83.4375,1.375,0.7,87.0,5.0,4.0,9.0,7.0,1611661321,Dallas Wings,0,79,0.47368421052631576,85.78947368421052,2.8421052631578947,0.5,84.4,3.9,2.0,9.0,10.0,0.08881578947368424,0.19999999999999996,-2.3519736842105203,2.5999999999999943,-1.4671052631578947,1.1,2.0
2021,1022100124,2021-08-15,1611661324,Minnesota Lynx,1,88,0.631578947368421,83.3157894736842,3.3157894736842106,0.8,85.7,5.9,35.0,12.0,7.0,1611661313,New York Liberty,0,78,0.47619047619047616,79.23809523809524,-5.714285714285714,0.4,76.6,-7.2,35.0,10.0,11.0,0.15538847117794485,0.4,4.0776942355889645,9.100000000000009,9.030075187969924,13.100000000000001,0.0
2021,1022100141,2021-08-24,1611661324,Minnesota Lynx,1,76,0.6086956521739131,82.73913043478261,2.4347826086956523,0.8,83.9,7.2,3.0,14.0,9.0,1611661328,Seattle Storm,0,70,0.72,86.52,6.36,0.6,84.5,3.5,2.0,18.0,7.0,-0.11130434782608689,0.20000000000000007,-3.7808695652173867,-0.5999999999999943,-3.925217391304348,3.7,1.0
2021,1022100157,2021-08-31,1611661324,Minnesota Lynx,1,74,0.625,82.45833333333333,2.5833333333333335,0.8,82.5,7.7,7.0,15.0,9.0,1611661313,New York Liberty,0,66,0.4074074074074074,79.03703703703704,-6.962962962962963,0.3,77.4,-9.2,4.0,11.0,16.0,0.21759259259259262,0.5,3.4212962962962905,5.099999999999994,9.546296296296296,16.9,3.0
2021,1022100160,2021-09-02,1611661324,Minnesota Lynx,1,66,0.64,82.12,2.8,0.8,81.7,7.9,2.0,16.0,9.0,1611661320,Los Angeles Sparks,0,57,0.37037037037037035,73.14814814814815,-5.296296296296297,0.4,70.8,-5.0,2.0,10.0,17.0,0.26962962962962966,0.4,8.971851851851852,10.900000000000006,8.096296296296297,12.9,0.0
2021,1022100164,2021-09-04,1611661324,Minnesota Lynx,1,93,0.6538461538461539,81.5,3.0384615384615383,0.8,78.4,5.7,2.0,17.0,9.0,1611661322,Washington Mystics,0,75,0.38461538461538464,80.34615384615384,-2.6923076923076925,0.3,78.2,-3.4,4.0,10.0,16.0,0.2692307692307692,0.5,1.1538461538461604,0.20000000000000284,5.730769230769231,9.1,-2.0
2021,1022100174,2021-09-10,1611661324,Minnesota Lynx,1,89,0.6428571428571429,81.89285714285714,2.7142857142857144,0.7,79.6,3.8,2.0,18.0,10.0,1611661325,Indiana Fever,0,72,0.2222222222222222,74.81481481481481,-9.25925925925926,0.5,75.8,-1.8,4.0,6.0,21.0,0.4206349206349207,0.19999999999999996,7.078042328042329,3.799999999999997,11.973544973544975,5.6,-2.0
2021,1022100178,2021-09-12,1611661324,Minnesota Lynx,1,90,0.6551724137931034,82.13793103448276,3.206896551724138,0.7,79.9,3.0,2.0,19.0,10.0,1611661325,Indiana Fever,0,80,0.21428571428571427,74.71428571428571,-9.535714285714286,0.4,75.7,-4.1,2.0,6.0,22.0,0.4408866995073891,0.29999999999999993,7.423645320197053,4.200000000000003,12.742610837438423,7.1,0.0
2021,1022100021,2021-05-23,1611661325,Indiana Fever,1,89,0.0,74.5,-9.0,0.0,74.5,-9.0,2.0,0.0,4.0,1611661322,Washington Mystics,0,77,0.3333333333333333,75.66666666666667,-2.0,0.3333333333333333,75.66666666666667,-2.0,2.0,1.0,2.0,-0.3333333333333333,-0.3333333333333333,-1.1666666666666714,-1.1666666666666714,-7.0,-7.0,0.0
2021,1022100023,2021-05-25,1611661325,Indiana Fever,0,69,0.2,77.4,-4.8,0.2,77.4,-4.8,2.0,1.0,4.0,1611661322,Washington Mystics,1,85,0.25,76.0,-4.5,0.25,76.0,-4.5,2.0,1.0,3.0,-0.04999999999999999,-0.04999999999999999,1.4000000000000057,1.4000000000000057,-0.2999999999999998,-0.2999999999999998,0.0
2021,1022100059,2021-06-12,1611661325,Indiana Fever,0,79,0.09090909090909091,74.81818181818181,-15.0,0.1,73.6,-16.2,3.0,1.0,10.0,1611661329,Chicago Sky,1,83,0.3,77.5,-0.4,0.3,77.5,-0.4,3.0,3.0,7.0,-0.20909090909090908,-0.19999999999999998,-2.681818181818187,-3.9000000000000057,-14.6,-15.799999999999999,0.0
2021,1022100065,2021-06-15,1611661325,Indiana Fever,0,70,0.08333333333333333,75.16666666666667,-14.083333333333334,0.1,75.0,-15.8,3.0,1.0,11.0,1611661328,Seattle Storm,1,87,0.8333333333333334,89.08333333333333,8.416666666666666,0.9,89.2,10.3,2.0,10.0,2.0,-0.75,-0.8,-13.916666666666657,-14.200000000000003,-22.5,-26.1,1.0
2021,1022100069,2021-06-17,1611661325,Indiana Fever,0,69,0.07692307692307693,74.76923076923077,-14.307692307692308,0.1,75.3,-15.4,2.0,1.0,12.0,1611661328,Seattle Storm,1,79,0.8461538461538461,88.92307692307692,9.076923076923077,0.9,88.9,10.8,2.0,11.0,2.0,-0.7692307692307692,-0.8,-14.153846153846146,-13.600000000000009,-23.384615384615387,-26.200000000000003,0.0
2021,1022100083,2021-06-24,1611661325,Indiana Fever,0,64,0.06666666666666667,74.53333333333333,-13.4,0.0,73.1,-17.7,5.0,1.0,14.0,1611661321,Dallas Wings,1,89,0.42857142857142855,84.21428571428571,1.5714285714285714,0.5,81.2,1.5,2.0,6.0,8.0,-0.3619047619047619,-0.5,-9.680952380952377,-8.100000000000009,-14.971428571428572,-19.2,3.0
2021,1022100097,2021-07-01,1611661325,Indiana Fever,0,80,0.0625,73.875,-14.125,0.0,72.6,-18.6,7.0,1.0,15.0,1611661323,Connecticut Sun,1,86,0.6875,80.0,5.9375,0.6,78.5,3.4,2.0,11.0,5.0,-0.625,-0.6,-6.125,-5.900000000000006,-20.0625,-22.0,5.0
2021,1022100102,2021-07-03,1611661325,Indiana Fever,1,73,0.058823529411764705,74.23529411764706,-13.647058823529411,0.0,72.9,-15.6,2.0,1.0,16.0,1611661323,Connecticut Sun,0,67,0.7058823529411765,80.3529411764706,5.9411764705882355,0.6,78.5,3.5,2.0,12.0,5.0,-0.6470588235294118,-0.6,-6.117647058823536,-5.599999999999994,-19.588235294117645,-19.1,0.0
2021,1022100111,2021-07-09,1611661325,Indiana Fever,1,82,0.1111111111111111,74.16666666666667,-12.555555555555555,0.1,72.4,-12.7,6.0,2.0,16.0,1611661313,New York Liberty,0,69,0.5263157894736842,81.10526315789474,-4.7368421052631575,0.5,80.6,-6.2,4.0,10.0,9.0,-0.4152046783625731,-0.4,-6.938596491228068,-8.199999999999989,-7.818713450292398,-6.499999999999999,2.0
2021,1022100151,2021-08-28,1611661325,Indiana Fever,0,71,0.21739130434782608,75.17391304347827,-9.08695652173913,0.4,75.7,-2.3,8.0,5.0,18.0,1611661319,Las Vegas Aces,1,87,0.72,88.84,8.4,0.7,85.2,5.6,2.0,18.0,7.0,-0.5026086956521739,-0.29999999999999993,-13.666086956521738,-9.5,-17.48695652173913,-7.8999999999999995,6.0
2021,1022100155,2021-08-31,1611661325,Indiana Fever,1,74,0.20833333333333334,75.0,-9.375,0.4,75.9,-2.9,3.0,5.0,19.0,1611661320,Los Angeles Sparks,0,72,0.38461538461538464,73.1923076923077,-5.423076923076923,0.4,71.0,-5.8,3.0,10.0,16.0,-0.1762820512820513,0.0,1.8076923076923066,4.900000000000006,-3.9519230769230766,2.9,0.0
2021,1022100163,2021-09-04,1611661325,Indiana Fever,0,65,0.24,74.96,-8.92,0.5,75.6,-2.2,4.0,6.0,19.0,1611661317,Phoenix Mercury,1,87,0.6153846153846154,82.38461538461539,2.8076923076923075,0.9,88.5,11.6,4.0,16.0,10.0,-0.3753846153846154,-0.4,-7.424615384615393,-12.900000000000006,-11.727692307692308,-13.8,0.0
2021,1022100167,2021-09-06,1611661325,Indiana Fever,0,81,0.23076923076923078,74.57692307692308,-9.423076923076923,0.5,75.7,-1.9,2.0,6.0,20.0,1611661317,Phoenix Mercury,1,86,0.6296296296296297,82.55555555555556,3.5185185185185186,0.9,87.3,12.9,2.0,17.0,10.0,-0.39886039886039887,-0.4,-7.978632478632477,-11.599999999999994,-12.941595441595442,-14.8,0.0
2021,1022100184,2021-09-17,1611661325,Indiana Fever,0,73,0.2,75.0,-9.466666666666667,0.2,75.4,-8.2,3.0,6.0,24.0,1611661324,Minnesota Lynx,1,92,0.6666666666666666,82.4,3.433333333333333,0.7,80.1,3.0,5.0,20.0,10.0,-0.4666666666666666,-0.49999999999999994,-7.400000000000006,-4.699999999999989,-12.9,-11.2,-2.0
2021,1022100026,2021-05-25,1611661328,Seattle Storm,1,90,0.75,91.75,3.25,0.75,91.75,3.25,3.0,3.0,1.0,1611661323,Connecticut Sun,0,87,1.0,81.6,12.8,1.0,81.6,12.8,2.0,5.0,0.0,-0.25,-0.25,10.150000000000006,10.150000000000006,-9.55,-9.55,1.0
2021,1022100031,2021-05-28,1611661328,Seattle Storm,1,82,0.8,91.4,3.2,0.8,91.4,3.2,3.0,4.0,1.0,1611661324,Minnesota Lynx,0,72,0.0,76.0,-8.333333333333334,0.0,76.0,-8.333333333333334,8.0,0.0,3.0,0.8,0.8,15.400000000000006,15.400000000000006,11.533333333333335,11.533333333333335,-5.0
2021,1022100041,2021-06-01,1611661328,Seattle Storm,1,88,0.8333333333333334,89.83333333333333,4.333333333333333,0.8333333333333334,89.83333333333333,4.333333333333333,4.0,5.0,1.0,1611661325,Indiana Fever,0,73,0.125,76.375,-12.375,0.125,76.375,-12.375,2.0,1.0,7.0,0.7083333333333334,0.7083333333333334,13.458333333333329,13.458333333333329,16.708333333333332,16.708333333333332,2.0
2021,1022100046,2021-06-04,1611661328,Seattle Storm,1,105,0.8571428571428571,89.57142857142857,5.857142857142857,0.8571428571428571,89.57142857142857,5.857142857142857,3.0,6.0,1.0,1611661321,Dallas Wings,0,102,0.3333333333333333,88.5,2.1666666666666665,0.3333333333333333,88.5,2.1666666666666665,3.0,2.0,4.0,0.5238095238095237,0.5238095238095237,1.0714285714285694,1.0714285714285694,3.6904761904761902,3.6904761904761902,0.0
2021,1022100051,2021-06-06,1611661328,Seattle Storm,0,67,0.875,91.5,5.5,0.875,91.5,5.5,2.0,7.0,1.0,1611661321,Dallas Wings,1,68,0.2857142857142857,90.42857142857143,1.4285714285714286,0.2857142857142857,90.42857142857143,1.4285714285714286,2.0,2.0,5.0,0.5892857142857143,0.5892857142857143,1.0714285714285694,1.0714285714285694,4.071428571428571,4.071428571428571,0.0
2021,1022100081,2021-06-22,1611661328,Seattle Storm,0,83,0.8571428571428571,88.21428571428571,9.142857142857142,0.9,86.8,11.5,5.0,12.0,2.0,1611661322,Washington Mystics,1,87,0.5,82.75,-0.25,0.6,86.7,3.2,3.0,6.0,6.0,0.3571428571428571,0.30000000000000004,5.464285714285708,0.09999999999999432,9.392857142857142,8.3,2.0
2021,1022100101,2021-07-02,1611661328,Seattle Storm,1,91,0.75,88.125,7.5625,0.7,87.1,9.5,5.0,12.0,4.0,1611661330,Atlanta Dream,0,88,0.4,83.2,-3.8,0.3,83.0,-5.5,3.0,6.0,9.0,0.35,0.39999999999999997,4.924999999999997,4.099999999999994,11.3625,15.0,2.0
2021,1022100109,2021-07-07,1611661328,Seattle Storm,1,71,0.7777777777777778,88.05555555555556,7.444444444444445,0.7,85.3,9.0,3.0,14.0,4.0,1611661320,Los Angeles Sparks,0,62,0.35294117647058826,74.52941176470588,-5.470588235294118,0.2,73.4,-9.0,3.0,6.0,11.0,0.42483660130718953,0.49999999999999994,13.526143790849673,11.899999999999991,12.915032679738562,18.0,0.0
2021,1022100118,2021-07-11,1611661328,Seattle Storm,1,82,0.75,86.65,6.75,0.7,83.9,6.8,2.0,15.0,5.0,1611661317,Phoenix Mercury,0,75,0.5,80.05555555555556,-1.4444444444444444,0.4,79.9,-2.6,2.0,9.0,9.0,0.25,0.29999999999999993,6.5944444444444485,4.0,8.194444444444445,9.4,0.0
2021,1022100150,2021-08-27,1611661328,Seattle Storm,0,69,0.6923076923076923,85.88461538461539,5.884615384615385,0.6,82.3,3.2,3.0,18.0,8.0,1611661329,Chicago Sky,1,73,0.5,82.79166666666667,2.2916666666666665,0.5,85.2,2.3,3.0,12.0,12.0,0.1923076923076923,0.09999999999999998,3.0929487179487154,-2.9000000000000057,3.5929487179487185,0.9000000000000004,0.0
2021,1022100154,2021-08-29,1611661328,Seattle Storm,0,75,0.6666666666666666,85.25925925925925,5.518518518518518,0.5,80.1,2.5,2.0,18.0,9.0,1611661329,Chicago Sky,1,107,0.52,82.4,2.36,0.5,83.3,0.7,2.0,13.0,12.0,0.1466666666666666,0.0,2.8592592592592467,-3.200000000000003,3.1585185185185183,1.8,0.0
2021,1022100162,2021-09-02,1611661328,Seattle Storm,1,85,0.6428571428571429,84.89285714285714,4.178571428571429,0.4,79.2,-1.7,4.0,18.0,10.0,1611661313,New York Liberty,0,75,0.39285714285714285,78.57142857142857,-7.0,0.2,75.8,-10.3,2.0,11.0,17.0,0.25000000000000006,0.2,6.321428571428569,3.4000000000000057,11.178571428571429,8.600000000000001,2.0
2021,1022100169,2021-09-07,1611661328,Seattle Storm,1,105,0.6551724137931034,84.89655172413794,4.379310344827586,0.4,80.6,-1.6,5.0,19.0,10.0,1611661322,Washington Mystics,0,71,0.37037037037037035,80.14814814814815,-3.259259259259259,0.3,77.8,-4.9,3.0,10.0,17.0,0.2848020434227331,0.10000000000000003,4.748403575989784,2.799999999999997,7.638569604086845,3.3000000000000003,2.0
2021,1022100187,2021-09-17,1611661328,Seattle Storm,1,94,0.6451612903225806,84.51612903225806,4.290322580645161,0.4,80.5,-0.9,5.0,20.0,11.0,1611661317,Phoenix Mercury,0,85,0.6333333333333333,81.93333333333334,3.066666666666667,0.9,85.0,11.4,6.0,19.0,11.0,0.011827956989247324,-0.5,2.582795698924727,-4.5,1.2236559139784942,-12.3,-1.0
2021,1022100025,2021-05-25,1611661329,Chicago Sky,0,83,0.6666666666666666,80.0,4.666666666666667,0.6666666666666666,80.0,4.666666666666667,2.0,2.0,1.0,1611661330,Atlanta Dream,1,90,0.3333333333333333,75.66666666666667,-5.0,0.3333333333333333,75.66666666666667,-5.0,4.0,1.0,2.0,0.3333333333333333,0.3333333333333333,4.333333333333329,4.333333333333329,9.666666666666668,9.666666666666668,-2.0
2021,1022100035,2021-05-30,1611661329,Chicago Sky,0,79,0.4,76.8,-1.6,0.4,76.8,-1.6,2.0,2.0,3.0,1611661320,Los Angeles Sparks,1,82,0.3333333333333333,72.0,-12.0,0.3333333333333333,72.0,-12.0,2.0,1.0,2.0,0.06666666666666671,0.06666666666666671,4.799999999999997,4.799999999999997,10.4,10.4,0.0
2021,1022100039,2021-06-01,1611661329,Chicago Sky,0,83,0.3333333333333333,77.16666666666667,-1.8333333333333333,0.3333333333333333,77.16666666666667,-1.8333333333333333,2.0,2.0,4.0,1611661317,Phoenix Mercury,1,84,0.5,80.16666666666667,-0.6666666666666666,0.5,80.16666666666667,-0.6666666666666666,3.0,3.0,3.0,-0.16666666666666669,-0.16666666666666669,-3.0,-3.0,-1.1666666666666665,-1.1666666666666665,-1.0
2021,1022100054,2021-06-09,1611661329,Chicago Sky,1,92,0.2222222222222222,75.88888888888889,-2.2222222222222223,0.2222222222222222,75.88888888888889,-2.2222222222222223,4.0,2.0,7.0,1611661325,Indiana Fever,0,76,0.1,74.7,-14.9,0.1,74.7,-14.9,6.0,1.0,9.0,0.1222222222222222,0.1222222222222222,1.1888888888888829,1.1888888888888829,12.677777777777777,12.677777777777777,-2.0
2021,1022100071,2021-06-17,1611661329,Chicago Sky,1,81,0.4166666666666667,80.25,1.3333333333333333,0.3,80.8,-0.6,2.0,5.0,7.0,1611661323,Connecticut Sun,0,75,0.7272727272727273,80.0,6.0,0.7,80.2,5.5,4.0,8.0,3.0,-0.3106060606060606,-0.39999999999999997,0.25,0.5999999999999943,-4.666666666666667,-6.1,-2.0
2021,1022100075,2021-06-19,1611661329,Chicago Sky,1,91,0.46153846153846156,80.3076923076923,1.6923076923076923,0.4,80.4,0.8,2.0,6.0,7.0,1611661323,Connecticut Sun,0,81,0.6666666666666666,79.58333333333333,5.0,0.6,79.1,4.1,2.0,8.0,4.0,-0.20512820512820507,-0.19999999999999996,0.724358974358978,1.3000000000000114,-3.3076923076923075,-3.3,0.0
2021,1022100114,2021-07-10,1611661329,Chicago Sky,0,85,0.5263157894736842,82.0,3.1578947368421053,0.8,87.5,8.0,8.0,10.0,9.0,1611661322,Washington Mystics,1,89,0.4117647058823529,81.52941176470588,-2.2941176470588234,0.5,82.3,-2.9,7.0,7.0,10.0,0.11455108359133126,0.30000000000000004,0.470588235294116,5.200000000000003,5.452012383900929,10.9,1.0
2021,1022100120,2021-08-15,1611661329,Chicago Sky,1,87,0.5,82.15,2.8,0.7,86.8,6.0,36.0,10.0,10.0,1611661328,Seattle Storm,0,85,0.7619047619047619,86.42857142857143,6.761904761904762,0.7,83.5,6.4,35.0,16.0,5.0,-0.26190476190476186,0.0,-4.278571428571425,3.299999999999997,-3.961904761904762,-0.40000000000000036,1.0
2021,1022100127,2021-08-17,1611661329,Chicago Sky,0,76,0.5238095238095238,82.38095238095238,2.761904761904762,0.7,87.2,5.8,2.0,11.0,10.0,1611661321,Dallas Wings,1,80,0.4090909090909091,83.95454545454545,0.5,0.4,83.3,-0.3,2.0,9.0,13.0,0.11471861471861472,0.29999999999999993,-1.5735930735930737,3.9000000000000057,2.261904761904762,6.1,0.0
2021,1022100138,2021-08-21,1611661329,Chicago Sky,0,95,0.5,82.0909090909091,2.4545454545454546,0.6,84.3,3.8,4.0,11.0,11.0,1611661324,Minnesota Lynx,1,101,0.5909090909090909,81.9090909090909,2.272727272727273,0.8,82.5,6.8,2.0,13.0,9.0,-0.09090909090909094,-0.20000000000000007,0.18181818181818699,1.7999999999999972,0.18181818181818166,-3.0,2.0
2021,1022100165,2021-09-05,1611661329,Chicago Sky,1,92,0.5,83.32142857142857,2.2857142857142856,0.4,86.6,-0.5,3.0,14.0,14.0,1611661319,Las Vegas Aces,0,84,0.7407407407407407,88.81481481481481,8.62962962962963,0.7,86.4,4.7,3.0,20.0,7.0,-0.2407407407407407,-0.29999999999999993,-5.49338624338624,0.19999999999998863,-6.343915343915344,-5.2,0.0
2021,1022100177,2021-09-12,1611661329,Chicago Sky,0,71,0.5172413793103449,83.62068965517241,2.4827586206896552,0.5,86.7,1.2,7.0,15.0,14.0,1611661322,Washington Mystics,1,79,0.3793103448275862,79.89655172413794,-3.9310344827586206,0.3,75.9,-7.8,2.0,11.0,18.0,0.13793103448275867,0.2,3.724137931034477,10.799999999999997,6.413793103448276,9.0,5.0
2021,1022100186,2021-09-17,1611661329,Chicago Sky,0,70,0.5,83.2,2.1333333333333333,0.5,85.3,0.8,5.0,15.0,15.0,1611661319,Las Vegas Aces,1,103,0.7333333333333333,88.96666666666667,8.533333333333333,0.8,86.0,6.6,4.0,22.0,8.0,-0.23333333333333328,-0.30000000000000004,-5.766666666666666,-0.7000000000000028,-6.4,-5.8,1.0
2021,1022100192,2021-09-19,1611661329,Chicago Sky,1,98,0.4838709677419355,82.7741935483871,1.0,0.4,83.6,-2.7,2.0,15.0,16.0,1611661325,Indiana Fever,0,87,0.1935483870967742,74.93548387096774,-9.774193548387096,0.2,75.7,-9.6,2.0,6.0,25.0,0.2903225806451613,0.2,7.838709677419359,7.8999999999999915,10.774193548387096,6.8999999999999995,0.0
2021,1022100028,2021-05-27,1611661330,Atlanta Dream,1,101,0.5,79.25,-2.0,0.5,79.25,-2.0,2.0,2.0,2.0,1611661321,Dallas Wings,0,95,0.3333333333333333,90.66666666666667,4.333333333333333,0.3333333333333333,90.66666666666667,4.333333333333333,3.0,1.0,2.0,0.16666666666666669,0.16666666666666669,-11.416666666666671,-11.416666666666671,-6.333333333333333,-6.333333333333333,-1.0
2021,1022100053,2021-06-09,1611661330,Atlanta Dream,0,71,0.5,84.0,-2.625,0.5,84.0,-2.625,3.0,4.0,4.0,1611661328,Seattle Storm,1,95,0.7777777777777778,88.77777777777777,4.777777777777778,0.7777777777777778,88.77777777777777,4.777777777777778,3.0,7.0,2.0,-0.2777777777777778,-0.2777777777777778,-4.7777777777777715,-4.7777777777777715,-7.402777777777778,-7.402777777777778,0.0
2021,1022100057,2021-06-11,1611661330,Atlanta Dream,0,75,0.4444444444444444,82.55555555555556,-5.0,0.4444444444444444,82.55555555555556,-5.0,2.0,4.0,5.0,1611661328,Seattle Storm,1,86,0.8,89.4,6.7,0.8,89.4,6.7,2.0,8.0,2.0,-0.3555555555555556,-0.3555555555555556,-6.8444444444444485,-6.8444444444444485,-11.7,-11.7,0.0
2021,1022100062,2021-06-13,1611661330,Atlanta Dream,1,101,0.4,81.8,-5.6,0.4,81.8,-5.6,2.0,4.0,6.0,1611661322,Washington Mystics,0,78,0.4444444444444444,81.88888888888889,1.3333333333333333,0.4444444444444444,81.88888888888889,1.3333333333333333,3.0,4.0,5.0,-0.0444444444444444,-0.0444444444444444,-0.08888888888888857,-0.08888888888888857,-6.933333333333333,-6.933333333333333,-1.0
2021,1022100082,2021-06-23,1611661330,Atlanta Dream,0,85,0.4166666666666667,84.33333333333333,-3.0,0.5,86.8,-1.7,6.0,5.0,7.0,1611661324,Minnesota Lynx,1,87,0.4166666666666667,81.41666666666667,-1.5,0.5,82.7,-0.5,4.0,5.0,7.0,0.0,0.0,2.916666666666657,4.099999999999994,-1.5,-1.2,2.0
2021,1022100088,2021-06-26,1611661330,Atlanta Dream,0,78,0.38461538461538464,84.38461538461539,-2.923076923076923,0.4,87.0,-2.3,3.0,5.0,8.0,1611661313,New York Liberty,1,101,0.4666666666666667,79.33333333333333,-7.666666666666667,0.3,77.6,-11.6,2.0,7.0,8.0,-0.08205128205128204,0.10000000000000003,5.051282051282058,9.400000000000006,4.7435897435897445,9.3,1.0
2021,1022100092,2021-06-29,1611661330,Atlanta Dream,1,73,0.35714285714285715,83.92857142857143,-4.357142857142857,0.3,85.8,-5.3,3.0,5.0,9.0,1611661313,New York Liberty,0,69,0.5,80.6875,-5.75,0.3,78.9,-10.0,3.0,8.0,8.0,-0.14285714285714285,0.0,3.2410714285714306,6.8999999999999915,1.3928571428571432,4.7,0.0
2021,1022100117,2021-07-11,1611661330,Atlanta Dream,0,68,0.3333333333333333,83.5,-5.277777777777778,0.2,83.1,-7.4,2.0,6.0,12.0,1611661325,Indiana Fever,1,79,0.15789473684210525,74.57894736842105,-11.210526315789474,0.2,73.3,-9.9,2.0,3.0,16.0,0.17543859649122806,0.0,8.921052631578945,9.799999999999997,5.932748538011697,2.5,0.0
2021,1022100137,2021-08-21,1611661330,Atlanta Dream,0,69,0.2727272727272727,81.63636363636364,-5.636363636363637,0.1,78.4,-8.8,2.0,6.0,16.0,1611661317,Phoenix Mercury,1,84,0.5454545454545454,80.4090909090909,-0.22727272727272727,0.7,82.4,2.4,2.0,12.0,10.0,-0.2727272727272727,-0.6,1.2272727272727337,-4.0,-5.409090909090909,-11.200000000000001,0.0
2021,1022100142,2021-08-24,1611661330,Atlanta Dream,0,79,0.2608695652173913,81.08695652173913,-6.043478260869565,0.1,76.8,-10.1,3.0,6.0,17.0,1611661329,Chicago Sky,1,86,0.4782608695652174,82.65217391304348,2.0869565217391304,0.5,85.7,2.6,3.0,11.0,12.0,-0.2173913043478261,-0.4,-1.5652173913043583,-8.900000000000006,-8.130434782608695,-12.7,0.0
2021,1022100146,2021-08-26,1611661330,Atlanta Dream,0,71,0.25,81.0,-6.083333333333333,0.1,76.9,-8.5,2.0,6.0,18.0,1611661319,Las Vegas Aces,1,78,0.7083333333333334,89.29166666666667,8.458333333333334,0.7,86.9,5.2,2.0,17.0,7.0,-0.45833333333333337,-0.6,-8.291666666666671,-10.0,-14.541666666666668,-13.7,0.0
2021,1022100170,2021-09-08,1611661330,Atlanta Dream,0,75,0.25925925925925924,79.70370370370371,-5.62962962962963,0.1,72.1,-6.9,3.0,7.0,20.0,1611661317,Phoenix Mercury,1,76,0.6428571428571429,82.67857142857143,3.5714285714285716,0.9,87.4,12.6,2.0,18.0,10.0,-0.38359788359788366,-0.8,-2.974867724867721,-15.300000000000011,-9.201058201058201,-19.5,1.0
2021,1022100181,2021-09-14,1611661330,Atlanta Dream,1,85,0.2413793103448276,79.34482758620689,-5.551724137931035,0.1,73.0,-5.5,4.0,7.0,22.0,1611661325,Indiana Fever,0,78,0.20689655172413793,74.89655172413794,-9.551724137931034,0.3,75.5,-6.4,2.0,6.0,23.0,0.03448275862068967,-0.19999999999999998,4.448275862068954,-2.5,3.999999999999999,0.9000000000000004,2.0
2021,1022100183,2021-09-16,1611661330,Atlanta Dream,0,68,0.26666666666666666,79.53333333333333,-5.133333333333334,0.2,73.4,-3.7,2.0,8.0,22.0,1611661320,Los Angeles Sparks,1,74,0.36666666666666664,72.33333333333333,-4.733333333333333,0.4,70.5,-2.0,4.0,11.0,19.0,-0.09999999999999998,-0.2,7.200000000000003,2.9000000000000057,-0.40000000000000036,-1.7000000000000002,-2.0
2022,1022200057,2022-06-01,1611661313,New York Liberty,1,87,0.125,70.375,-14.875,0.125,70.375,-14.875,3.0,1.0,7.0,1611661325,Indiana Fever,0,74,0.2727272727272727,81.81818181818181,-7.545454545454546,0.3,83.0,-6.9,1.0,3.0,8.0,-0.1477272727272727,-0.175,-11.443181818181813,-12.625,-7.329545454545454,-7.975,2.0
2022,1022200063,2022-06-05,1611661313,New York Liberty,0,77,0.3,72.4,-10.2,0.3,72.4,-10.2,2.0,3.0,7.0,1611661324,Minnesota Lynx,1,84,0.2,78.9,-6.8,0.2,78.9,-6.8,4.0,2.0,8.0,0.09999999999999998,0.09999999999999998,-6.5,-6.5,-3.3999999999999995,-3.3999999999999995,-2.0
2022,1022200069,2022-06-07,1611661313,New York Liberty,1,88,0.2727272727272727,72.81818181818181,-9.909090909090908,0.2,72.0,-11.1,2.0,3.0,8.0,1611661324,Minnesota Lynx,0,69,0.2727272727272727,79.36363636363636,-5.545454545454546,0.3,79.9,-3.8,2.0,3.0,8.0,0.0,-0.09999999999999998,-6.545454545454547,-7.900000000000006,-4.363636363636362,-7.3,0.0
2022,1022200079,2022-06-12,1611661313,New York Liberty,0,86,0.38461538461538464,75.84615384615384,-5.846153846153846,0.4,76.9,-3.9,2.0,5.0,8.0,1611661329,Chicago Sky,1,88,0.6666666666666666,81.83333333333333,4.666666666666667,0.7,80.8,3.0,2.0,8.0,4.0,-0.282051282051282,-0.29999999999999993,-5.987179487179489,-3.8999999999999915,-10.512820512820513,-6.9,0.0
2022,1022200088,2022-06-16,1611661313,New York Liberty,1,77,0.35714285714285715,76.57142857142857,-5.571428571428571,0.4,78.4,-3.1,4.0,5.0,9.0,1611661322,Washington Mystics,0,65,0.625,80.3125,5.125,0.5,78.6,3.0,2.0,10.0,6.0,-0.26785714285714285,-0.09999999999999998,-3.7410714285714306,-0.19999999999998863,-10.696428571428571,-6.1,2.0
2022,1022200092,2022-06-19,1611661313,New York Liberty,0,72,0.4,76.6,-4.4,0.5,79.6,0.8,3.0,6.0,9.0,1611661328,Seattle Storm,1,81,0.6,78.26666666666667,1.1333333333333333,0.7,78.8,2.7,2.0,9.0,6.0,-0.19999999999999996,-0.19999999999999996,-1.6666666666666714,0.7999999999999972,-5.533333333333333,-1.9000000000000001,1.0
2022,1022200119,2022-06-30,1611661313,New York Liberty,0,81,0.4444444444444444,77.27777777777777,-3.2777777777777777,0.7,82.8,6.0,6.0,8.0,10.0,1611661330,Atlanta Dream,1,92,0.42105263157894735,76.94736842105263,-2.3157894736842106,0.2,77.2,-6.8,2.0,8.0,11.0,0.023391812865497075,0.49999999999999994,0.3304093567251414,5.599999999999994,-0.9619883040935671,12.8,4.0
2022,1022200138,2022-07-12,1611661313,New York Liberty,0,101,0.4090909090909091,79.22727272727273,-3.3636363636363638,0.5,85.4,1.6,5.0,9.0,13.0,1611661319,Las Vegas Aces,1,107,0.6818181818181818,89.81818181818181,4.409090909090909,0.5,88.4,-2.2,6.0,15.0,7.0,-0.27272727272727265,0.0,-10.59090909090908,-3.0,-7.772727272727273,3.8000000000000003,-1.0
2022,1022200143,2022-07-14,1611661313,New York Liberty,0,74,0.391304347826087,80.17391304347827,-3.4782608695652173,0.4,85.8,-0.4,2.0,9.0,14.0,1611661319,Las Vegas Aces,1,108,0.6956521739130435,90.56521739130434,4.478260869565218,0.5,90.2,-3.3,2.0,16.0,7.0,-0.3043478260869565,-0.09999999999999998,-10.391304347826079,-4.400000000000006,-7.9565217391304355,2.9,0.0
2022,1022200164,2022-07-23,1611661313,New York Liberty,1,83,0.34615384615384615,78.84615384615384,-5.461538461538462,0.3,82.9,-6.7,2.0,9.0,17.0,1611661329,Chicago Sky,0,80,0.7777777777777778,85.77777777777777,6.37037037037037,0.9,86.7,7.8,1.0,21.0,6.0,-0.43162393162393164,-0.6000000000000001,-6.931623931623932,-3.799999999999997,-11.831908831908832,-14.5,1.0
2022,1022200178,2022-07-31,1611661313,New York Liberty,1,89,0.35714285714285715,79.07142857142857,-5.25,0.2,82.3,-8.8,2.0,10.0,18.0,1611661317,Phoenix Mercury,0,69,0.4482758620689655,83.37931034482759,-1.8275862068965518,0.6,86.2,2.7,3.0,13.0,16.0,-0.09113300492610837,-0.39999999999999997,-4.307881773399018,-3.9000000000000057,-3.4224137931034484,-11.5,-1.0
2022,1022200183,2022-08-02,1611661313,New York Liberty,1,102,0.3793103448275862,79.41379310344827,-4.379310344827586,0.3,83.1,-5.7,2.0,11.0,18.0,1611661320,Los Angeles Sparks,0,73,0.41379310344827586,80.44827586206897,-5.068965517241379,0.4,77.4,-7.0,2.0,12.0,17.0,-0.03448275862068967,-0.10000000000000003,-1.0344827586206975,5.699999999999989,0.6896551724137927,1.2999999999999998,0.0
2022,1022200187,2022-08-03,1611661313,New York Liberty,1,64,0.4,80.16666666666667,-3.2666666666666666,0.4,85.9,-1.8,1.0,12.0,18.0,1611661320,Los Angeles Sparks,0,61,0.4,80.2,-5.866666666666666,0.3,76.3,-10.9,1.0,12.0,18.0,0.0,0.10000000000000003,-0.03333333333333144,9.600000000000009,2.5999999999999996,9.1,0.0
2022,1022200212,2022-08-14,1611661313,New York Liberty,1,87,0.42857142857142855,79.4,-2.5714285714285716,0.6,79.8,4.3,2.0,15.0,20.0,1611661330,Atlanta Dream,0,83,0.4,78.37142857142857,-2.9714285714285715,0.3,80.5,-3.6,2.0,14.0,21.0,0.028571428571428525,0.3,1.0285714285714391,-0.7000000000000028,0.3999999999999999,7.9,0.0
2022,1022200030,2022-05-19,1611661317,Phoenix Mercury,0,84,0.5,82.0,-1.25,0.5,82.0,-1.25,2.0,2.0,2.0,1611661321,Dallas Wings,1,94,0.5,75.5,-1.25,0.5,75.5,-1.25,2.0,2.0,2.0,0.0,0.0,6.5,6.5,0.0,0.0,0.0
2022,1022200061,2022-06-03,1611661317,Phoenix Mercury,0,88,0.2222222222222222,78.88888888888889,-7.777777777777778,0.2222222222222222,78.88888888888889,-7.777777777777778,3.0,2.0,7.0,1611661323,Connecticut Sun,1,92,0.7,86.7,10.3,0.7,86.7,10.3,1.0,7.0,3.0,-0.47777777777777775,-0.47777777777777775,-7.811111111111117,-7.811111111111117,-18.07777777777778,-18.07777777777778,2.0
2022,1022200067,2022-06-05,1611661317,Phoenix Mercury,1,81,0.2,79.8,-7.4,0.2,79.8,-7.4,2.0,2.0,8.0,1611661320,Los Angeles Sparks,0,74,0.45454545454545453,84.81818181818181,-2.909090909090909,0.4,83.5,-3.9,5.0,5.0,6.0,-0.2545454545454545,-0.2,-5.018181818181816,-3.700000000000003,-4.490909090909091,-3.5000000000000004,-3.0
2022,1022200077,2022-06-10,1611661317,Phoenix Mercury,1,90,0.2727272727272727,79.9090909090909,-6.090909090909091,0.3,79.1,-4.9,5.0,3.0,8.0,1611661330,Atlanta Dream,0,88,0.5833333333333334,74.16666666666667,1.0833333333333333,0.5,74.7,0.4,3.0,7.0,5.0,-0.31060606060606066,-0.2,5.742424242424235,4.3999999999999915,-7.174242424242424,-5.300000000000001,2.0
2022,1022200099,2022-06-21,1611661317,Phoenix Mercury,0,71,0.375,82.125,-4.125,0.4,82.2,-3.1,4.0,6.0,10.0,1611661324,Minnesota Lynx,1,84,0.1875,78.4375,-6.5,0.2,78.7,-5.6,2.0,3.0,13.0,0.1875,0.2,3.6875,3.5,2.375,2.4999999999999996,2.0
2022,1022200112,2022-06-27,1611661317,Phoenix Mercury,1,83,0.3684210526315789,81.89473684210526,-4.2105263157894735,0.5,84.6,-1.0,2.0,7.0,12.0,1611661325,Indiana Fever,0,71,0.2631578947368421,79.63157894736842,-9.0,0.3,78.9,-9.5,4.0,5.0,14.0,0.10526315789473684,0.2,2.2631578947368354,5.699999999999989,4.7894736842105265,8.5,-2.0
2022,1022200117,2022-06-29,1611661317,Phoenix Mercury,1,99,0.4,81.95,-3.4,0.6,84.1,0.6,2.0,8.0,12.0,1611661325,Indiana Fever,0,78,0.25,79.2,-9.15,0.2,75.9,-11.2,2.0,5.0,15.0,0.15000000000000002,0.39999999999999997,2.75,8.199999999999989,5.75,11.799999999999999,0.0
2022,1022200135,2022-07-07,1611661317,Phoenix Mercury,1,84,0.391304347826087,82.08695652173913,-2.869565217391304,0.4,82.0,-1.0,3.0,9.0,14.0,1611661313,New York Liberty,0,81,0.42857142857142855,79.14285714285714,-3.380952380952381,0.6,86.1,3.8,1.0,9.0,12.0,-0.037267080745341574,-0.19999999999999996,2.9440993788819867,-4.099999999999994,0.5113871635610767,-4.8,2.0
2022,1022200145,2022-07-14,1611661317,Phoenix Mercury,1,80,0.4,83.16,-2.96,0.4,85.3,-1.3,2.0,10.0,15.0,1611661322,Washington Mystics,0,75,0.6,80.16,4.44,0.6,80.2,4.7,2.0,15.0,10.0,-0.19999999999999996,-0.19999999999999996,3.0,5.099999999999994,-7.4,-6.0,0.0
2022,1022200152,2022-07-17,1611661317,Phoenix Mercury,0,75,0.4230769230769231,83.03846153846153,-2.6538461538461537,0.5,84.5,-0.3,3.0,11.0,15.0,1611661330,Atlanta Dream,1,85,0.4166666666666667,77.20833333333333,-3.25,0.3,78.3,-7.6,2.0,10.0,14.0,0.0064102564102563875,0.2,5.830128205128204,6.200000000000003,0.5961538461538463,7.3,1.0
2022,1022200163,2022-07-22,1611661317,Phoenix Mercury,1,94,0.4074074074074074,82.74074074074075,-2.925925925925926,0.5,84.9,0.0,5.0,11.0,16.0,1611661328,Seattle Storm,0,78,0.6538461538461539,80.5,4.769230769230769,0.7,83.8,9.8,2.0,17.0,9.0,-0.24643874643874647,-0.19999999999999996,2.2407407407407476,1.1000000000000085,-7.695156695156696,-9.8,3.0
2022,1022200172,2022-07-28,1611661317,Phoenix Mercury,1,90,0.42857142857142855,83.14285714285714,-2.25,0.6,85.5,2.8,6.0,12.0,16.0,1611661320,Los Angeles Sparks,0,80,0.4444444444444444,80.5925925925926,-4.814814814814815,0.5,78.7,-5.1,5.0,12.0,15.0,-0.015873015873015872,0.09999999999999998,2.5502645502645436,6.799999999999997,2.564814814814815,7.8999999999999995,1.0
2022,1022200194,2022-08-06,1611661317,Phoenix Mercury,1,76,0.40625,81.6875,-3.4375,0.4,80.1,-4.7,2.0,13.0,19.0,1611661313,New York Liberty,0,62,0.41935483870967744,79.64516129032258,-3.064516129032258,0.4,80.7,-2.4,3.0,13.0,18.0,-0.013104838709677435,0.0,2.0423387096774235,-0.6000000000000085,-0.372983870967742,-2.3000000000000003,-1.0
2022,1022200204,2022-08-10,1611661317,Phoenix Mercury,0,77,0.42424242424242425,81.51515151515152,-2.909090909090909,0.5,80.2,-3.0,4.0,14.0,19.0,1611661324,Minnesota Lynx,1,86,0.3939393939393939,82.72727272727273,-0.8484848484848485,0.5,84.6,-0.2,3.0,13.0,20.0,0.03030303030303033,0.0,-1.2121212121212182,-4.3999999999999915,-2.0606060606060606,-2.8,1.0
2022,1022200210,2022-08-12,1611661317,Phoenix Mercury,1,86,0.4117647058823529,81.38235294117646,-3.088235294117647,0.4,79.5,-4.2,2.0,14.0,20.0,1611661321,Dallas Wings,0,74,0.5,82.23529411764706,-0.2647058823529412,0.6,83.8,0.2,2.0,17.0,17.0,-0.08823529411764708,-0.19999999999999996,-0.8529411764705941,-4.299999999999997,-2.823529411764706,-4.4,0.0
2022,1022200214,2022-08-14,1611661317,Phoenix Mercury,0,67,0.42857142857142855,81.51428571428572,-2.657142857142857,0.5,77.4,-1.9,2.0,15.0,20.0,1611661329,Chicago Sky,1,82,0.7142857142857143,86.37142857142857,4.714285714285714,0.6,87.4,0.3,3.0,25.0,10.0,-0.28571428571428575,-0.09999999999999998,-4.857142857142847,-10.0,-7.371428571428572,-2.1999999999999997,-1.0
2022,1022200026,2022-05-17,1611661319,Las Vegas Aces,1,86,0.75,90.75,9.75,0.75,90.75,9.75,4.0,3.0,1.0,1611661317,Phoenix Mercury,0,74,0.6666666666666666,84.66666666666667,2.3333333333333335,0.6666666666666666,84.66666666666667,2.3333333333333335,3.0,2.0,1.0,0.08333333333333337,0.08333333333333337,6.083333333333329,6.083333333333329,7.416666666666666,7.416666666666666,1.0
2022,1022200029,2022-05-19,1611661319,Las Vegas Aces,1,93,0.8,89.8,10.2,0.8,89.8,10.2,2.0,4.0,1.0,1611661324,Minnesota Lynx,0,87,0.2,76.2,-8.4,0.2,76.2,-8.4,2.0,1.0,4.0,0.6000000000000001,0.6000000000000001,13.599999999999994,13.599999999999994,18.6,18.6,0.0
2022,1022200034,2022-05-21,1611661319,Las Vegas Aces,1,100,0.8333333333333334,90.33333333333333,9.5,0.8333333333333334,90.33333333333333,9.5,2.0,5.0,1.0,1611661317,Phoenix Mercury,0,80,0.4,82.4,-3.0,0.4,82.4,-3.0,2.0,2.0,3.0,0.43333333333333335,0.43333333333333335,7.933333333333323,7.933333333333323,12.5,12.5,0.0
2022,1022200038,2022-05-23,1611661319,Las Vegas Aces,1,104,0.8571428571428571,91.71428571428571,11.0,0.8571428571428571,91.71428571428571,11.0,2.0,6.0,1.0,1611661320,Los Angeles Sparks,0,76,0.3333333333333333,80.66666666666667,-1.3333333333333333,0.3333333333333333,80.66666666666667,-1.3333333333333333,3.0,2.0,4.0,0.5238095238095237,0.5238095238095237,11.047619047619037,11.047619047619037,12.333333333333334,12.333333333333334,-1.0
2022,1022200054,2022-05-31,1611661319,Las Vegas Aces,1,89,0.8888888888888888,92.11111111111111,12.444444444444445,0.8888888888888888,92.11111111111111,12.444444444444445,3.0,8.0,1.0,1611661323,Connecticut Sun,0,81,0.75,86.125,13.0,0.75,86.125,13.0,3.0,6.0,2.0,0.13888888888888884,0.13888888888888884,5.986111111111114,5.986111111111114,-0.5555555555555554,-0.5555555555555554,0.0
2022,1022200058,2022-06-02,1611661319,Las Vegas Aces,0,90,0.9,91.8,12.0,0.9,91.8,12.0,2.0,9.0,1.0,1611661323,Connecticut Sun,1,97,0.6666666666666666,85.55555555555556,10.666666666666666,0.6666666666666666,85.55555555555556,10.666666666666666,2.0,6.0,3.0,0.2333333333333334,0.2333333333333334,6.24444444444444,6.24444444444444,1.333333333333334,1.333333333333334,0.0
2022,1022200066,2022-06-05,1611661319,Las Vegas Aces,1,84,0.8181818181818182,91.63636363636364,10.272727272727273,0.8,90.2,9.5,3.0,9.0,2.0,1611661321,Dallas Wings,0,78,0.6,80.2,1.3,0.6,80.2,1.3,2.0,6.0,4.0,0.21818181818181825,0.20000000000000007,11.436363636363637,10.0,8.972727272727273,8.2,1.0
2022,1022200096,2022-06-19,1611661319,Las Vegas Aces,1,96,0.8571428571428571,90.92857142857143,10.285714285714286,0.9,91.0,10.5,4.0,12.0,2.0,1611661324,Minnesota Lynx,0,95,0.2,77.33333333333333,-6.866666666666666,0.2,77.9,-6.1,5.0,3.0,12.0,0.657142857142857,0.7,13.595238095238102,13.099999999999994,17.152380952380952,16.6,-1.0
2022,1022200098,2022-06-21,1611661319,Las Vegas Aces,0,95,0.8666666666666667,91.26666666666667,9.666666666666666,0.9,92.0,9.4,2.0,13.0,2.0,1611661329,Chicago Sky,1,104,0.6666666666666666,84.2,4.133333333333334,0.7,85.4,2.6,2.0,10.0,5.0,0.20000000000000007,0.20000000000000007,7.066666666666663,6.599999999999994,5.533333333333332,6.800000000000001,0.0
2022,1022200109,2022-06-25,1611661319,Las Vegas Aces,0,86,0.8125,91.5,8.5,0.8,92.2,7.9,4.0,13.0,3.0,1611661322,Washington Mystics,1,87,0.55,78.7,3.1,0.4,77.4,-0.5,2.0,11.0,9.0,0.26249999999999996,0.4,12.799999999999997,14.799999999999997,5.4,8.4,2.0
2022,1022200133,2022-07-06,1611661319,Las Vegas Aces,0,107,0.7142857142857143,89.0,5.0476190476190474,0.6,86.1,-0.7,3.0,15.0,6.0,1611661313,New York Liberty,1,116,0.4,77.3,-4.0,0.5,82.2,2.2,3.0,8.0,12.0,0.3142857142857143,0.09999999999999998,11.700000000000003,3.8999999999999915,9.047619047619047,-2.9000000000000004,0.0
2022,1022200155,2022-07-19,1611661319,Las Vegas Aces,0,76,0.72,91.28,5.8,0.5,91.3,0.0,2.0,18.0,7.0,1611661330,Atlanta Dream,1,92,0.44,77.52,-2.72,0.4,76.8,-6.0,2.0,11.0,14.0,0.27999999999999997,0.09999999999999998,13.760000000000005,14.5,8.52,6.0,0.0
2022,1022200160,2022-07-21,1611661319,Las Vegas Aces,1,90,0.6923076923076923,90.6923076923077,4.961538461538462,0.5,89.4,-0.7,2.0,18.0,8.0,1611661325,Indiana Fever,0,77,0.17857142857142858,77.78571428571429,-10.428571428571429,0.0,73.3,-14.7,2.0,5.0,23.0,0.5137362637362637,0.5,12.906593406593402,16.10000000000001,15.39010989010989,14.0,0.0
2022,1022200165,2022-07-23,1611661319,Las Vegas Aces,1,84,0.7037037037037037,90.66666666666667,5.2592592592592595,0.6,89.8,0.7,2.0,19.0,8.0,1611661320,Los Angeles Sparks,0,66,0.46153846153846156,81.15384615384616,-4.3076923076923075,0.6,80.6,-2.5,2.0,12.0,14.0,0.24216524216524216,0.0,9.512820512820511,9.200000000000003,9.566951566951566,3.2,0.0
2022,1022200201,2022-08-09,1611661319,Las Vegas Aces,1,97,0.696969696969697,89.72727272727273,6.121212121212121,0.7,87.8,9.9,2.0,23.0,10.0,1611661330,Atlanta Dream,0,90,0.42424242424242425,78.27272727272727,-2.6363636363636362,0.4,79.8,-3.4,2.0,14.0,19.0,0.27272727272727276,0.29999999999999993,11.454545454545467,8.0,8.757575757575758,13.3,0.0
2022,1022200205,2022-08-11,1611661319,Las Vegas Aces,1,89,0.7058823529411765,89.94117647058823,6.147058823529412,0.7,86.7,7.2,2.0,24.0,10.0,1611661329,Chicago Sky,0,78,0.7352941176470589,86.61764705882354,5.176470588235294,0.7,88.5,2.2,2.0,25.0,9.0,-0.02941176470588236,0.0,3.323529411764696,-1.7999999999999972,0.9705882352941178,5.0,0.0
2022,1022200215,2022-08-14,1611661319,Las Vegas Aces,1,109,0.7142857142857143,89.91428571428571,6.285714285714286,0.7,86.5,7.5,3.0,25.0,10.0,1611661328,Seattle Storm,0,100,0.6285714285714286,82.0,4.485714285714286,0.5,85.1,2.9,2.0,22.0,13.0,0.08571428571428574,0.19999999999999996,7.914285714285711,1.4000000000000057,1.7999999999999998,4.6,1.0
2022,1022200027,2022-05-17,1611661320,Los Angeles Sparks,0,84,0.5,80.0,-0.5,0.5,80.0,-0.5,3.0,2.0,2.0,1611661324,Minnesota Lynx,1,87,0.0,73.5,-11.25,0.0,73.5,-11.25,3.0,0.0,4.0,0.5,0.5,6.5,6.5,10.75,10.75,0.0
2022,1022200043,2022-05-25,1611661320,Los Angeles Sparks,1,99,0.2857142857142857,80.0,-5.142857142857143,0.2857142857142857,80.0,-5.142857142857143,2.0,2.0,5.0,1611661317,Phoenix Mercury,0,94,0.3333333333333333,82.0,-5.833333333333333,0.3333333333333333,82.0,-5.833333333333333,4.0,2.0,4.0,-0.047619047619047616,-0.047619047619047616,-2.0,-2.0,0.6904761904761898,0.6904761904761898,-2.0
2022,1022200055,2022-05-31,1611661320,Los Angeles Sparks,1,93,0.4,84.0,-3.4,0.4,84.0,-3.4,2.0,4.0,6.0,1611661321,Dallas Wings,0,91,0.625,80.375,-0.25,0.625,80.375,-0.25,5.0,5.0,3.0,-0.22499999999999998,-0.22499999999999998,3.625,3.625,-3.15,-3.15,-3.0
2022,1022200078,2022-06-11,1611661320,Los Angeles Sparks,0,72,0.4166666666666667,83.91666666666667,-3.25,0.3,82.2,-5.6,6.0,5.0,7.0,1611661319,Las Vegas Aces,1,89,0.8333333333333334,91.0,9.916666666666666,0.8,90.1,9.0,6.0,10.0,2.0,-0.4166666666666667,-0.5,-7.083333333333329,-7.8999999999999915,-13.166666666666666,-14.6,0.0
2022,1022200100,2022-06-21,1611661320,Los Angeles Sparks,1,84,0.35714285714285715,82.92857142857143,-4.714285714285714,0.3,84.1,-6.4,2.0,5.0,9.0,1611661322,Washington Mystics,0,82,0.6111111111111112,78.94444444444444,4.333333333333333,0.5,77.9,1.5,2.0,11.0,7.0,-0.253968253968254,-0.2,3.9841269841269877,6.199999999999989,-9.047619047619047,-7.9,0.0
2022,1022200105,2022-06-23,1611661320,Los Angeles Sparks,0,59,0.4,83.0,-4.266666666666667,0.4,84.1,-5.9,2.0,6.0,9.0,1611661329,Chicago Sky,1,82,0.6875,85.4375,4.4375,0.7,86.3,3.0,2.0,11.0,5.0,-0.2875,-0.29999999999999993,-2.4375,-2.200000000000003,-8.704166666666666,-8.9,0.0
2022,1022200113,2022-06-27,1611661320,Los Angeles Sparks,0,73,0.4117647058823529,81.70588235294117,-4.647058823529412,0.5,82.9,-4.3,2.0,7.0,10.0,1611661319,Las Vegas Aces,1,79,0.7647058823529411,91.17647058823529,7.9411764705882355,0.7,90.8,5.8,2.0,13.0,4.0,-0.3529411764705882,-0.19999999999999996,-9.470588235294116,-7.8999999999999915,-12.588235294117649,-10.1,0.0
2022,1022200127,2022-07-03,1611661320,Los Angeles Sparks,1,84,0.42105263157894735,82.05263157894737,-4.052631578947368,0.5,80.4,-4.1,2.0,8.0,11.0,1611661313,New York Liberty,0,74,0.42105263157894735,77.47368421052632,-3.6842105263157894,0.6,82.2,3.6,3.0,8.0,11.0,0.0,-0.09999999999999998,4.578947368421055,-1.7999999999999972,-0.36842105263157876,-7.699999999999999,-1.0
2022,1022200128,2022-07-04,1611661320,Los Angeles Sparks,1,78,0.45,82.15,-3.35,0.5,80.3,-3.3,1.0,9.0,11.0,1611661317,Phoenix Mercury,0,75,0.4090909090909091,82.4090909090909,-2.8636363636363638,0.5,84.4,0.2,2.0,9.0,13.0,0.040909090909090895,0.0,-0.2590909090909008,-4.1000000000000085,-0.48636363636363633,-3.5,-1.0
2022,1022200136,2022-07-07,1611661320,Los Angeles Sparks,0,69,0.47619047619047616,81.95238095238095,-3.0476190476190474,0.5,78.8,-3.2,3.0,10.0,11.0,1611661328,Seattle Storm,1,106,0.6363636363636364,79.5,3.0,0.7,81.1,4.5,2.0,14.0,8.0,-0.1601731601731602,-0.19999999999999996,2.452380952380949,-2.299999999999997,-6.0476190476190474,-7.7,1.0
2022,1022200141,2022-07-12,1611661320,Los Angeles Sparks,0,81,0.45454545454545453,81.36363636363636,-4.590909090909091,0.5,78.3,-6.2,5.0,10.0,12.0,1611661322,Washington Mystics,1,94,0.5833333333333334,79.58333333333333,4.083333333333333,0.5,79.8,2.5,6.0,14.0,10.0,-0.12878787878787884,0.0,1.7803030303030312,-1.5,-8.674242424242424,-8.7,-1.0
2022,1022200146,2022-07-14,1611661320,Los Angeles Sparks,0,68,0.43478260869565216,81.34782608695652,-4.956521739130435,0.5,79.2,-5.8,2.0,10.0,13.0,1611661329,Chicago Sky,1,80,0.7391304347826086,86.08695652173913,6.173913043478261,0.8,91.0,8.4,2.0,17.0,6.0,-0.3043478260869565,-0.30000000000000004,-4.739130434782609,-11.799999999999997,-11.130434782608695,-14.2,0.0
2022,1022200156,2022-07-19,1611661320,Los Angeles Sparks,1,86,0.4166666666666667,80.79166666666667,-5.25,0.5,77.8,-6.0,5.0,10.0,14.0,1611661325,Indiana Fever,0,79,0.18518518518518517,77.74074074074075,-10.555555555555555,0.1,74.3,-13.8,2.0,5.0,22.0,0.2314814814814815,0.4,3.050925925925924,3.5,5.305555555555555,7.800000000000001,3.0
2022,1022200159,2022-07-21,1611661320,Los Angeles Sparks,1,85,0.44,81.0,-4.76,0.5,78.0,-5.5,2.0,11.0,14.0,1611661330,Atlanta Dream,0,78,0.46153846153846156,78.07692307692308,-2.0,0.4,78.0,-4.9,2.0,12.0,14.0,-0.021538461538461562,0.09999999999999998,2.92307692307692,0.0,-2.76,-0.5999999999999996,0.0
2022,1022200181,2022-07-31,1611661320,Los Angeles Sparks,0,77,0.42857142857142855,80.57142857142857,-5.0,0.5,79.4,-5.5,3.0,12.0,16.0,1611661324,Minnesota Lynx,1,84,0.36666666666666664,82.93333333333334,-1.1,0.5,87.2,2.1,3.0,11.0,19.0,0.06190476190476191,0.0,-2.3619047619047677,-7.799999999999997,-3.9,-7.6,0.0
2022,1022200202,2022-08-09,1611661320,Los Angeles Sparks,0,71,0.3939393939393939,79.75757575757575,-5.393939393939394,0.3,76.1,-6.4,2.0,13.0,20.0,1611661323,Connecticut Sun,1,97,0.6666666666666666,85.0909090909091,7.03030303030303,0.7,87.3,8.9,2.0,22.0,11.0,-0.2727272727272727,-0.39999999999999997,-5.333333333333343,-11.200000000000003,-12.424242424242424,-15.3,0.0
2022,1022200206,2022-08-11,1611661320,Los Angeles Sparks,0,69,0.38235294117647056,79.5,-6.0,0.3,76.4,-7.8,2.0,13.0,21.0,1611661323,Connecticut Sun,1,93,0.6764705882352942,85.44117647058823,7.588235294117647,0.7,87.7,9.0,2.0,23.0,11.0,-0.2941176470588236,-0.39999999999999997,-5.941176470588232,-11.299999999999997,-13.588235294117647,-16.8,0.0
2022,1022200216,2022-08-14,1611661320,Los Angeles Sparks,0,88,0.37142857142857144,79.2,-6.514285714285714,0.2,74.7,-10.9,3.0,13.0,22.0,1611661321,Dallas Wings,1,116,0.4857142857142857,82.0,-0.6,0.6,83.1,-0.2,2.0,17.0,18.0,-0.11428571428571427,-0.39999999999999997,-2.799999999999997,-8.399999999999991,-5.914285714285715,-10.700000000000001,1.0
2022,1022200025,2022-05-17,1611661321,Dallas Wings,0,68,0.6666666666666666,78.0,3.6666666666666665,0.6666666666666666,78.0,3.6666666666666665,2.0,2.0,1.0,1611661322,Washington Mystics,1,84,0.75,84.25,7.75,0.75,84.25,7.75,4.0,3.0,1.0,-0.08333333333333337,-0.08333333333333337,-6.25,-6.25,-4.083333333333334,-4.083333333333334,-2.0
2022,1022200035,2022-05-21,1611661321,Dallas Wings,1,94,0.6,79.2,1.0,0.6,79.2,1.0,2.0,3.0,2.0,1611661324,Minnesota Lynx,0,78,0.16666666666666666,78.0,-8.0,0.16666666666666666,78.0,-8.0,2.0,1.0,5.0,0.43333333333333335,0.43333333333333335,1.2000000000000028,1.2000000000000028,9.0,9.0,0.0
2022,1022200075,2022-06-10,1611661321,Dallas Wings,0,88,0.5454545454545454,80.0,0.6363636363636364,0.6,82.1,1.4,5.0,6.0,5.0,1611661328,Seattle Storm,1,89,0.5454545454545454,77.18181818181819,1.8181818181818181,0.5,75.2,-0.3,3.0,6.0,5.0,0.0,0.09999999999999998,2.818181818181813,6.8999999999999915,-1.1818181818181817,1.7,2.0
2022,1022200080,2022-06-12,1611661321,Dallas Wings,0,79,0.5,80.66666666666667,0.5,0.5,81.5,0.5,2.0,6.0,6.0,1611661328,Seattle Storm,1,84,0.5833333333333334,78.16666666666667,1.75,0.6,76.7,0.9,2.0,7.0,5.0,-0.08333333333333337,-0.09999999999999998,2.5,4.799999999999997,-1.25,-0.4,0.0
2022,1022200085,2022-06-15,1611661321,Dallas Wings,0,84,0.46153846153846156,80.53846153846153,0.07692307692307693,0.4,81.3,-1.0,3.0,6.0,7.0,1611661319,Las Vegas Aces,1,92,0.8461538461538461,90.84615384615384,10.461538461538462,0.9,91.4,12.0,4.0,11.0,2.0,-0.3846153846153846,-0.5,-10.307692307692307,-10.100000000000009,-10.384615384615385,-13.0,-1.0
2022,1022200090,2022-06-17,1611661321,Dallas Wings,1,93,0.42857142857142855,80.78571428571429,-0.5,0.4,82.9,-0.2,2.0,6.0,8.0,1611661317,Phoenix Mercury,0,88,0.4,81.73333333333333,-4.066666666666666,0.4,81.4,-4.6,2.0,6.0,9.0,0.028571428571428525,0.0,-0.9476190476190425,1.5,3.5666666666666664,4.3999999999999995,0.0
2022,1022200095,2022-06-19,1611661321,Dallas Wings,1,92,0.4666666666666667,81.6,-0.13333333333333333,0.4,82.8,-0.7,2.0,7.0,8.0,1611661320,Los Angeles Sparks,0,82,0.38461538461538464,83.0,-4.3076923076923075,0.3,81.9,-7.1,8.0,5.0,8.0,0.08205128205128204,0.10000000000000003,-1.4000000000000057,0.8999999999999915,4.174358974358974,6.3999999999999995,-6.0
2022,1022200102,2022-06-23,1611661321,Dallas Wings,1,94,0.47058823529411764,81.82352941176471,0.17647058823529413,0.3,81.6,-2.6,2.0,8.0,9.0,1611661325,Indiana Fever,0,68,0.2777777777777778,80.27777777777777,-8.055555555555555,0.3,81.1,-7.4,4.0,5.0,13.0,0.19281045751633985,0.0,1.5457516339869386,0.5,8.232026143790849,4.800000000000001,-2.0
2022,1022200107,2022-06-25,1611661321,Dallas Wings,0,72,0.5,82.5,1.6111111111111112,0.4,84.2,3.1,2.0,9.0,9.0,1611661317,Phoenix Mercury,1,83,0.3333333333333333,81.83333333333333,-5.055555555555555,0.4,83.3,-2.4,2.0,6.0,12.0,0.16666666666666669,0.0,0.6666666666666714,0.9000000000000057,6.666666666666666,5.5,0.0
2022,1022200120,2022-07-01,1611661321,Dallas Wings,0,89,0.45,81.05,-0.5,0.3,81.9,-2.3,3.0,9.0,11.0,1611661320,Los Angeles Sparks,1,97,0.3888888888888889,81.22222222222223,-4.722222222222222,0.4,80.3,-5.4,4.0,7.0,11.0,0.061111111111111116,-0.10000000000000003,-0.17222222222223138,1.6000000000000085,4.222222222222222,3.1000000000000005,-1.0
2022,1022200130,2022-07-05,1611661321,Dallas Wings,1,82,0.42857142857142855,81.42857142857143,-0.8571428571428571,0.3,83.0,-2.5,4.0,9.0,12.0,1611661323,Connecticut Sun,0,71,0.6666666666666666,84.52380952380952,6.9523809523809526,0.6,81.6,3.9,2.0,14.0,7.0,-0.23809523809523808,-0.3,-3.095238095238088,1.4000000000000057,-7.809523809523809,-6.4,2.0
2022,1022200149,2022-07-16,1611661321,Dallas Wings,0,81,0.4583333333333333,81.58333333333333,-0.4583333333333333,0.5,82.7,-0.4,2.0,11.0,13.0,1611661329,Chicago Sky,1,89,0.75,85.83333333333333,6.416666666666667,0.8,88.4,9.0,2.0,18.0,6.0,-0.2916666666666667,-0.30000000000000004,-4.25,-5.700000000000003,-6.875,-9.4,0.0
2022,1022200171,2022-07-28,1611661321,Dallas Wings,0,77,0.4444444444444444,82.14814814814815,-0.5555555555555556,0.4,82.7,-1.8,4.0,12.0,15.0,1611661322,Washington Mystics,1,87,0.6071428571428571,79.53571428571429,4.571428571428571,0.6,80.6,5.0,7.0,17.0,11.0,-0.16269841269841268,-0.19999999999999996,2.6124338624338606,2.1000000000000085,-5.1269841269841265,-6.8,-3.0
2022,1022200190,2022-08-04,1611661321,Dallas Wings,1,82,0.4666666666666667,82.0,-0.2,0.5,83.9,0.4,2.0,14.0,16.0,1611661319,Las Vegas Aces,0,80,0.7096774193548387,90.06451612903226,6.32258064516129,0.7,92.3,9.0,2.0,22.0,9.0,-0.24301075268817207,-0.19999999999999996,-8.064516129032256,-8.399999999999991,-6.52258064516129,-8.6,0.0
2022,1022200193,2022-08-06,1611661321,Dallas Wings,1,95,0.4838709677419355,82.0,-0.12903225806451613,0.6,83.2,1.4,2.0,15.0,16.0,1611661325,Indiana Fever,0,91,0.15151515151515152,77.66666666666667,-11.242424242424242,0.0,77.1,-12.9,3.0,5.0,28.0,0.332355816226784,0.6,4.333333333333329,6.1000000000000085,11.113391984359726,14.3,-1.0
2022,1022200199,2022-08-08,1611661321,Dallas Wings,1,86,0.5,82.40625,0.0,0.6,84.5,0.7,2.0,16.0,16.0,1611661313,New York Liberty,0,77,0.40625,79.09375,-3.40625,0.4,78.8,-3.5,2.0,13.0,19.0,0.09375,0.19999999999999996,3.3125,5.700000000000003,3.40625,4.2,0.0
2022,1022200203,2022-08-10,1611661321,Dallas Wings,0,73,0.5151515151515151,82.51515151515152,0.2727272727272727,0.7,85.7,2.5,2.0,17.0,16.0,1611661313,New York Liberty,1,91,0.3939393939393939,79.03030303030303,-3.5757575757575757,0.4,76.4,-3.8,2.0,13.0,20.0,0.12121212121212122,0.29999999999999993,3.4848484848484844,9.299999999999997,3.8484848484848486,6.3,0.0
2022,1022200037,2022-05-22,1611661322,Washington Mystics,0,73,0.8333333333333334,83.16666666666667,8.666666666666666,0.8333333333333334,83.16666666666667,8.666666666666666,2.0,5.0,1.0,1611661329,Chicago Sky,1,82,0.5,81.75,6.75,0.5,81.75,6.75,4.0,2.0,2.0,0.33333333333333337,0.33333333333333337,1.4166666666666714,1.4166666666666714,1.916666666666666,1.916666666666666,-2.0
2022,1022200040,2022-05-24,1611661322,Washington Mystics,1,70,0.7142857142857143,81.71428571428571,6.142857142857143,0.7142857142857143,81.71428571428571,6.142857142857143,2.0,5.0,2.0,1611661330,Atlanta Dream,0,50,0.6666666666666666,79.16666666666667,1.5,0.6666666666666666,79.16666666666667,1.5,4.0,4.0,2.0,0.04761904761904767,0.04761904761904767,2.547619047619037,2.547619047619037,4.642857142857143,4.642857142857143,-2.0
2022,1022200059,2022-06-03,1611661322,Washington Mystics,0,70,0.7,80.0,6.7,0.7,80.0,6.7,3.0,7.0,3.0,1611661313,New York Liberty,1,74,0.2222222222222222,72.22222222222223,-11.777777777777779,0.2222222222222222,72.22222222222223,-11.777777777777779,2.0,2.0,7.0,0.47777777777777775,0.47777777777777775,7.7777777777777715,7.7777777777777715,18.477777777777778,18.477777777777778,1.0
2022,1022200072,2022-06-08,1611661322,Washington Mystics,1,84,0.5833333333333334,79.33333333333333,4.5,0.5,79.0,2.8,3.0,7.0,5.0,1611661329,Chicago Sky,0,82,0.7,81.7,5.4,0.7,81.7,5.4,3.0,7.0,3.0,-0.11666666666666659,-0.19999999999999996,-2.3666666666666742,-2.700000000000003,-0.9000000000000004,-2.6000000000000005,0.0
2022,1022200081,2022-06-12,1611661322,Washington Mystics,0,90,0.6428571428571429,79.42857142857143,5.214285714285714,0.6,77.5,4.2,2.0,9.0,5.0,1611661317,Phoenix Mercury,1,99,0.3333333333333333,80.75,-5.416666666666667,0.3,78.4,-6.7,2.0,4.0,8.0,0.3095238095238096,0.3,-1.3214285714285694,-0.9000000000000057,10.630952380952381,10.9,0.0
2022,1022200083,2022-06-14,1611661322,Washington Mystics,1,83,0.6,80.13333333333334,4.266666666666667,0.5,78.1,1.7,2.0,9.0,6.0,1611661317,Phoenix Mercury,0,65,0.38461538461538464,82.15384615384616,-4.3076923076923075,0.3,81.4,-6.3,2.0,5.0,8.0,0.21538461538461534,0.2,-2.0205128205128204,-3.3000000000000114,8.574358974358974,8.0,0.0
2022,1022200094,2022-06-19,1611661322,Washington Mystics,1,71,0.5882352941176471,79.41176470588235,4.117647058823529,0.5,77.8,2.7,3.0,10.0,7.0,1611661323,Connecticut Sun,0,63,0.75,87.875,9.5625,0.8,89.5,8.8,2.0,12.0,4.0,-0.16176470588235292,-0.30000000000000004,-8.463235294117652,-11.700000000000003,-5.444852941176471,-6.1000000000000005,1.0
2022,1022200114,2022-06-28,1611661322,Washington Mystics,1,92,0.5714285714285714,79.0952380952381,3.0,0.5,79.1,0.0,3.0,12.0,9.0,1611661330,Atlanta Dream,0,74,0.4444444444444444,77.11111111111111,-1.4444444444444444,0.3,78.2,-4.2,2.0,8.0,10.0,0.12698412698412698,0.2,1.9841269841269877,0.8999999999999915,4.444444444444445,4.2,1.0
2022,1022200151,2022-07-17,1611661322,Washington Mystics,1,70,0.5769230769230769,79.96153846153847,4.076923076923077,0.5,79.4,2.4,3.0,15.0,11.0,1611661324,Minnesota Lynx,0,57,0.38461538461538464,83.6923076923077,-0.38461538461538464,0.7,92.1,9.4,2.0,10.0,16.0,0.19230769230769224,-0.19999999999999996,-3.7307692307692264,-12.699999999999989,4.461538461538462,-7.0,1.0
2022,1022200158,2022-07-21,1611661322,Washington Mystics,1,78,0.5925925925925926,79.5925925925926,4.407407407407407,0.6,79.9,4.9,4.0,16.0,11.0,1611661313,New York Liberty,0,69,0.36,79.24,-5.32,0.3,83.2,-6.7,2.0,9.0,16.0,0.23259259259259257,0.3,0.35259259259260034,-3.299999999999997,9.727407407407409,11.600000000000001,2.0
2022,1022200175,2022-07-30,1611661322,Washington Mystics,0,77,0.6206896551724138,79.79310344827586,4.758620689655173,0.7,81.1,6.2,2.0,18.0,11.0,1611661328,Seattle Storm,1,82,0.6206896551724138,80.55172413793103,3.896551724137931,0.6,83.1,7.1,2.0,18.0,11.0,0.0,0.09999999999999998,-0.7586206896551744,-2.0,0.8620689655172415,-0.8999999999999995,0.0
2022,1022200180,2022-07-31,1611661322,Washington Mystics,1,78,0.6,79.7,4.433333333333334,0.7,81.7,7.1,1.0,18.0,12.0,1611661328,Seattle Storm,0,75,0.6333333333333333,80.6,3.933333333333333,0.6,84.0,6.0,1.0,19.0,11.0,-0.033333333333333326,0.09999999999999998,-0.8999999999999915,-2.299999999999997,0.5000000000000004,1.0999999999999996,0.0
2022,1022200184,2022-08-02,1611661322,Washington Mystics,1,83,0.6129032258064516,79.64516129032258,4.387096774193548,0.7,80.8,7.3,2.0,19.0,12.0,1611661319,Las Vegas Aces,0,73,0.7333333333333333,90.63333333333334,6.866666666666666,0.7,92.1,6.9,2.0,22.0,8.0,-0.12043010752688166,0.0,-10.988172043010763,-11.299999999999997,-2.479569892473118,0.39999999999999947,0.0
2022,1022200196,2022-08-07,1611661322,Washington Mystics,0,76,0.6060606060606061,79.84848484848484,4.121212121212121,0.7,81.0,5.7,2.0,20.0,13.0,1611661320,Los Angeles Sparks,1,79,0.375,79.78125,-5.65625,0.2,76.3,-8.0,2.0,12.0,20.0,0.23106060606060608,0.49999999999999994,0.06723484848484418,4.700000000000003,9.777462121212121,13.7,0.0
2022,1022200213,2022-08-14,1611661322,Washington Mystics,1,95,0.6,79.8,4.142857142857143,0.6,78.9,3.4,2.0,21.0,14.0,1611661325,Indiana Fever,0,83,0.14285714285714285,77.82857142857142,-11.057142857142857,0.0,76.7,-12.8,2.0,5.0,30.0,0.45714285714285713,0.6,1.971428571428575,2.200000000000003,15.2,16.2,0.0
2022,1022200031,2022-05-20,1611661323,Connecticut Sun,1,94,0.6666666666666666,82.66666666666667,14.0,0.6666666666666666,82.66666666666667,14.0,3.0,2.0,1.0,1611661325,Indiana Fever,0,85,0.3333333333333333,79.83333333333333,-6.666666666666667,0.3333333333333333,79.83333333333333,-6.666666666666667,3.0,2.0,4.0,0.3333333333333333,0.3333333333333333,2.833333333333343,2.833333333333343,20.666666666666668,20.666666666666668,0.0
2022,1022200039,2022-05-24,1611661323,Connecticut Sun,0,77,0.8,86.8,14.6,0.8,86.8,14.6,2.0,4.0,1.0,1611661321,Dallas Wings,1,85,0.6666666666666666,81.66666666666667,3.5,0.6666666666666666,81.66666666666667,3.5,3.0,4.0,2.0,0.13333333333333341,0.13333333333333341,5.133333333333326,5.133333333333326,11.1,11.1,-1.0
2022,1022200044,2022-05-26,1611661323,Connecticut Sun,1,99,0.6666666666666666,85.16666666666667,10.833333333333334,0.6666666666666666,85.16666666666667,10.833333333333334,2.0,4.0,2.0,1611661321,Dallas Wings,0,68,0.7142857142857143,82.14285714285714,4.142857142857143,0.7142857142857143,82.14285714285714,4.142857142857143,2.0,5.0,2.0,-0.04761904761904767,-0.04761904761904767,3.0238095238095326,3.0238095238095326,6.690476190476191,6.690476190476191,0.0
2022,1022200048,2022-05-28,1611661323,Connecticut Sun,1,79,0.7142857142857143,87.14285714285714,13.714285714285714,0.7142857142857143,87.14285714285714,13.714285714285714,2.0,5.0,2.0,1611661322,Washington Mystics,0,71,0.75,80.25,7.875,0.75,80.25,7.875,4.0,6.0,2.0,-0.0357142857142857,-0.0357142857142857,6.892857142857139,6.892857142857139,5.8392857142857135,5.8392857142857135,-2.0
2022,1022200071,2022-06-08,1611661323,Connecticut Sun,1,88,0.75,87.66666666666667,9.5,0.8,89.6,9.9,3.0,9.0,3.0,1611661325,Indiana Fever,0,69,0.23076923076923078,80.0,-8.076923076923077,0.2,81.1,-8.7,3.0,3.0,10.0,0.5192307692307692,0.6000000000000001,7.666666666666671,8.5,17.576923076923077,18.6,0.0
2022,1022200073,2022-06-10,1611661323,Connecticut Sun,0,79,0.7692307692307693,87.6923076923077,10.23076923076923,0.8,89.2,9.1,2.0,10.0,3.0,1611661329,Chicago Sky,1,83,0.6363636363636364,81.72727272727273,4.7272727272727275,0.7,80.8,5.9,2.0,7.0,4.0,0.13286713286713292,0.10000000000000009,5.96503496503496,8.400000000000006,5.503496503496502,3.1999999999999993,0.0
2022,1022200086,2022-06-15,1611661323,Connecticut Sun,1,105,0.7142857142857143,87.07142857142857,9.214285714285714,0.7,87.7,7.8,5.0,10.0,4.0,1611661330,Atlanta Dream,0,92,0.5384615384615384,75.23076923076923,0.8461538461538461,0.5,76.2,2.5,5.0,7.0,6.0,0.17582417582417587,0.19999999999999996,11.840659340659343,11.5,8.368131868131867,5.3,0.0
2022,1022200089,2022-06-17,1611661323,Connecticut Sun,1,82,0.7333333333333333,88.26666666666667,9.466666666666667,0.7,89.0,6.9,2.0,11.0,4.0,1611661328,Seattle Storm,0,71,0.6428571428571429,78.78571428571429,2.0,0.8,79.1,4.1,3.0,9.0,5.0,0.09047619047619038,-0.10000000000000009,9.480952380952374,9.900000000000006,7.466666666666667,2.8000000000000007,-1.0
2022,1022200101,2022-06-22,1611661323,Connecticut Sun,0,77,0.7058823529411765,86.41176470588235,8.529411764705882,0.7,85.9,4.9,3.0,12.0,5.0,1611661313,New York Liberty,1,81,0.375,76.3125,-4.6875,0.5,79.0,0.5,3.0,6.0,10.0,0.3308823529411765,0.19999999999999996,10.099264705882348,6.900000000000006,13.216911764705882,4.4,0.0
2022,1022200124,2022-07-03,1611661323,Connecticut Sun,1,74,0.65,85.05,7.2,0.6,83.4,4.1,4.0,13.0,7.0,1611661322,Washington Mystics,0,72,0.5909090909090909,79.68181818181819,3.6818181818181817,0.6,80.1,2.7,5.0,13.0,9.0,0.05909090909090908,0.0,5.36818181818181,3.3000000000000114,3.5181818181818185,1.3999999999999995,-1.0
2022,1022200150,2022-07-17,1611661323,Connecticut Sun,0,83,0.6666666666666666,84.5,7.0,0.6,80.9,3.9,2.0,16.0,8.0,1611661319,Las Vegas Aces,1,91,0.7083333333333334,91.29166666666667,5.708333333333333,0.5,91.8,-0.7,3.0,17.0,7.0,-0.04166666666666674,0.09999999999999998,-6.791666666666671,-10.899999999999991,1.291666666666667,4.6,-1.0
2022,1022200154,2022-07-19,1611661323,Connecticut Sun,1,82,0.64,84.44,6.4,0.5,78.7,1.8,2.0,16.0,9.0,1611661313,New York Liberty,0,63,0.375,79.91666666666667,-4.75,0.4,84.6,-3.6,5.0,9.0,15.0,0.265,0.09999999999999998,4.523333333333326,-5.8999999999999915,11.15,5.4,-3.0
2022,1022200170,2022-07-28,1611661323,Connecticut Sun,1,88,0.6785714285714286,84.75,7.0,0.7,82.7,5.5,4.0,19.0,9.0,1611661328,Seattle Storm,0,83,0.6428571428571429,80.46428571428571,4.214285714285714,0.7,83.6,8.6,4.0,18.0,10.0,0.0357142857142857,0.0,4.285714285714292,-0.8999999999999915,2.7857142857142856,-3.0999999999999996,0.0
2022,1022200177,2022-07-31,1611661323,Connecticut Sun,0,92,0.6896551724137931,84.86206896551724,6.931034482758621,0.7,84.3,4.9,3.0,20.0,9.0,1611661329,Chicago Sky,1,95,0.7586206896551724,85.6896551724138,6.103448275862069,0.8,85.7,7.2,2.0,22.0,7.0,-0.06896551724137923,-0.10000000000000009,-0.8275862068965552,-1.4000000000000057,0.8275862068965516,-2.3,1.0
2022,1022200182,2022-08-02,1611661323,Connecticut Sun,1,87,0.6666666666666666,85.1,6.6,0.7,85.2,5.4,2.0,20.0,10.0,1611661317,Phoenix Mercury,0,63,0.43333333333333335,82.9,-2.433333333333333,0.5,84.8,-0.5,2.0,13.0,17.0,0.23333333333333328,0.19999999999999996,2.1999999999999886,0.4000000000000057,9.033333333333333,5.9,0.0
2022,1022200189,2022-08-04,1611661323,Connecticut Sun,1,77,0.6774193548387096,85.16129032258064,7.161290322580645,0.7,86.5,7.6,2.0,21.0,10.0,1611661317,Phoenix Mercury,0,64,0.41935483870967744,82.25806451612904,-3.129032258064516,0.4,81.2,-5.0,2.0,13.0,18.0,0.2580645161290322,0.29999999999999993,2.9032258064516014,5.299999999999997,10.29032258064516,12.6,0.0
2022,1022200211,2022-08-14,1611661323,Connecticut Sun,1,90,0.6857142857142857,85.65714285714286,8.057142857142857,0.8,88.7,12.2,3.0,24.0,11.0,1611661324,Minnesota Lynx,0,83,0.4,82.42857142857143,-1.3142857142857143,0.5,79.6,-2.6,2.0,14.0,21.0,0.2857142857142857,0.30000000000000004,3.2285714285714278,9.100000000000009,9.371428571428572,14.799999999999999,1.0
2022,1022200042,2022-05-24,1611661324,Minnesota Lynx,1,84,0.14285714285714285,78.0,-9.142857142857142,0.14285714285714285,78.0,-9.142857142857142,3.0,1.0,6.0,1611661313,New York Liberty,0,78,0.2,70.6,-14.8,0.2,70.6,-14.8,7.0,1.0,4.0,-0.05714285714285716,-0.05714285714285716,7.400000000000006,7.400000000000006,5.657142857142858,5.657142857142858,-4.0
2022,1022200051,2022-05-29,1611661324,Minnesota Lynx,0,83,0.25,78.75,-7.25,0.25,78.75,-7.25,5.0,2.0,6.0,1611661320,Los Angeles Sparks,1,85,0.3333333333333333,83.88888888888889,-4.0,0.3333333333333333,83.88888888888889,-4.0,2.0,3.0,6.0,-0.08333333333333331,-0.08333333333333331,-5.138888888888886,-5.138888888888886,-3.25,-3.25,3.0
2022,1022200076,2022-06-10,1611661324,Minnesota Lynx,0,59,0.25,78.5,-6.666666666666667,0.3,80.2,-4.5,3.0,3.0,9.0,1611661322,Washington Mystics,1,76,0.6153846153846154,79.6923076923077,4.3076923076923075,0.5,78.5,1.7,2.0,8.0,5.0,-0.3653846153846154,-0.2,-1.1923076923076934,1.7000000000000028,-10.974358974358974,-6.2,1.0
2022,1022200082,2022-06-12,1611661324,Minnesota Lynx,0,80,0.23076923076923078,77.0,-7.461538461538462,0.3,78.5,-5.6,2.0,3.0,10.0,1611661325,Indiana Fever,1,84,0.2,79.46666666666667,-9.2,0.1,79.2,-12.0,2.0,3.0,12.0,0.03076923076923077,0.19999999999999998,-2.4666666666666686,-0.7000000000000028,1.7384615384615376,6.4,0.0
2022,1022200084,2022-06-14,1611661324,Minnesota Lynx,0,79,0.21428571428571427,77.21428571428571,-7.214285714285714,0.3,78.7,-5.6,2.0,3.0,11.0,1611661328,Seattle Storm,1,81,0.6153846153846154,78.61538461538461,2.0,0.7,77.4,3.4,2.0,8.0,5.0,-0.4010989010989011,-0.39999999999999997,-1.401098901098905,1.2999999999999972,-9.214285714285715,-9.0,0.0
2022,1022200103,2022-06-23,1611661324,Minnesota Lynx,1,100,0.23529411764705882,78.76470588235294,-5.352941176470588,0.3,79.3,-2.7,2.0,4.0,13.0,1611661317,Phoenix Mercury,0,88,0.35294117647058826,81.47058823529412,-4.647058823529412,0.4,79.9,-3.9,2.0,6.0,11.0,-0.11764705882352944,-0.10000000000000003,-2.705882352941174,-0.6000000000000085,-0.7058823529411757,1.1999999999999997,0.0
2022,1022200115,2022-06-28,1611661324,Minnesota Lynx,1,92,0.2631578947368421,80.21052631578948,-4.315789473684211,0.3,81.1,-2.2,2.0,5.0,14.0,1611661321,Dallas Wings,0,64,0.47368421052631576,81.94736842105263,0.9473684210526315,0.4,82.3,2.2,3.0,9.0,10.0,-0.21052631578947367,-0.10000000000000003,-1.7368421052631504,-1.2000000000000028,-5.2631578947368425,-4.4,-1.0
2022,1022200121,2022-07-01,1611661324,Minnesota Lynx,0,85,0.3,80.8,-2.7,0.4,82.7,1.4,3.0,6.0,14.0,1611661319,Las Vegas Aces,1,91,0.7368421052631579,89.84210526315789,6.894736842105263,0.6,87.8,1.9,2.0,14.0,5.0,-0.43684210526315786,-0.19999999999999996,-9.042105263157893,-5.099999999999994,-9.594736842105263,-0.5,1.0
2022,1022200126,2022-07-03,1611661324,Minnesota Lynx,1,102,0.2857142857142857,81.0,-2.857142857142857,0.3,82.8,0.1,2.0,6.0,15.0,1611661319,Las Vegas Aces,0,71,0.75,89.9,6.85,0.6,88.0,1.7,2.0,15.0,5.0,-0.4642857142857143,-0.3,-8.900000000000006,-5.200000000000003,-9.707142857142857,-1.5999999999999999,0.0
2022,1022200131,2022-07-06,1611661324,Minnesota Lynx,1,81,0.3181818181818182,81.95454545454545,-1.3181818181818181,0.4,86.1,5.1,3.0,7.0,15.0,1611661329,Chicago Sky,0,78,0.75,85.95,6.05,0.8,90.2,6.7,4.0,15.0,5.0,-0.4318181818181818,-0.4,-3.9954545454545496,-4.1000000000000085,-7.368181818181818,-1.6000000000000005,-1.0
2022,1022200140,2022-07-12,1611661324,Minnesota Lynx,1,118,0.34782608695652173,81.91304347826087,-1.1304347826086956,0.5,88.3,7.1,6.0,8.0,15.0,1611661317,Phoenix Mercury,0,107,0.4166666666666667,82.16666666666667,-2.625,0.5,83.9,1.1,5.0,10.0,14.0,-0.06884057971014496,0.0,-0.2536231884057969,4.3999999999999915,1.4945652173913044,6.0,1.0
2022,1022200144,2022-07-14,1611661324,Minnesota Lynx,0,87,0.375,83.41666666666667,-0.625,0.6,92.1,8.6,2.0,9.0,15.0,1611661321,Dallas Wings,1,92,0.43478260869565216,81.1304347826087,-0.6956521739130435,0.4,81.9,-1.7,2.0,10.0,13.0,-0.05978260869565216,0.19999999999999996,2.286231884057969,10.199999999999989,0.07065217391304346,10.299999999999999,0.0
2022,1022200161,2022-07-22,1611661324,Minnesota Lynx,0,84,0.37037037037037035,82.70370370370371,-0.8518518518518519,0.6,89.4,6.8,5.0,10.0,17.0,1611661323,Connecticut Sun,1,94,0.6538461538461539,84.34615384615384,6.884615384615385,0.5,78.7,2.6,3.0,17.0,9.0,-0.2834757834757835,0.09999999999999998,-1.64245014245013,10.700000000000003,-7.736467236467237,4.199999999999999,2.0
2022,1022200168,2022-07-24,1611661324,Minnesota Lynx,0,79,0.35714285714285715,82.75,-1.1785714285714286,0.5,87.8,4.6,2.0,10.0,18.0,1611661323,Connecticut Sun,1,86,0.6666666666666666,84.70370370370371,7.0,0.6,81.8,4.4,2.0,18.0,9.0,-0.3095238095238095,-0.09999999999999998,-1.9537037037037095,6.0,-8.178571428571429,0.1999999999999993,0.0
2022,1022200198,2022-08-07,1611661324,Minnesota Lynx,1,81,0.375,82.78125,-1.1875,0.5,84.6,-0.9,4.0,12.0,20.0,1611661330,Atlanta Dream,0,71,0.4375,78.5,-2.40625,0.4,80.2,-3.9,2.0,14.0,18.0,-0.0625,0.09999999999999998,4.28125,4.3999999999999915,1.21875,3.0,2.0
2022,1022200209,2022-08-12,1611661324,Minnesota Lynx,0,69,0.4117647058823529,82.82352941176471,-0.5588235294117647,0.5,81.4,-0.4,2.0,14.0,20.0,1611661328,Seattle Storm,1,96,0.6176470588235294,81.58823529411765,3.823529411764706,0.5,83.6,1.8,3.0,21.0,13.0,-0.20588235294117652,0.0,1.235294117647058,-2.1999999999999886,-4.382352941176471,-2.2,-1.0
2022,1022200022,2022-05-15,1611661325,Indiana Fever,0,79,0.5,80.25,-3.0,0.5,80.25,-3.0,2.0,2.0,2.0,1611661330,Atlanta Dream,1,85,0.6666666666666666,72.0,-4.666666666666667,0.6666666666666666,72.0,-4.666666666666667,2.0,2.0,1.0,-0.16666666666666663,-0.16666666666666663,8.25,8.25,1.666666666666667,1.666666666666667,0.0
2022,1022200024,2022-05-17,1611661325,Indiana Fever,0,79,0.4,80.0,-3.6,0.4,80.0,-3.6,2.0,2.0,3.0,1611661330,Atlanta Dream,1,101,0.75,75.25,-2.0,0.75,75.25,-2.0,2.0,3.0,1.0,-0.35,-0.35,4.75,4.75,-1.6,-1.6,0.0
2022,1022200036,2022-05-22,1611661325,Indiana Fever,0,70,0.2857142857142857,80.57142857142857,-7.0,0.2857142857142857,80.57142857142857,-7.0,2.0,2.0,5.0,1611661323,Connecticut Sun,1,92,0.75,85.5,12.75,0.75,85.5,12.75,2.0,3.0,1.0,-0.4642857142857143,-0.4642857142857143,-4.928571428571431,-4.928571428571431,-19.75,-19.75,0.0
2022,1022200045,2022-05-27,1611661325,Indiana Fever,1,101,0.2222222222222222,80.44444444444444,-8.444444444444445,0.2222222222222222,80.44444444444444,-8.444444444444445,3.0,2.0,7.0,1611661320,Los Angeles Sparks,0,96,0.375,82.375,-3.875,0.375,82.375,-3.875,2.0,3.0,5.0,-0.1527777777777778,-0.1527777777777778,-1.9305555555555571,-1.9305555555555571,-4.569444444444445,-4.569444444444445,1.0
2022,1022200052,2022-05-31,1611661325,Indiana Fever,0,75,0.3,82.5,-7.1,0.3,82.5,-7.1,4.0,3.0,7.0,1611661322,Washington Mystics,1,87,0.6666666666666666,79.22222222222223,6.111111111111111,0.6666666666666666,79.22222222222223,6.111111111111111,3.0,6.0,3.0,-0.36666666666666664,-0.36666666666666664,3.2777777777777715,3.2777777777777715,-13.21111111111111,-13.21111111111111,1.0
2022,1022200074,2022-06-10,1611661325,Indiana Fever,0,83,0.21428571428571427,79.21428571428571,-8.857142857142858,0.1,78.8,-11.2,2.0,3.0,11.0,1611661313,New York Liberty,1,97,0.3333333333333333,74.08333333333333,-7.5,0.3,75.8,-5.9,3.0,4.0,8.0,-0.11904761904761904,-0.19999999999999998,5.13095238095238,3.0,-1.3571428571428577,-5.299999999999999,-1.0
2022,1022200087,2022-06-15,1611661325,Indiana Fever,0,80,0.25,79.75,-8.375,0.2,79.7,-9.4,3.0,4.0,12.0,1611661317,Phoenix Mercury,1,93,0.35714285714285715,80.92857142857143,-5.285714285714286,0.3,80.5,-6.9,1.0,5.0,9.0,-0.10714285714285715,-0.09999999999999998,-1.1785714285714306,-0.7999999999999972,-3.0892857142857144,-2.5,2.0
2022,1022200093,2022-06-19,1611661325,Indiana Fever,1,89,0.23529411764705882,79.76470588235294,-8.647058823529411,0.2,79.2,-9.8,4.0,4.0,13.0,1611661329,Chicago Sky,0,87,0.7142857142857143,84.0,4.571428571428571,0.8,84.9,3.7,2.0,10.0,4.0,-0.4789915966386555,-0.6000000000000001,-4.235294117647058,-5.700000000000003,-13.218487394957982,-13.5,2.0
2022,1022200129,2022-07-05,1611661325,Indiana Fever,0,73,0.22727272727272727,78.13636363636364,-10.0,0.2,74.5,-12.4,4.0,5.0,17.0,1611661328,Seattle Storm,1,95,0.6190476190476191,78.76190476190476,2.0952380952380953,0.7,80.5,2.4,2.0,13.0,8.0,-0.3917748917748918,-0.49999999999999994,-0.625541125541119,-6.0,-12.095238095238095,-14.8,2.0
2022,1022200134,2022-07-07,1611661325,Indiana Fever,0,84,0.21739130434782608,77.91304347826087,-10.521739130434783,0.2,75.2,-13.7,2.0,5.0,18.0,1611661329,Chicago Sky,1,93,0.7142857142857143,85.57142857142857,5.619047619047619,0.8,89.8,6.6,1.0,15.0,6.0,-0.49689440993788825,-0.6000000000000001,-7.658385093167695,-14.599999999999994,-16.1407867494824,-20.299999999999997,1.0
2022,1022200142,2022-07-13,1611661325,Indiana Fever,0,81,0.20833333333333334,78.16666666666667,-10.458333333333334,0.2,76.7,-12.7,6.0,5.0,19.0,1611661323,Connecticut Sun,1,89,0.6363636363636364,83.9090909090909,6.136363636363637,0.5,79.4,2.1,8.0,14.0,8.0,-0.428030303030303,-0.3,-5.742424242424235,-2.700000000000003,-16.59469696969697,-14.799999999999999,-2.0
2022,1022200147,2022-07-15,1611661325,Indiana Fever,0,77,0.2,78.28,-10.36,0.2,76.5,-12.1,2.0,5.0,20.0,1611661324,Minnesota Lynx,1,87,0.36,83.56,-0.8,0.6,92.9,8.3,1.0,9.0,16.0,-0.15999999999999998,-0.39999999999999997,-5.280000000000001,-16.400000000000006,-9.559999999999999,-20.4,1.0
2022,1022200166,2022-07-24,1611661325,Indiana Fever,0,86,0.1724137931034483,77.75862068965517,-10.517241379310345,0.0,74.2,-13.4,3.0,5.0,24.0,1611661321,Dallas Wings,1,96,0.4230769230769231,81.61538461538461,-0.9615384615384616,0.3,80.6,-3.3,2.0,11.0,15.0,-0.2506631299734748,-0.3,-3.856763925729439,-6.3999999999999915,-9.555702917771884,-10.100000000000001,1.0
2022,1022200173,2022-07-29,1611661325,Indiana Fever,0,72,0.16666666666666666,78.03333333333333,-10.5,0.0,75.7,-13.2,5.0,5.0,25.0,1611661319,Las Vegas Aces,1,93,0.7142857142857143,90.42857142857143,5.714285714285714,0.6,90.3,1.9,6.0,20.0,8.0,-0.5476190476190477,-0.6,-12.3952380952381,-14.599999999999994,-16.214285714285715,-15.1,-1.0
2022,1022200179,2022-07-31,1611661325,Indiana Fever,0,69,0.16129032258064516,77.83870967741936,-10.838709677419354,0.0,75.1,-13.2,2.0,5.0,26.0,1611661319,Las Vegas Aces,1,94,0.7241379310344828,90.51724137931035,6.241379310344827,0.7,91.8,5.0,2.0,21.0,8.0,-0.5628476084538376,-0.7,-12.67853170189099,-16.700000000000003,-17.08008898776418,-18.2,0.0
2022,1022200207,2022-08-12,1611661325,Indiana Fever,0,70,0.14705882352941177,78.05882352941177,-11.029411764705882,0.0,77.8,-12.4,6.0,5.0,29.0,1611661322,Washington Mystics,1,82,0.5882352941176471,79.73529411764706,3.911764705882353,0.6,80.1,3.5,5.0,20.0,14.0,-0.4411764705882353,-0.6,-1.67647058823529,-2.299999999999997,-14.941176470588236,-15.9,1.0
2022,1022200028,2022-05-18,1611661328,Seattle Storm,1,74,0.25,78.0,-3.25,0.25,78.0,-3.25,4.0,1.0,3.0,1611661329,Chicago Sky,0,71,0.6666666666666666,85.33333333333333,10.0,0.6666666666666666,85.33333333333333,10.0,4.0,2.0,1.0,-0.41666666666666663,-0.41666666666666663,-7.333333333333329,-7.333333333333329,-13.25,-13.25,0.0
2022,1022200033,2022-05-20,1611661328,Seattle Storm,1,83,0.4,77.2,-2.0,0.4,77.2,-2.0,2.0,2.0,3.0,1611661320,Los Angeles Sparks,0,80,0.4,80.8,-1.0,0.4,80.8,-1.0,3.0,2.0,3.0,0.0,0.0,-3.5999999999999943,-3.5999999999999943,-1.0,-1.0,-1.0
2022,1022200046,2022-05-27,1611661328,Seattle Storm,1,79,0.5,78.16666666666667,-1.1666666666666667,0.5,78.16666666666667,-1.1666666666666667,7.0,3.0,3.0,1611661313,New York Liberty,0,71,0.16666666666666666,71.83333333333333,-13.333333333333334,0.16666666666666666,71.83333333333333,-13.333333333333334,3.0,1.0,5.0,0.33333333333333337,0.33333333333333337,6.333333333333343,6.333333333333343,12.166666666666668,12.166666666666668,4.0
2022,1022200050,2022-05-29,1611661328,Seattle Storm,1,92,0.5714285714285714,78.28571428571429,0.14285714285714285,0.5714285714285714,78.28571428571429,0.14285714285714285,2.0,4.0,3.0,1611661313,New York Liberty,0,61,0.14285714285714285,71.71428571428571,-12.571428571428571,0.14285714285714285,71.71428571428571,-12.571428571428571,2.0,1.0,6.0,0.42857142857142855,0.42857142857142855,6.571428571428584,6.571428571428584,12.714285714285714,12.714285714285714,0.0
2022,1022200062,2022-06-03,1611661328,Seattle Storm,0,51,0.625,80.0,4.0,0.625,80.0,4.0,5.0,5.0,3.0,1611661321,Dallas Wings,1,68,0.5555555555555556,81.55555555555556,-0.4444444444444444,0.5555555555555556,81.55555555555556,-0.4444444444444444,3.0,5.0,4.0,0.06944444444444442,0.06944444444444442,-1.5555555555555571,-1.5555555555555571,4.444444444444445,4.444444444444445,2.0
2022,1022200068,2022-06-05,1611661328,Seattle Storm,0,86,0.5555555555555556,76.77777777777777,1.6666666666666667,0.5555555555555556,76.77777777777777,1.6666666666666667,2.0,5.0,4.0,1611661323,Connecticut Sun,1,93,0.7272727272727273,87.18181818181819,9.727272727272727,0.8,88.0,10.9,2.0,8.0,3.0,-0.1717171717171717,-0.24444444444444446,-10.404040404040416,-11.222222222222229,-8.06060606060606,-9.233333333333334,0.0
2022,1022200070,2022-06-07,1611661328,Seattle Storm,1,72,0.5,77.7,0.8,0.5,77.7,0.8,2.0,5.0,5.0,1611661330,Atlanta Dream,0,60,0.6363636363636364,75.45454545454545,2.272727272727273,0.6,76.4,1.8,2.0,7.0,4.0,-0.13636363636363635,-0.09999999999999998,2.2454545454545496,1.2999999999999972,-1.4727272727272729,-1.0,0.0
2022,1022200104,2022-06-23,1611661328,Seattle Storm,1,85,0.625,78.4375,1.625,0.7,78.6,3.3,4.0,10.0,6.0,1611661322,Washington Mystics,0,71,0.5789473684210527,79.10526315789474,4.0,0.5,79.0,2.1,2.0,11.0,8.0,0.046052631578947345,0.19999999999999996,-0.6677631578947398,-0.4000000000000057,-2.375,1.1999999999999997,2.0
2022,1022200108,2022-06-25,1611661328,Seattle Storm,0,77,0.6470588235294118,78.82352941176471,2.3529411764705883,0.7,79.2,3.9,2.0,11.0,6.0,1611661320,Los Angeles Sparks,1,85,0.375,81.5,-5.4375,0.4,82.0,-7.9,2.0,6.0,10.0,0.2720588235294118,0.29999999999999993,-2.67647058823529,-2.799999999999997,7.790441176470589,11.8,0.0
2022,1022200118,2022-06-29,1611661328,Seattle Storm,1,88,0.6111111111111112,78.72222222222223,1.7777777777777777,0.6,77.7,0.0,4.0,11.0,7.0,1611661319,Las Vegas Aces,0,78,0.7777777777777778,90.5,7.833333333333333,0.7,88.3,3.6,2.0,14.0,4.0,-0.16666666666666663,-0.09999999999999998,-11.777777777777771,-10.599999999999994,-6.055555555555555,-3.6,2.0
2022,1022200122,2022-07-01,1611661328,Seattle Storm,1,73,0.631578947368421,79.21052631578948,2.210526315789474,0.7,81.4,2.7,2.0,12.0,7.0,1611661325,Indiana Fever,0,57,0.23809523809523808,79.14285714285714,-9.714285714285714,0.2,76.2,-12.1,2.0,5.0,16.0,0.39348370927318294,0.49999999999999994,0.06766917293234087,5.200000000000003,11.924812030075188,14.8,0.0
2022,1022200137,2022-07-12,1611661328,Seattle Storm,1,83,0.6521739130434783,80.65217391304348,4.478260869565218,0.7,83.3,7.7,5.0,15.0,8.0,1611661321,Dallas Wings,0,74,0.45454545454545453,81.45454545454545,-0.3181818181818182,0.4,82.4,-1.3,7.0,10.0,12.0,0.19762845849802374,0.29999999999999993,-0.8023715415019694,0.8999999999999915,4.796442687747036,9.0,-2.0
2022,1022200153,2022-07-17,1611661328,Seattle Storm,1,81,0.6666666666666666,80.75,4.666666666666667,0.7,83.5,8.4,5.0,16.0,8.0,1611661325,Indiana Fever,0,65,0.19230769230769232,78.23076923076923,-10.346153846153847,0.1,75.8,-13.5,2.0,5.0,21.0,0.47435897435897434,0.6,2.5192307692307736,7.700000000000003,15.012820512820515,21.9,3.0
2022,1022200167,2022-07-24,1611661328,Seattle Storm,1,82,0.6296296296296297,80.4074074074074,4.0,0.6,83.1,6.8,2.0,17.0,10.0,1611661330,Atlanta Dream,0,72,0.4444444444444444,78.07407407407408,-2.185185185185185,0.4,78.1,-4.4,3.0,12.0,15.0,0.18518518518518523,0.19999999999999996,2.3333333333333286,5.0,6.185185185185185,11.2,-1.0
2022,1022200188,2022-08-03,1611661328,Seattle Storm,1,89,0.6129032258064516,80.41935483870968,3.7096774193548385,0.6,83.9,7.1,3.0,19.0,12.0,1611661324,Minnesota Lynx,0,77,0.3870967741935484,82.96774193548387,-0.8387096774193549,0.6,87.1,3.4,3.0,12.0,19.0,0.22580645161290325,0.0,-2.548387096774192,-3.1999999999999886,4.548387096774193,3.6999999999999997,0.0
2022,1022200197,2022-08-07,1611661328,Seattle Storm,0,81,0.625,80.6875,3.96875,0.6,83.3,6.1,4.0,20.0,12.0,1611661319,Las Vegas Aces,1,89,0.6875,89.75,6.0625,0.7,89.6,9.7,3.0,22.0,10.0,-0.0625,-0.09999999999999998,-9.0625,-6.299999999999997,-2.09375,-3.5999999999999996,1.0
2022,1022200041,2022-05-24,1611661329,Chicago Sky,1,95,0.6,81.8,7.2,0.6,81.8,7.2,2.0,3.0,2.0,1611661325,Indiana Fever,0,90,0.25,79.25,-8.875,0.25,79.25,-8.875,2.0,2.0,6.0,0.35,0.35,2.549999999999997,2.549999999999997,16.075,16.075,0.0
2022,1022200047,2022-05-28,1611661329,Chicago Sky,0,76,0.6666666666666666,84.0,6.833333333333333,0.6666666666666666,84.0,6.833333333333333,4.0,4.0,2.0,1611661319,Las Vegas Aces,1,83,0.875,93.25,13.125,0.875,93.25,13.125,5.0,7.0,1.0,-0.20833333333333337,-0.20833333333333337,-9.25,-9.25,-6.291666666666667,-6.291666666666667,-1.0
2022,1022200053,2022-05-31,1611661329,Chicago Sky,1,73,0.5714285714285714,82.85714285714286,4.857142857142857,0.5714285714285714,82.85714285714286,4.857142857142857,3.0,4.0,3.0,1611661317,Phoenix Mercury,0,70,0.25,80.0,-8.375,0.25,80.0,-8.375,2.0,2.0,6.0,0.3214285714285714,0.3214285714285714,2.857142857142861,2.857142857142861,13.232142857142858,13.232142857142858,1.0
2022,1022200065,2022-06-05,1611661329,Chicago Sky,1,91,0.6666666666666666,80.66666666666667,5.0,0.6666666666666666,80.66666666666667,5.0,2.0,6.0,3.0,1611661322,Washington Mystics,0,82,0.6363636363636364,79.0909090909091,5.7272727272727275,0.6,78.6,4.9,2.0,7.0,4.0,0.030303030303030276,0.06666666666666665,1.575757575757578,2.066666666666677,-0.7272727272727275,0.09999999999999964,0.0
2022,1022200091,2022-06-17,1611661329,Chicago Sky,1,106,0.6923076923076923,82.3076923076923,4.461538461538462,0.7,81.4,2.8,5.0,9.0,4.0,1611661330,Atlanta Dream,0,100,0.5,76.42857142857143,-0.14285714285714285,0.4,76.9,0.6,2.0,7.0,7.0,0.1923076923076923,0.29999999999999993,5.879120879120876,4.5,4.604395604395605,2.1999999999999997,3.0
2022,1022200111,2022-06-26,1611661329,Chicago Sky,1,88,0.7058823529411765,85.23529411764706,5.529411764705882,0.8,86.9,6.0,3.0,12.0,5.0,1611661324,Minnesota Lynx,0,85,0.2777777777777778,79.94444444444444,-4.388888888888889,0.3,80.9,-2.1,3.0,5.0,13.0,0.4281045751633987,0.5,5.290849673202615,6.0,9.918300653594772,8.1,0.0
2022,1022200116,2022-06-29,1611661329,Chicago Sky,1,91,0.7222222222222222,85.38888888888889,5.388888888888889,0.8,88.4,6.0,3.0,13.0,5.0,1611661323,Connecticut Sun,0,83,0.6842105263157895,85.15789473684211,8.0,0.7,84.8,5.6,3.0,13.0,6.0,0.03801169590643272,0.10000000000000009,0.23099415204677598,3.6000000000000085,-2.6111111111111107,0.40000000000000036,0.0
2022,1022200123,2022-07-02,1611661329,Chicago Sky,1,91,0.7368421052631579,85.6842105263158,5.526315789473684,0.8,90.2,6.0,3.0,14.0,5.0,1611661317,Phoenix Mercury,0,75,0.42857142857142855,82.76190476190476,-2.238095238095238,0.6,85.9,2.0,3.0,9.0,12.0,0.3082706766917293,0.20000000000000007,2.9223057644110355,4.299999999999997,7.764411027568922,4.0,0.0
2022,1022200139,2022-07-12,1611661329,Chicago Sky,1,90,0.7272727272727273,85.9090909090909,5.7727272727272725,0.8,90.8,7.1,5.0,16.0,6.0,1611661330,Atlanta Dream,0,75,0.45454545454545453,77.72727272727273,-1.7272727272727273,0.3,82.0,-5.1,6.0,10.0,12.0,0.27272727272727276,0.5,8.181818181818173,8.799999999999997,7.5,12.2,-1.0
2022,1022200157,2022-07-20,1611661329,Chicago Sky,1,78,0.76,85.96,6.48,0.9,88.6,10.0,4.0,19.0,6.0,1611661328,Seattle Storm,0,74,0.68,80.76,5.12,0.8,84.5,11.1,3.0,17.0,8.0,0.07999999999999996,0.09999999999999998,5.199999999999989,4.099999999999994,1.3600000000000003,-1.0999999999999996,1.0
2022,1022200162,2022-07-22,1611661329,Chicago Sky,1,89,0.7692307692307693,85.65384615384616,6.384615384615385,0.9,86.0,9.5,2.0,20.0,6.0,1611661321,Dallas Wings,0,83,0.44,81.56,-0.76,0.4,81.5,-1.7,6.0,11.0,14.0,0.32923076923076927,0.5,4.093846153846158,4.5,7.144615384615385,11.2,-4.0
2022,1022200174,2022-07-29,1611661329,Chicago Sky,1,89,0.75,85.57142857142857,6.035714285714286,0.8,85.9,7.2,6.0,21.0,7.0,1611661313,New York Liberty,0,81,0.37037037037037035,79.0,-5.148148148148148,0.3,83.1,-6.8,6.0,10.0,17.0,0.37962962962962965,0.5,6.571428571428569,2.8000000000000114,11.183862433862434,14.0,0.0
2022,1022200185,2022-08-02,1611661329,Chicago Sky,0,78,0.7666666666666667,86.0,6.0,0.8,86.1,5.9,2.0,23.0,7.0,1611661321,Dallas Wings,1,84,0.4482758620689655,81.93103448275862,-0.41379310344827586,0.4,81.9,-3.0,3.0,13.0,16.0,0.3183908045977012,0.4,4.068965517241381,4.199999999999989,6.413793103448276,8.9,-1.0
2022,1022200192,2022-08-05,1611661329,Chicago Sky,1,93,0.7419354838709677,85.74193548387096,5.612903225806452,0.8,86.1,5.6,3.0,23.0,8.0,1611661322,Washington Mystics,0,83,0.625,79.75,4.5625,0.7,79.9,6.5,3.0,20.0,12.0,0.11693548387096775,0.10000000000000009,5.991935483870961,6.199999999999989,1.050403225806452,-0.9000000000000004,0.0
2022,1022200195,2022-08-07,1611661329,Chicago Sky,1,94,0.75,85.96875,5.75,0.8,86.1,5.7,2.0,24.0,8.0,1611661323,Connecticut Sun,0,91,0.6875,84.90625,7.34375,0.8,87.1,10.0,3.0,22.0,10.0,0.0625,0.0,1.0625,-1.0,-1.59375,-4.3,-1.0
2022,1022200200,2022-08-09,1611661329,Chicago Sky,0,100,0.7575757575757576,86.21212121212122,5.666666666666667,0.8,86.5,4.5,2.0,25.0,8.0,1611661328,Seattle Storm,1,111,0.6060606060606061,80.6969696969697,3.606060606060606,0.5,80.8,1.6,2.0,20.0,13.0,0.1515151515151515,0.30000000000000004,5.515151515151516,5.700000000000003,2.060606060606061,2.9,0.0
2022,1022200032,2022-05-20,1611661330,Atlanta Dream,0,73,0.8,80.4,2.8,0.8,80.4,2.8,3.0,4.0,1.0,1611661322,Washington Mystics,1,78,0.8,84.2,9.4,0.8,84.2,9.4,3.0,4.0,1.0,0.0,0.0,-3.799999999999997,-3.799999999999997,-6.6000000000000005,-6.6000000000000005,0.0
2022,1022200049,2022-05-29,1611661330,Atlanta Dream,1,81,0.5714285714285714,75.0,-1.5714285714285714,0.5714285714285714,75.0,-1.5714285714285714,5.0,4.0,3.0,1611661317,Phoenix Mercury,0,54,0.2857142857142857,83.71428571428571,-5.714285714285714,0.2857142857142857,83.71428571428571,-5.714285714285714,4.0,2.0,5.0,0.2857142857142857,0.2857142857142857,-8.714285714285708,-8.714285714285708,4.142857142857143,4.142857142857143,1.0
2022,1022200056,2022-06-01,1611661330,Atlanta Dream,1,84,0.625,75.75,2.0,0.625,75.75,2.0,3.0,5.0,3.0,1611661324,Minnesota Lynx,0,76,0.2222222222222222,79.22222222222223,-6.666666666666667,0.2222222222222222,79.22222222222223,-6.666666666666667,3.0,2.0,7.0,0.4027777777777778,0.4027777777777778,-3.4722222222222285,-3.4722222222222285,8.666666666666668,8.666666666666668,0.0
2022,1022200060,2022-06-03,1611661330,Atlanta Dream,0,65,0.6666666666666666,76.66666666666667,2.6666666666666665,0.6666666666666666,76.66666666666667,2.6666666666666665,2.0,6.0,3.0,1611661329,Chicago Sky,1,73,0.625,81.625,4.625,0.625,81.625,4.625,3.0,5.0,3.0,0.04166666666666663,0.04166666666666663,-4.958333333333329,-4.958333333333329,-1.9583333333333335,-1.9583333333333335,-1.0
2022,1022200064,2022-06-05,1611661330,Atlanta Dream,1,75,0.6,75.5,1.6,0.6,75.5,1.6,2.0,6.0,4.0,1611661325,Indiana Fever,0,66,0.25,81.16666666666667,-8.0,0.3,82.7,-7.2,4.0,3.0,9.0,0.35,0.3,-5.666666666666671,-7.200000000000003,9.6,8.8,-2.0
2022,1022200097,2022-06-21,1611661330,Atlanta Dream,1,80,0.4666666666666667,78.0,-0.5333333333333333,0.3,76.8,-2.2,4.0,7.0,8.0,1611661321,Dallas Wings,0,75,0.5,82.25,0.5,0.4,82.6,-1.3,2.0,8.0,8.0,-0.033333333333333326,-0.10000000000000003,-4.25,-5.799999999999997,-1.0333333333333332,-0.9000000000000001,2.0
2022,1022200106,2022-06-24,1611661330,Atlanta Dream,0,77,0.5,78.125,-0.1875,0.4,77.5,-1.2,3.0,8.0,8.0,1611661313,New York Liberty,1,89,0.4117647058823529,76.58823529411765,-4.176470588235294,0.6,80.0,1.7,2.0,7.0,10.0,0.08823529411764708,-0.19999999999999996,1.536764705882348,-2.5,3.9889705882352944,-2.9,1.0
2022,1022200110,2022-06-26,1611661330,Atlanta Dream,0,61,0.47058823529411764,78.05882352941177,-0.8823529411764706,0.4,80.2,-0.4,2.0,8.0,9.0,1611661323,Connecticut Sun,1,72,0.6666666666666666,85.88888888888889,7.833333333333333,0.6,85.7,3.7,4.0,12.0,6.0,-0.196078431372549,-0.19999999999999996,-7.830065359477118,-5.5,-8.715686274509803,-4.1000000000000005,-2.0
2022,1022200125,2022-07-03,1611661330,Atlanta Dream,1,90,0.45,77.7,-1.65,0.3,79.9,-4.9,3.0,9.0,11.0,1611661328,Seattle Storm,0,76,0.65,78.9,2.9,0.8,80.1,5.0,2.0,13.0,7.0,-0.2,-0.5,-1.2000000000000028,-0.19999999999998863,-4.55,-9.9,1.0
2022,1022200132,2022-07-06,1611661330,Atlanta Dream,0,66,0.47619047619047616,78.28571428571429,-0.9047619047619048,0.3,81.4,-4.4,3.0,10.0,11.0,1611661322,Washington Mystics,1,85,0.5652173913043478,79.34782608695652,3.4347826086956523,0.5,78.9,2.3,3.0,13.0,10.0,-0.08902691511387162,-0.2,-1.0621118012422244,2.5,-4.339544513457557,-6.7,0.0
2022,1022200148,2022-07-15,1611661330,Atlanta Dream,0,68,0.43478260869565216,77.6086956521739,-2.3043478260869565,0.3,80.7,-6.4,3.0,10.0,13.0,1611661323,Connecticut Sun,1,93,0.6521739130434783,84.1304347826087,6.217391304347826,0.5,79.5,1.0,2.0,15.0,8.0,-0.2173913043478261,-0.2,-6.521739130434796,1.2000000000000028,-8.521739130434783,-7.4,1.0
2022,1022200169,2022-07-28,1611661330,Atlanta Dream,0,85,0.42857142857142855,77.85714285714286,-2.4642857142857144,0.4,79.2,-4.3,4.0,12.0,16.0,1611661324,Minnesota Lynx,1,92,0.3448275862068966,82.62068965517241,-1.3793103448275863,0.5,87.2,4.2,4.0,10.0,19.0,0.08374384236453197,-0.09999999999999998,-4.763546798029552,-8.0,-1.0849753694581281,-8.5,0.0
2022,1022200176,2022-07-30,1611661330,Atlanta Dream,0,68,0.41379310344827586,78.10344827586206,-2.6206896551724137,0.4,80.3,-3.2,2.0,12.0,17.0,1611661321,Dallas Wings,1,81,0.42857142857142855,81.96428571428571,-0.8928571428571429,0.3,81.0,-5.4,2.0,12.0,16.0,-0.014778325123152691,0.10000000000000003,-3.860837438423644,-0.7000000000000028,-1.727832512315271,2.2,0.0
2022,1022200186,2022-08-03,1611661330,Atlanta Dream,1,91,0.4,77.76666666666667,-2.966666666666667,0.3,77.9,-5.6,4.0,12.0,18.0,1611661325,Indiana Fever,0,81,0.15625,77.5625,-11.28125,0.0,76.3,-14.1,3.0,5.0,27.0,0.24375000000000002,0.3,0.20416666666666572,1.6000000000000085,8.314583333333333,8.5,1.0
2022,1022200191,2022-08-05,1611661330,Atlanta Dream,1,88,0.41935483870967744,78.19354838709677,-2.5483870967741935,0.3,78.0,-6.0,2.0,13.0,18.0,1611661320,Los Angeles Sparks,0,86,0.3870967741935484,79.58064516129032,-5.774193548387097,0.2,74.6,-11.5,2.0,12.0,19.0,0.03225806451612906,0.09999999999999998,-1.3870967741935516,3.4000000000000057,3.2258064516129035,5.5,0.0
2022,1022200208,2022-08-12,1611661330,Atlanta Dream,0,70,0.4117647058823529,78.61764705882354,-2.764705882352941,0.4,82.0,-1.6,3.0,14.0,20.0,1611661313,New York Liberty,1,80,0.4117647058823529,79.38235294117646,-2.9411764705882355,0.5,78.1,1.4,2.0,14.0,20.0,0.0,-0.09999999999999998,-0.7647058823529278,3.9000000000000057,0.17647058823529438,-3.0,1.0
2023,1022300033,2023-06-04,1611661313,New York Liberty,0,82,0.8,79.6,5.2,0.8,79.6,5.2,2.0,4.0,1.0,1611661329,Chicago Sky,1,86,0.5,76.0,0.3333333333333333,0.5,76.0,0.3333333333333333,2.0,3.0,3.0,0.30000000000000004,0.30000000000000004,3.5999999999999943,3.5999999999999943,4.866666666666667,4.866666666666667,0.0
2023,1022300046,2023-06-11,1611661313,New York Liberty,1,102,0.7142857142857143,83.71428571428571,6.428571428571429,0.7142857142857143,83.71428571428571,6.428571428571429,2.0,5.0,2.0,1611661321,Dallas Wings,0,93,0.625,85.5,2.625,0.625,85.5,2.625,2.0,5.0,3.0,0.0892857142857143,0.0892857142857143,-1.7857142857142918,-1.7857142857142918,3.803571428571429,3.803571428571429,0.0
2023,1022300053,2023-06-13,1611661313,New York Liberty,0,79,0.75,86.0,6.75,0.75,86.0,6.75,2.0,6.0,2.0,1611661330,Atlanta Dream,1,86,0.2857142857142857,82.57142857142857,-3.7142857142857144,0.2857142857142857,82.57142857142857,-3.7142857142857144,2.0,2.0,5.0,0.4642857142857143,0.4642857142857143,3.4285714285714306,3.4285714285714306,10.464285714285715,10.464285714285715,0.0
2023,1022300062,2023-06-18,1611661313,New York Liberty,1,89,0.6666666666666666,85.22222222222223,5.222222222222222,0.6666666666666666,85.22222222222223,5.222222222222222,5.0,6.0,3.0,1611661317,Phoenix Mercury,0,71,0.2222222222222222,78.0,-8.222222222222221,0.2222222222222222,78.0,-8.222222222222221,2.0,2.0,7.0,0.4444444444444444,0.4444444444444444,7.2222222222222285,7.2222222222222285,13.444444444444443,13.444444444444443,3.0
2023,1022300079,2023-06-25,1611661313,New York Liberty,1,89,0.7272727272727273,87.81818181818181,8.636363636363637,0.8,90.2,11.1,2.0,8.0,3.0,1611661322,Washington Mystics,0,88,0.6666666666666666,76.16666666666667,3.6666666666666665,0.7,76.0,3.4,3.0,8.0,4.0,0.06060606060606066,0.10000000000000009,11.651515151515142,14.200000000000003,4.969696969696971,7.699999999999999,-1.0
2023,1022300098,2023-07-05,1611661313,New York Liberty,1,99,0.7333333333333333,87.06666666666666,6.8,0.7,90.8,7.6,3.0,11.0,4.0,1611661317,Phoenix Mercury,0,95,0.2,76.6,-9.2,0.2,74.7,-10.7,4.0,3.0,12.0,0.5333333333333332,0.49999999999999994,10.466666666666669,16.099999999999994,16.0,18.299999999999997,-1.0
2023,1022300107,2023-07-08,1611661313,New York Liberty,1,80,0.75,87.8125,6.625,0.8,92.5,8.4,3.0,12.0,4.0,1611661328,Seattle Storm,0,76,0.23529411764705882,79.0,-7.411764705882353,0.3,82.8,-5.6,2.0,4.0,13.0,0.5147058823529411,0.5,8.8125,9.700000000000003,14.036764705882353,14.0,1.0
2023,1022300123,2023-07-19,1611661313,New York Liberty,0,88,0.7777777777777778,87.77777777777777,6.555555555555555,0.8,89.2,6.4,7.0,14.0,4.0,1611661321,Dallas Wings,1,98,0.55,84.75,2.8,0.6,85.7,6.2,7.0,11.0,9.0,0.22777777777777775,0.20000000000000007,3.0277777777777715,3.5,3.7555555555555555,0.20000000000000018,0.0
2023,1022300133,2023-07-23,1611661313,New York Liberty,1,101,0.75,88.2,5.85,0.8,90.8,5.2,2.0,15.0,5.0,1611661325,Indiana Fever,0,83,0.2857142857142857,82.14285714285714,-3.3333333333333335,0.2,81.4,-5.1,4.0,6.0,15.0,0.4642857142857143,0.6000000000000001,6.057142857142864,9.399999999999991,9.183333333333334,10.3,-2.0
2023,1022300136,2023-07-25,1611661313,New York Liberty,1,86,0.7619047619047619,88.80952380952381,6.428571428571429,0.8,89.9,4.0,2.0,16.0,5.0,1611661328,Seattle Storm,0,82,0.18181818181818182,78.0909090909091,-8.090909090909092,0.1,80.1,-7.7,3.0,4.0,18.0,0.58008658008658,0.7000000000000001,10.718614718614717,9.800000000000011,14.51948051948052,11.7,-1.0
2023,1022300142,2023-07-27,1611661313,New York Liberty,1,95,0.7727272727272727,88.68181818181819,6.318181818181818,0.8,89.6,4.3,2.0,17.0,5.0,1611661330,Atlanta Dream,0,84,0.5652173913043478,85.0,0.34782608695652173,0.8,86.0,8.2,2.0,13.0,10.0,0.20750988142292492,0.0,3.681818181818187,3.5999999999999943,5.970355731225297,-3.8999999999999995,0.0
2023,1022300038,2023-07-28,1611661313,New York Liberty,0,83,0.782608695652174,88.95652173913044,6.521739130434782,0.8,90.2,4.6,1.0,18.0,5.0,1611661324,Minnesota Lynx,1,88,0.4583333333333333,79.91666666666667,-5.583333333333333,0.6,83.0,-5.2,2.0,11.0,13.0,0.32427536231884063,0.20000000000000007,9.039855072463766,7.200000000000003,12.105072463768115,9.8,-1.0
2023,1022300163,2023-08-06,1611661313,New York Liberty,1,99,0.7777777777777778,87.70370370370371,6.296296296296297,0.8,88.3,6.0,2.0,21.0,6.0,1611661319,Las Vegas Aces,0,61,0.9230769230769231,94.42307692307692,15.5,0.9,95.6,15.3,5.0,24.0,2.0,-0.14529914529914534,-0.09999999999999998,-6.71937321937321,-7.299999999999997,-9.203703703703702,-9.3,-3.0
2023,1022300174,2023-08-11,1611661313,New York Liberty,1,89,0.7857142857142857,88.10714285714286,7.428571428571429,0.8,88.7,9.0,5.0,22.0,6.0,1611661329,Chicago Sky,0,73,0.42857142857142855,80.92857142857143,-2.607142857142857,0.4,86.1,-1.4,3.0,12.0,16.0,0.35714285714285715,0.4,7.178571428571431,2.6000000000000085,10.035714285714286,10.4,2.0
2023,1022300209,2023-08-28,1611661313,New York Liberty,1,94,0.7941176470588235,88.88235294117646,8.352941176470589,0.9,89.3,13.9,2.0,27.0,7.0,1611661319,Las Vegas Aces,0,85,0.8571428571428571,92.77142857142857,12.571428571428571,0.7,88.5,5.8,2.0,30.0,5.0,-0.06302521008403361,0.20000000000000007,-3.8890756302521083,0.7999999999999972,-4.218487394957982,8.100000000000001,0.0
2023,1022300217,2023-09-01,1611661313,New York Liberty,1,89,0.8,89.02857142857142,8.371428571428572,0.9,90.0,14.0,4.0,28.0,7.0,1611661323,Connecticut Sun,0,58,0.6944444444444444,83.11111111111111,4.416666666666667,0.6,81.3,2.2,1.0,25.0,11.0,0.10555555555555562,0.30000000000000004,5.917460317460311,8.700000000000003,3.954761904761905,11.8,3.0
2023,1022300229,2023-09-07,1611661313,New York Liberty,1,96,0.8157894736842105,89.07894736842105,9.0,0.9,91.8,13.4,2.0,31.0,7.0,1611661320,Los Angeles Sparks,0,89,0.42105263157894735,78.3157894736842,-1.5789473684210527,0.6,77.6,2.5,2.0,16.0,22.0,0.39473684210526316,0.30000000000000004,10.76315789473685,14.200000000000003,10.578947368421053,10.9,0.0
2023,1022300238,2023-09-10,1611661313,New York Liberty,0,88,0.8205128205128205,89.25641025641026,8.948717948717949,0.9,92.5,12.5,3.0,32.0,7.0,1611661322,Washington Mystics,1,90,0.46153846153846156,80.28205128205128,-0.41025641025641024,0.5,78.9,2.2,2.0,18.0,21.0,0.3589743589743589,0.4,8.974358974358978,13.599999999999994,9.35897435897436,10.3,1.0
2023,1022300029,2023-06-02,1611661317,Phoenix Mercury,0,93,0.3333333333333333,76.66666666666667,-6.666666666666667,0.3333333333333333,76.66666666666667,-6.666666666666667,8.0,1.0,2.0,1611661320,Los Angeles Sparks,1,99,0.3333333333333333,81.33333333333333,-4.666666666666667,0.3333333333333333,81.33333333333333,-4.666666666666667,6.0,1.0,2.0,0.0,0.0,-4.666666666666657,-4.666666666666657,-2.0,-2.0,2.0
2023,1022300054,2023-06-13,1611661317,Phoenix Mercury,0,69,0.2857142857142857,80.57142857142857,-5.857142857142857,0.2857142857142857,80.57142857142857,-5.857142857142857,2.0,2.0,5.0,1611661328,Seattle Storm,1,83,0.14285714285714285,73.57142857142857,-10.0,0.14285714285714285,73.57142857142857,-10.0,2.0,1.0,6.0,0.14285714285714285,0.14285714285714285,7.0,7.0,4.142857142857143,4.142857142857143,0.0
2023,1022300070,2023-06-21,1611661317,Phoenix Mercury,0,79,0.2,77.3,-9.2,0.2,77.3,-9.2,3.0,2.0,8.0,1611661319,Las Vegas Aces,1,99,0.9090909090909091,91.9090909090909,15.818181818181818,0.9,90.6,13.3,3.0,10.0,1.0,-0.709090909090909,-0.7,-14.60909090909091,-13.299999999999997,-25.018181818181816,-22.5,0.0
2023,1022300084,2023-06-27,1611661317,Phoenix Mercury,0,62,0.16666666666666666,77.16666666666667,-11.25,0.2,78.6,-10.6,3.0,2.0,10.0,1611661321,Dallas Wings,1,77,0.42857142857142855,84.5,-0.8571428571428571,0.3,82.1,-2.2,2.0,6.0,8.0,-0.26190476190476186,-0.09999999999999998,-7.333333333333329,-3.5,-10.392857142857142,-8.399999999999999,1.0
2023,1022300088,2023-06-29,1611661317,Phoenix Mercury,1,85,0.15384615384615385,76.0,-11.538461538461538,0.1,75.8,-13.0,2.0,2.0,11.0,1611661325,Indiana Fever,0,63,0.35714285714285715,82.78571428571429,-2.0,0.4,85.7,-0.2,3.0,5.0,9.0,-0.2032967032967033,-0.30000000000000004,-6.785714285714292,-9.900000000000006,-9.538461538461538,-12.8,-1.0
2023,1022300093,2023-07-01,1611661317,Phoenix Mercury,0,76,0.21428571428571427,76.64285714285714,-9.142857142857142,0.2,75.0,-10.2,2.0,3.0,11.0,1611661324,Minnesota Lynx,1,86,0.4,79.13333333333334,-5.333333333333333,0.6,80.1,-2.8,2.0,6.0,9.0,-0.18571428571428575,-0.39999999999999997,-2.490476190476201,-5.099999999999994,-3.8095238095238093,-7.3999999999999995,0.0
2023,1022300110,2023-07-09,1611661317,Phoenix Mercury,1,78,0.17647058823529413,76.94117647058823,-9.0,0.1,74.4,-11.2,2.0,3.0,14.0,1611661320,Los Angeles Sparks,0,72,0.3888888888888889,78.88888888888889,-2.6666666666666665,0.3,75.9,-5.4,4.0,7.0,11.0,-0.21241830065359477,-0.19999999999999998,-1.9477124183006538,-1.5,-6.333333333333334,-5.799999999999999,-2.0
2023,1022300121,2023-07-18,1611661317,Phoenix Mercury,1,72,0.21052631578947367,76.73684210526316,-9.105263157894736,0.2,75.6,-9.9,7.0,4.0,15.0,1611661323,Connecticut Sun,0,66,0.75,84.75,5.65,0.7,87.5,7.0,6.0,15.0,5.0,-0.5394736842105263,-0.49999999999999994,-8.013157894736835,-11.900000000000006,-14.755263157894737,-16.9,1.0
2023,1022300126,2023-07-20,1611661317,Phoenix Mercury,1,80,0.25,76.5,-8.35,0.3,75.7,-7.5,2.0,5.0,15.0,1611661329,Chicago Sky,0,62,0.4,77.7,-4.1,0.3,76.2,-6.5,8.0,8.0,12.0,-0.15000000000000002,0.0,-1.2000000000000028,-0.5,-4.25,-1.0,-6.0
2023,1022300156,2023-08-03,1611661317,Phoenix Mercury,1,91,0.24,76.0,-7.88,0.3,75.1,-5.9,2.0,6.0,19.0,1611661330,Atlanta Dream,0,71,0.5384615384615384,84.26923076923077,-0.6538461538461539,0.6,80.0,1.3,2.0,14.0,12.0,-0.29846153846153844,-0.3,-8.269230769230774,-4.900000000000006,-7.226153846153846,-7.2,0.0
2023,1022300161,2023-08-05,1611661317,Phoenix Mercury,0,91,0.2692307692307692,76.57692307692308,-6.8076923076923075,0.4,74.7,-3.5,2.0,7.0,19.0,1611661328,Seattle Storm,1,97,0.23076923076923078,78.1923076923077,-6.1923076923076925,0.2,76.3,-5.5,3.0,6.0,20.0,0.038461538461538436,0.2,-1.6153846153846132,-1.5999999999999943,-0.615384615384615,2.0,-1.0
2023,1022300170,2023-08-08,1611661317,Phoenix Mercury,1,91,0.25925925925925924,77.11111111111111,-6.777777777777778,0.4,77.4,-3.0,3.0,7.0,20.0,1611661322,Washington Mystics,0,72,0.48148148148148145,80.77777777777777,0.18518518518518517,0.3,81.3,-4.7,2.0,13.0,14.0,-0.2222222222222222,0.10000000000000003,-3.666666666666657,-3.8999999999999915,-6.962962962962963,1.7000000000000002,1.0
2023,1022300172,2023-08-10,1611661317,Phoenix Mercury,1,90,0.2857142857142857,77.60714285714286,-5.857142857142857,0.4,78.7,-1.7,2.0,8.0,20.0,1611661323,Connecticut Sun,0,84,0.75,83.85714285714286,5.892857142857143,0.8,82.9,7.2,2.0,21.0,7.0,-0.4642857142857143,-0.4,-6.25,-4.200000000000003,-11.75,-8.9,0.0
2023,1022300186,2023-08-18,1611661317,Phoenix Mercury,0,63,0.3,77.8,-5.6,0.4,80.4,-0.1,5.0,9.0,21.0,1611661313,New York Liberty,1,85,0.7741935483870968,88.09677419354838,7.161290322580645,0.8,86.6,8.7,1.0,24.0,7.0,-0.47419354838709676,-0.4,-10.296774193548387,-6.199999999999989,-12.761290322580646,-8.799999999999999,4.0
2023,1022300191,2023-08-20,1611661317,Phoenix Mercury,0,73,0.2903225806451613,77.3225806451613,-6.129032258064516,0.3,78.7,-4.1,2.0,9.0,22.0,1611661325,Indiana Fever,1,83,0.25,80.375,-4.78125,0.2,76.4,-6.5,2.0,8.0,24.0,0.04032258064516131,0.09999999999999998,-3.0524193548387046,2.299999999999997,-1.347782258064516,2.4000000000000004,0.0
2023,1022300207,2023-08-27,1611661317,Phoenix Mercury,0,74,0.2727272727272727,76.72727272727273,-6.9393939393939394,0.3,78.8,-5.2,4.0,9.0,24.0,1611661321,Dallas Wings,1,77,0.5294117647058824,86.76470588235294,2.5588235294117645,0.4,88.6,-1.6,3.0,18.0,16.0,-0.25668449197860965,-0.10000000000000003,-10.037433155080208,-9.799999999999997,-9.498217468805704,-3.6,1.0
2023,1022300227,2023-09-05,1611661317,Phoenix Mercury,0,77,0.24324324324324326,76.45945945945945,-7.378378378378378,0.2,74.7,-9.0,2.0,9.0,28.0,1611661322,Washington Mystics,1,100,0.4594594594594595,79.89189189189189,-0.918918918918919,0.4,77.5,-3.9,2.0,17.0,20.0,-0.21621621621621623,-0.2,-3.432432432432435,-2.799999999999997,-6.459459459459459,-5.1,0.0
2023,1022300234,2023-09-08,1611661317,Phoenix Mercury,0,73,0.23684210526315788,76.47368421052632,-7.7894736842105265,0.1,73.3,-13.2,3.0,9.0,29.0,1611661319,Las Vegas Aces,1,94,0.8421052631578947,92.60526315789474,12.263157894736842,0.7,89.9,8.1,6.0,32.0,6.0,-0.6052631578947368,-0.6,-16.131578947368425,-16.60000000000001,-20.05263157894737,-21.299999999999997,-3.0
2023,1022300020,2023-05-28,1611661319,Las Vegas Aces,1,94,1.0,97.33333333333333,26.0,1.0,97.33333333333333,26.0,1.0,3.0,0.0,1611661324,Minnesota Lynx,0,73,0.0,74.66666666666667,-8.666666666666666,0.0,74.66666666666667,-8.666666666666666,3.0,0.0,3.0,1.0,1.0,22.666666666666657,22.666666666666657,34.666666666666664,34.666666666666664,-2.0
2023,1022300047,2023-06-11,1611661319,Las Vegas Aces,1,93,0.875,91.125,12.125,0.875,91.125,12.125,3.0,7.0,1.0,1611661329,Chicago Sky,0,80,0.5555555555555556,79.11111111111111,-0.4444444444444444,0.5555555555555556,79.11111111111111,-0.4444444444444444,2.0,5.0,4.0,0.3194444444444444,0.3194444444444444,12.013888888888886,12.013888888888886,12.569444444444445,12.569444444444445,1.0
2023,1022300058,2023-06-15,1611661319,Las Vegas Aces,1,96,0.8888888888888888,91.33333333333333,12.222222222222221,0.8888888888888888,91.33333333333333,12.222222222222221,4.0,8.0,1.0,1611661328,Seattle Storm,0,63,0.25,74.75,-7.0,0.25,74.75,-7.0,2.0,2.0,6.0,0.6388888888888888,0.6388888888888888,16.58333333333333,16.58333333333333,19.22222222222222,19.22222222222222,2.0
2023,1022300066,2023-06-18,1611661319,Las Vegas Aces,1,93,0.9,91.8,14.3,0.9,91.8,14.3,3.0,9.0,1.0,1611661324,Minnesota Lynx,0,62,0.3,78.7,-4.7,0.3,78.7,-4.7,2.0,3.0,7.0,0.6000000000000001,0.6000000000000001,13.099999999999994,13.099999999999994,19.0,19.0,1.0
2023,1022300076,2023-06-24,1611661319,Las Vegas Aces,1,101,0.9166666666666666,92.5,16.166666666666668,0.9,91.1,14.4,3.0,11.0,1.0,1611661325,Indiana Fever,0,88,0.4166666666666667,82.58333333333333,-0.5833333333333334,0.5,85.7,1.9,2.0,5.0,7.0,0.49999999999999994,0.4,9.916666666666671,5.3999999999999915,16.75,12.5,1.0
2023,1022300081,2023-06-26,1611661319,Las Vegas Aces,1,88,0.9230769230769231,93.15384615384616,15.923076923076923,0.9,91.9,12.9,2.0,12.0,1.0,1611661325,Indiana Fever,0,80,0.38461538461538464,83.0,-1.5384615384615385,0.4,85.5,0.3,2.0,5.0,8.0,0.5384615384615385,0.5,10.15384615384616,6.400000000000006,17.461538461538463,12.6,0.0
2023,1022300087,2023-06-29,1611661319,Las Vegas Aces,1,98,0.9285714285714286,92.78571428571429,15.357142857142858,0.9,91.3,11.6,3.0,13.0,1.0,1611661313,New York Liberty,0,81,0.7692307692307693,88.0,8.0,0.8,90.9,8.7,2.0,10.0,3.0,0.15934065934065933,0.09999999999999998,4.785714285714292,0.3999999999999915,7.357142857142858,2.9000000000000004,1.0
2023,1022300092,2023-07-01,1611661319,Las Vegas Aces,1,102,0.9333333333333333,93.13333333333334,15.466666666666667,0.9,91.9,12.8,2.0,14.0,1.0,1611661323,Connecticut Sun,0,84,0.75,83.875,5.6875,0.7,86.9,7.7,4.0,12.0,4.0,0.18333333333333335,0.20000000000000007,9.25833333333334,5.0,9.779166666666667,5.1000000000000005,-2.0
2023,1022300100,2023-07-05,1611661319,Las Vegas Aces,1,89,0.9375,93.6875,15.625,0.9,93.7,14.2,4.0,15.0,1.0,1611661321,Dallas Wings,0,82,0.5,84.3125,1.25,0.5,83.9,1.7,3.0,8.0,8.0,0.4375,0.4,9.375,9.799999999999997,14.375,12.5,1.0
2023,1022300114,2023-07-11,1611661319,Las Vegas Aces,1,98,0.8947368421052632,93.63157894736842,14.68421052631579,0.9,95.7,16.9,2.0,17.0,2.0,1611661317,Phoenix Mercury,0,72,0.2222222222222222,77.0,-8.166666666666666,0.2,75.3,-9.2,2.0,4.0,14.0,0.672514619883041,0.7,16.631578947368425,20.400000000000006,22.850877192982455,26.099999999999998,0.0
2023,1022300149,2023-07-30,1611661319,Las Vegas Aces,1,104,0.9166666666666666,94.08333333333333,15.375,0.9,95.9,15.4,5.0,22.0,2.0,1611661321,Dallas Wings,0,91,0.5833333333333334,86.0,4.291666666666667,0.8,88.1,11.5,2.0,14.0,10.0,0.33333333333333326,0.09999999999999998,8.083333333333329,7.800000000000011,11.083333333333332,3.9000000000000004,3.0
2023,1022300153,2023-08-01,1611661319,Las Vegas Aces,1,93,0.92,94.48,15.28,0.9,96.5,15.0,2.0,23.0,2.0,1611661330,Atlanta Dream,0,72,0.56,84.76,0.16,0.7,81.8,4.5,2.0,14.0,11.0,0.36,0.20000000000000007,9.719999999999999,14.700000000000003,15.12,10.5,0.0
2023,1022300175,2023-08-11,1611661319,Las Vegas Aces,1,113,0.8928571428571429,93.57142857142857,13.75,0.9,95.4,13.0,3.0,25.0,3.0,1611661322,Washington Mystics,0,89,0.4642857142857143,80.46428571428571,-0.5,0.3,80.1,-5.8,3.0,13.0,15.0,0.4285714285714286,0.6000000000000001,13.107142857142861,15.300000000000011,14.25,18.8,0.0
2023,1022300181,2023-08-13,1611661319,Las Vegas Aces,1,86,0.896551724137931,94.24137931034483,14.10344827586207,0.9,95.4,13.0,2.0,26.0,3.0,1611661330,Atlanta Dream,0,65,0.5,82.83333333333333,-1.3333333333333333,0.3,75.7,-5.4,1.0,15.0,15.0,0.39655172413793105,0.6000000000000001,11.408045977011497,19.700000000000003,15.436781609195403,18.4,1.0
2023,1022300182,2023-08-17,1611661319,Las Vegas Aces,1,88,0.9,93.96666666666667,14.333333333333334,0.9,94.2,12.5,4.0,27.0,3.0,1611661313,New York Liberty,0,75,0.8,88.53333333333333,7.833333333333333,0.9,89.2,11.8,4.0,24.0,6.0,0.09999999999999998,0.0,5.433333333333337,5.0,6.500000000000001,0.6999999999999993,0.0
2023,1022300188,2023-08-19,1611661319,Las Vegas Aces,0,72,0.9032258064516129,93.7741935483871,14.290322580645162,0.9,93.3,11.9,2.0,28.0,3.0,1611661320,Los Angeles Sparks,1,78,0.4,79.06666666666666,-2.2333333333333334,0.5,80.2,0.6,7.0,12.0,18.0,0.5032258064516129,0.4,14.70752688172044,13.099999999999994,16.523655913978494,11.3,-5.0
2023,1022300214,2023-08-31,1611661319,Las Vegas Aces,1,84,0.8333333333333334,92.55555555555556,11.972222222222221,0.6,87.7,2.8,3.0,30.0,6.0,1611661322,Washington Mystics,0,75,0.4857142857142857,80.48571428571428,-0.4857142857142857,0.5,79.8,-2.8,2.0,17.0,18.0,0.34761904761904766,0.09999999999999998,12.069841269841277,7.900000000000006,12.457936507936507,5.6,1.0
2023,1022300219,2023-09-02,1611661319,Las Vegas Aces,1,103,0.8378378378378378,92.32432432432432,11.891891891891891,0.7,90.0,7.5,2.0,31.0,6.0,1611661328,Seattle Storm,0,77,0.3055555555555556,78.55555555555556,-4.75,0.5,79.5,-1.0,2.0,11.0,25.0,0.5322822822822822,0.19999999999999996,13.768768768768766,10.5,16.64189189189189,8.5,0.0
2023,1022300239,2023-09-10,1611661319,Las Vegas Aces,1,100,0.8461538461538461,92.64102564102564,12.487179487179487,0.7,88.0,7.8,2.0,33.0,6.0,1611661317,Phoenix Mercury,0,85,0.23076923076923078,76.38461538461539,-8.128205128205128,0.0,71.6,-15.9,2.0,9.0,30.0,0.6153846153846154,0.7,16.25641025641025,16.400000000000006,20.615384615384613,23.7,0.0
2023,1022300031,2023-06-03,1611661320,Los Angeles Sparks,1,92,0.5,85.75,-2.0,0.5,85.75,-2.0,1.0,2.0,2.0,1611661328,Seattle Storm,0,85,0.0,77.66666666666667,-17.666666666666668,0.0,77.66666666666667,-17.666666666666668,4.0,0.0,3.0,0.5,0.5,8.083333333333329,8.083333333333329,15.666666666666668,15.666666666666668,-3.0
2023,1022300044,2023-06-09,1611661320,Los Angeles Sparks,1,77,0.5,83.0,-0.6666666666666666,0.5,83.0,-0.6666666666666666,3.0,3.0,3.0,1611661329,Chicago Sky,0,62,0.625,81.25,1.375,0.625,81.25,1.375,3.0,5.0,3.0,-0.125,-0.125,1.75,1.75,-2.0416666666666665,-2.0416666666666665,0.0
2023,1022300060,2023-06-16,1611661320,Los Angeles Sparks,0,72,0.5555555555555556,82.22222222222223,2.6666666666666665,0.5555555555555556,82.22222222222223,2.6666666666666665,2.0,5.0,4.0,1611661324,Minnesota Lynx,1,77,0.2222222222222222,78.88888888888889,-5.777777777777778,0.2222222222222222,78.88888888888889,-5.777777777777778,5.0,2.0,7.0,0.33333333333333337,0.33333333333333337,3.333333333333343,3.333333333333343,8.444444444444445,8.444444444444445,-3.0
2023,1022300065,2023-06-18,1611661320,Los Angeles Sparks,0,74,0.5,81.2,1.9,0.5,81.2,1.9,2.0,5.0,5.0,1611661323,Connecticut Sun,1,83,0.7272727272727273,82.54545454545455,3.5454545454545454,0.7,83.8,3.0,3.0,8.0,3.0,-0.2272727272727273,-0.19999999999999996,-1.345454545454544,-2.5999999999999943,-1.6454545454545455,-1.1,-1.0
2023,1022300068,2023-06-20,1611661320,Los Angeles Sparks,0,61,0.45454545454545453,80.54545454545455,0.9090909090909091,0.4,79.2,-1.3,2.0,5.0,6.0,1611661324,Minnesota Lynx,1,67,0.2727272727272727,77.18181818181819,-7.090909090909091,0.3,78.3,-6.7,2.0,3.0,8.0,0.18181818181818182,0.10000000000000003,3.3636363636363598,0.9000000000000057,8.0,5.4,0.0
2023,1022300075,2023-06-23,1611661320,Los Angeles Sparks,1,76,0.4166666666666667,78.91666666666667,0.3333333333333333,0.4,76.8,-1.0,3.0,5.0,7.0,1611661321,Dallas Wings,0,74,0.5,85.5,0.0,0.4,84.6,-1.1,3.0,6.0,6.0,-0.08333333333333331,0.0,-6.583333333333329,-7.799999999999997,0.3333333333333333,0.10000000000000009,0.0
2023,1022300080,2023-06-25,1611661320,Los Angeles Sparks,1,93,0.46153846153846156,78.6923076923077,0.46153846153846156,0.5,77.9,2.0,2.0,6.0,7.0,1611661321,Dallas Wings,0,83,0.46153846153846156,84.61538461538461,-0.15384615384615385,0.4,83.2,-0.7,2.0,6.0,7.0,0.0,0.09999999999999998,-5.92307692307692,-5.299999999999997,0.6153846153846154,2.7,0.0
2023,1022300101,2023-07-05,1611661320,Los Angeles Sparks,0,79,0.4117647058823529,78.88235294117646,-2.176470588235294,0.3,76.6,-4.8,3.0,7.0,10.0,1611661330,Atlanta Dream,1,90,0.4666666666666667,86.73333333333333,-2.7333333333333334,0.5,88.3,-5.0,3.0,7.0,8.0,-0.05490196078431375,-0.2,-7.85098039215687,-11.700000000000003,0.5568627450980395,0.20000000000000018,0.0
2023,1022300119,2023-07-12,1611661320,Los Angeles Sparks,0,78,0.3684210526315789,78.52631578947368,-2.8421052631578947,0.2,75.2,-7.8,3.0,7.0,12.0,1611661319,Las Vegas Aces,1,97,0.9,93.85,15.25,0.9,95.9,16.2,1.0,18.0,2.0,-0.5315789473684212,-0.7,-15.32368421052631,-20.700000000000003,-18.092105263157894,-24.0,2.0
2023,1022300139,2023-07-25,1611661320,Los Angeles Sparks,1,79,0.3181818181818182,78.36363636363636,-4.090909090909091,0.2,77.7,-9.4,3.0,7.0,15.0,1611661325,Indiana Fever,0,78,0.2727272727272727,82.18181818181819,-4.0,0.1,81.7,-8.1,2.0,6.0,16.0,0.04545454545454547,0.1,-3.8181818181818272,-4.0,-0.09090909090909083,-1.3000000000000007,1.0
2023,1022300141,2023-07-27,1611661320,Los Angeles Sparks,1,81,0.34782608695652173,78.3913043478261,-3.869565217391304,0.2,78.0,-9.5,2.0,8.0,15.0,1611661325,Indiana Fever,0,68,0.2608695652173913,82.0,-3.869565217391304,0.1,80.7,-6.9,2.0,6.0,17.0,0.08695652173913043,0.1,-3.608695652173907,-2.700000000000003,0.0,-2.5999999999999996,0.0
2023,1022300150,2023-07-30,1611661320,Los Angeles Sparks,0,79,0.375,78.5,-3.1666666666666665,0.2,76.8,-9.2,3.0,9.0,15.0,1611661313,New York Liberty,1,87,0.75,88.70833333333333,6.041666666666667,0.8,90.4,5.8,2.0,18.0,6.0,-0.375,-0.6000000000000001,-10.208333333333329,-13.600000000000009,-9.208333333333334,-15.0,1.0
2023,1022300154,2023-08-01,1611661320,Los Angeles Sparks,0,69,0.36,78.52,-3.36,0.2,78.4,-8.3,2.0,9.0,16.0,1611661313,New York Liberty,1,76,0.76,88.64,6.12,0.8,91.0,5.1,2.0,19.0,6.0,-0.4,-0.6000000000000001,-10.120000000000005,-12.599999999999994,-9.48,-13.4,0.0
2023,1022300176,2023-08-12,1611661320,Los Angeles Sparks,1,85,0.3793103448275862,78.86206896551724,-2.689655172413793,0.4,79.5,-2.4,4.0,11.0,18.0,1611661330,Atlanta Dream,0,74,0.5172413793103449,83.13793103448276,-1.0,0.4,76.5,-3.4,2.0,15.0,14.0,-0.13793103448275867,0.0,-4.275862068965523,3.0,-1.6896551724137931,1.0,2.0
2023,1022300197,2023-08-23,1611661320,Los Angeles Sparks,1,91,0.41935483870967744,79.03225806451613,-1.967741935483871,0.6,81.0,1.5,4.0,13.0,18.0,1611661317,Phoenix Mercury,0,62,0.28125,77.1875,-6.25,0.3,79.1,-3.6,3.0,9.0,23.0,0.13810483870967744,0.3,1.8447580645161281,1.9000000000000057,4.282258064516129,5.1,1.0
2023,1022300212,2023-08-29,1611661320,Los Angeles Sparks,0,75,0.4411764705882353,79.17647058823529,-1.2352941176470589,0.6,80.8,3.4,2.0,15.0,19.0,1611661329,Chicago Sky,1,76,0.4,80.97142857142858,-2.6285714285714286,0.4,85.5,-0.5,2.0,14.0,21.0,0.04117647058823526,0.19999999999999996,-1.7949579831932851,-4.700000000000003,1.3932773109243697,3.9,0.0
2023,1022300215,2023-08-31,1611661320,Los Angeles Sparks,0,61,0.42857142857142855,79.05714285714286,-1.2285714285714286,0.6,80.4,4.1,2.0,15.0,20.0,1611661328,Seattle Storm,1,72,0.2857142857142857,78.74285714285715,-5.2,0.4,78.8,-3.2,4.0,10.0,25.0,0.14285714285714285,0.19999999999999996,0.3142857142857167,1.6000000000000085,3.9714285714285715,7.3,-2.0
2023,1022300223,2023-09-03,1611661320,Los Angeles Sparks,1,72,0.4166666666666667,78.55555555555556,-1.5,0.6,79.6,3.7,3.0,15.0,21.0,1611661322,Washington Mystics,0,64,0.4722222222222222,80.33333333333333,-0.7222222222222222,0.4,79.4,-3.9,3.0,17.0,19.0,-0.055555555555555525,0.19999999999999996,-1.7777777777777715,0.19999999999998863,-0.7777777777777778,7.6,0.0
2023,1022300023,2023-05-30,1611661321,Dallas Wings,1,94,0.6666666666666666,89.33333333333333,1.6666666666666667,0.6666666666666666,89.33333333333333,1.6666666666666667,2.0,2.0,1.0,1611661324,Minnesota Lynx,0,89,0.0,74.25,-11.75,0.0,74.25,-11.75,2.0,0.0,4.0,0.6666666666666666,0.6666666666666666,15.083333333333329,15.083333333333329,13.416666666666666,13.416666666666666,0.0
2023,1022300039,2023-06-07,1611661321,Dallas Wings,1,84,0.5,85.0,0.5,0.5,85.0,0.5,3.0,3.0,3.0,1611661317,Phoenix Mercury,0,79,0.25,80.75,-6.5,0.25,80.75,-6.5,5.0,1.0,3.0,0.25,0.25,4.25,4.25,7.0,7.0,-2.0
2023,1022300042,2023-06-09,1611661321,Dallas Wings,1,90,0.5714285714285714,84.85714285714286,1.1428571428571428,0.5714285714285714,84.85714285714286,1.1428571428571428,2.0,4.0,3.0,1611661317,Phoenix Mercury,0,77,0.2,80.4,-6.2,0.2,80.4,-6.2,2.0,1.0,4.0,0.3714285714285714,0.3714285714285714,4.4571428571428555,4.4571428571428555,7.342857142857143,7.342857142857143,0.0
2023,1022300055,2023-06-14,1611661321,Dallas Wings,0,61,0.5555555555555556,86.33333333333333,1.3333333333333333,0.5555555555555556,86.33333333333333,1.3333333333333333,3.0,5.0,4.0,1611661320,Los Angeles Sparks,1,79,0.5,82.625,0.75,0.5,82.625,0.75,3.0,4.0,4.0,0.05555555555555558,0.05555555555555558,3.7083333333333286,3.7083333333333286,0.5833333333333333,0.5833333333333333,0.0
2023,1022300061,2023-06-17,1611661321,Dallas Wings,0,103,0.5,83.8,-0.6,0.5,83.8,-0.6,3.0,5.0,5.0,1611661328,Seattle Storm,1,109,0.2222222222222222,73.44444444444444,-9.88888888888889,0.2222222222222222,73.44444444444444,-9.88888888888889,2.0,2.0,7.0,0.2777777777777778,0.2777777777777778,10.355555555555554,10.355555555555554,9.28888888888889,9.28888888888889,1.0
2023,1022300067,2023-06-20,1611661321,Dallas Wings,1,85,0.45454545454545453,85.54545454545455,-1.0909090909090908,0.4,85.6,-1.9,3.0,5.0,6.0,1611661330,Atlanta Dream,0,73,0.5,85.6,-0.9,0.5,85.6,-0.9,2.0,5.0,5.0,-0.04545454545454547,-0.09999999999999998,-0.05454545454544757,0.0,-0.1909090909090908,-0.9999999999999999,1.0
2023,1022300096,2023-07-02,1611661321,Dallas Wings,1,89,0.4666666666666667,84.0,0.2,0.4,82.4,-0.6,5.0,7.0,8.0,1611661322,Washington Mystics,0,72,0.6,80.0,4.066666666666666,0.6,81.9,5.5,2.0,9.0,6.0,-0.1333333333333333,-0.19999999999999996,4.0,0.5,-3.8666666666666663,-6.1,3.0
2023,1022300105,2023-07-07,1611661321,Dallas Wings,1,80,0.47058823529411764,84.17647058823529,0.7647058823529411,0.4,83.7,0.5,2.0,8.0,9.0,1611661319,Las Vegas Aces,0,78,0.9411764705882353,93.41176470588235,15.117647058823529,0.9,93.6,14.3,2.0,16.0,1.0,-0.47058823529411764,-0.5,-9.235294117647058,-9.899999999999991,-14.352941176470587,-13.8,0.0
2023,1022300131,2023-07-22,1611661321,Dallas Wings,1,98,0.5714285714285714,85.38095238095238,3.142857142857143,0.7,85.2,7.8,3.0,12.0,9.0,1611661320,Los Angeles Sparks,0,84,0.3333333333333333,78.0952380952381,-3.619047619047619,0.2,75.4,-8.6,2.0,7.0,14.0,0.23809523809523808,0.49999999999999994,7.285714285714278,9.799999999999997,6.761904761904762,16.4,1.0
2023,1022300138,2023-07-25,1611661321,Dallas Wings,0,83,0.5909090909090909,85.95454545454545,3.6363636363636362,0.7,86.5,8.0,3.0,13.0,9.0,1611661323,Connecticut Sun,1,88,0.7391304347826086,83.8695652173913,5.478260869565218,0.7,85.3,7.2,3.0,17.0,6.0,-0.1482213438735177,0.0,2.0849802371541557,1.2000000000000028,-1.8418972332015815,0.7999999999999998,0.0
2023,1022300144,2023-07-28,1611661321,Dallas Wings,1,90,0.5652173913043478,85.82608695652173,3.260869565217391,0.7,87.4,7.7,3.0,13.0,10.0,1611661322,Washington Mystics,0,62,0.5217391304347826,81.91304347826087,2.0,0.4,88.2,0.3,2.0,12.0,11.0,0.04347826086956519,0.29999999999999993,3.9130434782608603,-0.7999999999999972,1.2608695652173911,7.4,1.0
2023,1022300159,2023-08-04,1611661321,Dallas Wings,0,89,0.5769230769230769,85.8076923076923,3.8846153846153846,0.7,88.2,8.1,2.0,15.0,11.0,1611661329,Chicago Sky,1,104,0.4,79.16,-3.48,0.4,81.7,-3.2,5.0,10.0,15.0,0.17692307692307685,0.29999999999999993,6.64769230769231,6.5,7.364615384615385,11.3,-3.0
2023,1022300165,2023-08-06,1611661321,Dallas Wings,0,96,0.5555555555555556,85.92592592592592,3.185185185185185,0.7,88.9,7.3,2.0,15.0,12.0,1611661329,Chicago Sky,1,104,0.4230769230769231,80.11538461538461,-2.769230769230769,0.4,83.5,-2.5,2.0,11.0,15.0,0.1324786324786325,0.29999999999999993,5.810541310541311,5.400000000000006,5.954415954415954,9.8,0.0
2023,1022300169,2023-08-08,1611661321,Dallas Wings,0,84,0.5357142857142857,86.28571428571429,2.7857142857142856,0.6,90.5,6.3,2.0,15.0,13.0,1611661319,Las Vegas Aces,1,104,0.8888888888888888,93.18518518518519,13.518518518518519,0.8,92.8,10.8,2.0,24.0,3.0,-0.35317460317460314,-0.20000000000000007,-6.899470899470899,-2.299999999999997,-10.732804232804234,-4.500000000000001,0.0
2023,1022300177,2023-08-12,1611661321,Dallas Wings,1,91,0.5172413793103449,86.20689655172414,2.0,0.5,91.2,4.2,4.0,15.0,14.0,1611661323,Connecticut Sun,0,81,0.7241379310344828,83.86206896551724,5.482758620689655,0.7,82.1,5.8,2.0,21.0,8.0,-0.2068965517241379,-0.19999999999999996,2.344827586206904,9.100000000000009,-3.482758620689655,-1.5999999999999996,2.0
2023,1022300201,2023-08-24,1611661321,Dallas Wings,0,81,0.5454545454545454,86.93939393939394,2.909090909090909,0.5,89.5,2.1,2.0,18.0,15.0,1611661324,Minnesota Lynx,1,90,0.48484848484848486,79.75757575757575,-4.696969696969697,0.6,81.1,-1.6,2.0,16.0,17.0,0.06060606060606055,-0.09999999999999998,7.181818181818187,8.400000000000006,7.606060606060606,3.7,0.0
2023,1022300221,2023-09-03,1611661321,Dallas Wings,0,84,0.5555555555555556,87.13888888888889,2.7777777777777777,0.5,90.6,-0.1,2.0,20.0,16.0,1611661325,Indiana Fever,1,97,0.3055555555555556,81.33333333333333,-4.055555555555555,0.4,84.0,-2.2,2.0,11.0,25.0,0.25,0.09999999999999998,5.805555555555557,6.599999999999994,6.833333333333333,2.1,0.0
2023,1022300226,2023-09-05,1611661321,Dallas Wings,0,93,0.5405405405405406,87.05405405405405,2.3513513513513513,0.5,90.1,0.1,2.0,20.0,17.0,1611661313,New York Liberty,1,94,0.8108108108108109,88.94594594594595,9.216216216216216,0.9,92.3,17.1,2.0,30.0,7.0,-0.2702702702702703,-0.4,-1.8918918918919019,-2.200000000000003,-6.864864864864865,-17.0,0.0
2023,1022300233,2023-09-08,1611661321,Dallas Wings,1,106,0.5263157894736842,87.21052631578948,2.263157894736842,0.5,89.8,0.8,3.0,20.0,18.0,1611661328,Seattle Storm,0,91,0.2894736842105263,78.23684210526316,-5.473684210526316,0.4,77.4,-4.1,2.0,11.0,27.0,0.23684210526315785,0.09999999999999998,8.973684210526315,12.399999999999991,7.7368421052631575,4.8999999999999995,1.0
2023,1022300026,2023-06-02,1611661322,Washington Mystics,1,75,0.5,76.5,1.25,0.5,76.5,1.25,7.0,2.0,2.0,1611661321,Dallas Wings,0,74,0.75,90.5,2.5,0.75,90.5,2.5,3.0,3.0,1.0,-0.25,-0.25,-14.0,-14.0,-1.25,-1.25,4.0
2023,1022300030,2023-06-03,1611661322,Washington Mystics,0,78,0.6,76.2,1.2,0.6,76.2,1.2,1.0,3.0,2.0,1611661324,Minnesota Lynx,1,80,0.0,78.33333333333333,-9.5,0.0,78.33333333333333,-9.5,2.0,0.0,6.0,0.6,0.6,-2.1333333333333258,-2.1333333333333258,10.7,10.7,-1.0
2023,1022300059,2023-06-16,1611661322,Washington Mystics,1,88,0.5555555555555556,74.33333333333333,-0.4444444444444444,0.5555555555555556,74.33333333333333,-0.4444444444444444,3.0,5.0,4.0,1611661317,Phoenix Mercury,0,69,0.25,79.125,-6.875,0.25,79.125,-6.875,3.0,2.0,6.0,0.3055555555555556,0.3055555555555556,-4.791666666666671,-4.791666666666671,6.430555555555555,6.430555555555555,0.0
2023,1022300063,2023-06-18,1611661322,Washington Mystics,1,77,0.6,75.7,1.5,0.6,75.7,1.5,2.0,6.0,4.0,1611661329,Chicago Sky,0,69,0.45454545454545453,80.18181818181819,-1.7272727272727273,0.4,80.5,-3.0,3.0,5.0,6.0,0.14545454545454545,0.19999999999999996,-4.481818181818184,-4.799999999999997,3.2272727272727275,4.5,-1.0
2023,1022300086,2023-06-28,1611661322,Washington Mystics,1,109,0.6153846153846154,77.07692307692308,3.3076923076923075,0.7,76.7,4.0,3.0,8.0,5.0,1611661330,Atlanta Dream,0,86,0.4166666666666667,84.08333333333333,-4.25,0.4,84.8,-5.0,5.0,5.0,7.0,0.19871794871794873,0.29999999999999993,-7.006410256410248,-8.099999999999994,7.5576923076923075,9.0,-2.0
2023,1022300103,2023-07-07,1611661322,Washington Mystics,1,96,0.5625,79.5,2.75,0.6,81.3,4.0,5.0,9.0,7.0,1611661325,Indiana Fever,0,88,0.29411764705882354,81.88235294117646,-3.4705882352941178,0.3,83.6,-2.6,2.0,5.0,12.0,0.26838235294117646,0.3,-2.382352941176464,-2.299999999999997,6.220588235294118,6.6,3.0
2023,1022300113,2023-07-11,1611661322,Washington Mystics,1,93,0.5555555555555556,80.66666666666667,2.4444444444444446,0.5,84.9,2.7,2.0,10.0,8.0,1611661328,Seattle Storm,0,86,0.2222222222222222,78.83333333333333,-7.222222222222222,0.2,82.1,-7.4,3.0,4.0,14.0,0.33333333333333337,0.3,1.8333333333333428,2.8000000000000114,9.666666666666668,10.100000000000001,-1.0
2023,1022300122,2023-07-19,1611661322,Washington Mystics,0,76,0.5789473684210527,81.3157894736842,2.6842105263157894,0.6,87.6,5.5,8.0,11.0,8.0,1611661325,Indiana Fever,1,82,0.25,82.15,-3.8,0.1,82.6,-6.3,7.0,5.0,15.0,0.32894736842105265,0.5,-0.8342105263158004,5.0,6.484210526315789,11.8,1.0
2023,1022300128,2023-07-21,1611661322,Washington Mystics,0,87,0.55,81.05,2.25,0.5,86.4,3.0,2.0,11.0,9.0,1611661313,New York Liberty,1,96,0.7368421052631579,87.78947368421052,5.684210526315789,0.8,90.1,6.1,2.0,14.0,5.0,-0.1868421052631578,-0.30000000000000004,-6.739473684210523,-3.6999999999999886,-3.4342105263157894,-3.0999999999999996,0.0
2023,1022300134,2023-07-23,1611661322,Washington Mystics,1,84,0.5238095238095238,81.33333333333333,1.7142857142857142,0.4,87.4,1.3,2.0,11.0,10.0,1611661317,Phoenix Mercury,0,69,0.2857142857142857,76.66666666666667,-7.095238095238095,0.4,75.8,-3.7,3.0,6.0,15.0,0.23809523809523814,0.0,4.666666666666657,11.600000000000009,8.809523809523808,5.0,-1.0
2023,1022300158,2023-08-04,1611661322,Washington Mystics,1,79,0.48,80.76,0.44,0.3,81.9,-5.0,5.0,12.0,13.0,1611661320,Los Angeles Sparks,0,77,0.34615384615384615,78.15384615384616,-3.5,0.2,77.5,-8.2,3.0,9.0,17.0,0.13384615384615384,0.09999999999999998,2.6061538461538447,4.400000000000006,3.94,3.1999999999999993,2.0
2023,1022300164,2023-08-06,1611661322,Washington Mystics,0,83,0.5,80.6923076923077,0.5,0.4,82.6,-3.1,2.0,13.0,13.0,1611661320,Los Angeles Sparks,1,91,0.3333333333333333,78.11111111111111,-3.4444444444444446,0.2,76.8,-5.6,2.0,9.0,18.0,0.16666666666666669,0.2,2.581196581196579,5.799999999999997,3.9444444444444446,2.4999999999999996,0.0
2023,1022300178,2023-08-13,1611661322,Washington Mystics,1,83,0.4482758620689655,80.75862068965517,-1.3103448275862069,0.2,79.7,-8.9,2.0,13.0,16.0,1611661329,Chicago Sky,0,76,0.41379310344827586,80.65517241379311,-3.0689655172413794,0.4,85.7,-1.9,2.0,12.0,17.0,0.03448275862068967,-0.2,0.10344827586206407,-6.0,1.7586206896551726,-7.0,0.0
2023,1022300189,2023-08-20,1611661322,Washington Mystics,0,84,0.4838709677419355,80.90322580645162,-0.8709677419354839,0.4,80.0,-6.3,2.0,15.0,16.0,1611661321,Dallas Wings,1,97,0.5483870967741935,86.64516129032258,2.838709677419355,0.5,89.3,2.2,2.0,17.0,14.0,-0.06451612903225801,-0.09999999999999998,-5.741935483870961,-9.299999999999997,-3.709677419354839,-8.5,0.0
2023,1022300194,2023-08-22,1611661322,Washington Mystics,0,64,0.46875,81.0,-1.25,0.3,80.0,-9.1,2.0,15.0,17.0,1611661323,Connecticut Sun,1,68,0.6875,83.34375,4.21875,0.6,82.4,1.7,2.0,22.0,10.0,-0.21875,-0.3,-2.34375,-2.4000000000000057,-5.46875,-10.799999999999999,0.0
2023,1022300203,2023-08-26,1611661322,Washington Mystics,1,78,0.45454545454545453,80.48484848484848,-1.3333333333333333,0.3,77.2,-9.0,4.0,15.0,18.0,1611661319,Las Vegas Aces,0,62,0.8823529411764706,93.67647058823529,13.411764705882353,0.8,92.7,8.7,2.0,30.0,4.0,-0.42780748663101603,-0.5,-13.191622103386806,-15.5,-14.745098039215687,-17.7,2.0
2023,1022300211,2023-08-29,1611661322,Washington Mystics,1,83,0.47058823529411764,80.41176470588235,-0.8235294117647058,0.4,78.8,-4.6,3.0,16.0,18.0,1611661324,Minnesota Lynx,0,72,0.4857142857142857,79.94285714285714,-5.171428571428572,0.5,79.2,-5.2,3.0,17.0,18.0,-0.015126050420168069,-0.09999999999999998,0.46890756302521197,-0.4000000000000057,4.347899159663866,0.6000000000000005,0.0
2023,1022300231,2023-09-08,1611661322,Washington Mystics,0,75,0.47368421052631576,80.42105263157895,-0.2894736842105263,0.5,80.3,0.3,3.0,18.0,20.0,1611661330,Atlanta Dream,1,80,0.47368421052631576,82.73684210526316,-1.236842105263158,0.3,80.0,-1.9,2.0,18.0,20.0,0.0,0.2,-2.3157894736842195,0.29999999999999716,0.9473684210526316,2.1999999999999997,1.0
2023,1022300022,2023-05-30,1611661323,Connecticut Sun,1,81,0.75,75.75,1.5,0.75,75.75,1.5,3.0,3.0,1.0,1611661325,Indiana Fever,0,78,0.3333333333333333,74.66666666666667,-7.666666666666667,0.3333333333333333,74.66666666666667,-7.666666666666667,2.0,1.0,2.0,0.4166666666666667,0.4166666666666667,1.0833333333333286,1.0833333333333286,9.166666666666668,9.166666666666668,1.0
2023,1022300032,2023-06-04,1611661323,Connecticut Sun,1,80,0.8333333333333334,78.83333333333333,2.3333333333333335,0.8333333333333334,78.83333333333333,2.3333333333333335,3.0,5.0,1.0,1611661321,Dallas Wings,0,74,0.6,87.2,1.8,0.6,87.2,1.8,2.0,3.0,2.0,0.2333333333333334,0.2333333333333334,-8.366666666666674,-8.366666666666674,0.5333333333333334,0.5333333333333334,1.0
2023,1022300035,2023-06-06,1611661323,Connecticut Sun,0,84,0.8571428571428571,79.0,2.857142857142857,0.8571428571428571,79.0,2.857142857142857,2.0,6.0,1.0,1611661319,Las Vegas Aces,1,90,1.0,93.66666666666667,18.0,1.0,93.66666666666667,18.0,2.0,6.0,0.0,-0.1428571428571429,-0.1428571428571429,-14.666666666666671,-14.666666666666671,-15.142857142857142,-15.142857142857142,0.0
2023,1022300040,2023-06-08,1611661323,Connecticut Sun,1,94,0.75,79.625,1.75,0.75,79.625,1.75,2.0,6.0,2.0,1611661319,Las Vegas Aces,0,77,1.0,93.14285714285714,16.285714285714285,1.0,93.14285714285714,16.285714285714285,2.0,7.0,0.0,-0.25,-0.25,-13.517857142857139,-13.517857142857139,-14.535714285714285,-14.535714285714285,0.0
2023,1022300056,2023-06-15,1611661323,Connecticut Sun,0,88,0.8,82.0,4.3,0.8,82.0,4.3,4.0,8.0,2.0,1611661330,Atlanta Dream,1,92,0.375,83.0,-2.375,0.375,83.0,-2.375,2.0,3.0,5.0,0.42500000000000004,0.42500000000000004,-1.0,-1.0,6.675,6.675,2.0
2023,1022300078,2023-06-25,1611661323,Connecticut Sun,1,96,0.7857142857142857,83.21428571428571,5.357142857142857,0.8,86.2,6.9,3.0,11.0,3.0,1611661329,Chicago Sky,0,72,0.38461538461538464,77.6923076923077,-3.6923076923076925,0.3,78.9,-6.3,3.0,5.0,8.0,0.40109890109890106,0.5,5.521978021978015,7.299999999999997,9.04945054945055,13.2,0.0
2023,1022300082,2023-06-27,1611661323,Connecticut Sun,0,81,0.8,84.06666666666666,6.6,0.8,87.7,9.0,2.0,12.0,3.0,1611661313,New York Liberty,1,89,0.75,87.91666666666667,8.0,0.8,90.1,9.5,2.0,9.0,3.0,0.050000000000000044,0.0,-3.8500000000000085,-2.3999999999999915,-1.4000000000000004,-0.5,0.0
2023,1022300102,2023-07-06,1611661323,Connecticut Sun,1,93,0.7058823529411765,83.88235294117646,4.294117647058823,0.6,87.3,5.3,5.0,12.0,5.0,1611661328,Seattle Storm,0,73,0.25,79.375,-6.625,0.3,82.0,-4.2,4.0,4.0,12.0,0.4558823529411765,0.3,4.507352941176464,5.299999999999997,10.919117647058822,9.5,1.0
2023,1022300108,2023-07-09,1611661323,Connecticut Sun,1,92,0.7222222222222222,84.38888888888889,5.166666666666667,0.7,88.2,7.9,3.0,13.0,5.0,1611661322,Washington Mystics,0,84,0.5882352941176471,80.47058823529412,3.0588235294117645,0.6,83.6,4.1,2.0,10.0,7.0,0.13398692810457513,0.09999999999999998,3.9183006535947698,4.6000000000000085,2.1078431372549025,3.8000000000000007,1.0
2023,1022300124,2023-07-20,1611661323,Connecticut Sun,1,82,0.7142857142857143,83.85714285714286,5.095238095238095,0.7,85.3,6.8,2.0,15.0,6.0,1611661330,Atlanta Dream,0,71,0.6,86.4,0.7,0.7,87.2,2.3,2.0,12.0,8.0,0.11428571428571432,0.0,-2.5428571428571445,-1.9000000000000057,4.395238095238095,4.5,0.0
2023,1022300145,2023-07-30,1611661323,Connecticut Sun,0,83,0.75,84.04166666666667,5.458333333333333,0.7,85.2,5.6,5.0,18.0,6.0,1611661324,Minnesota Lynx,1,87,0.48,80.24,-5.16,0.6,81.9,-4.9,2.0,12.0,13.0,0.27,0.09999999999999998,3.8016666666666765,3.299999999999997,10.618333333333332,10.5,3.0
2023,1022300151,2023-08-01,1611661323,Connecticut Sun,1,79,0.72,84.0,5.08,0.6,83.9,2.8,2.0,18.0,7.0,1611661324,Minnesota Lynx,0,69,0.5,80.5,-4.8076923076923075,0.6,82.0,-5.5,2.0,13.0,13.0,0.21999999999999997,0.0,3.5,1.9000000000000057,9.887692307692308,8.3,0.0
2023,1022300183,2023-08-18,1611661323,Connecticut Sun,0,75,0.7,83.76666666666667,4.966666666666667,0.6,81.8,3.6,6.0,21.0,9.0,1611661321,Dallas Wings,1,95,0.5333333333333333,86.36666666666666,2.2666666666666666,0.5,89.6,1.2,6.0,16.0,14.0,0.16666666666666663,0.09999999999999998,-2.5999999999999943,-7.799999999999997,2.7,2.4000000000000004,0.0
2023,1022300198,2023-08-24,1611661323,Connecticut Sun,0,90,0.696969696969697,82.87878787878788,4.212121212121212,0.6,80.6,1.3,2.0,23.0,10.0,1611661313,New York Liberty,1,95,0.78125,88.0,7.625,0.8,86.5,10.5,6.0,25.0,7.0,-0.08428030303030298,-0.20000000000000007,-5.121212121212125,-5.900000000000006,-3.412878787878788,-9.2,-4.0
2023,1022300205,2023-08-27,1611661323,Connecticut Sun,1,83,0.6764705882352942,83.08823529411765,3.9411764705882355,0.5,80.8,0.3,3.0,23.0,11.0,1611661320,Los Angeles Sparks,0,68,0.45454545454545453,79.51515151515152,-0.8181818181818182,0.7,82.1,6.2,2.0,15.0,18.0,0.22192513368983963,-0.19999999999999996,3.5730837789661365,-1.2999999999999972,4.759358288770054,-5.9,1.0
2023,1022300213,2023-08-31,1611661323,Connecticut Sun,1,84,0.6857142857142857,83.08571428571429,4.257142857142857,0.6,80.8,2.2,4.0,24.0,11.0,1611661317,Phoenix Mercury,0,74,0.2571428571428571,76.62857142857143,-7.142857142857143,0.3,78.2,-5.3,2.0,9.0,26.0,0.4285714285714286,0.3,6.4571428571428555,2.5999999999999943,11.4,7.5,2.0
2023,1022300224,2023-09-05,1611661323,Connecticut Sun,1,90,0.6756756756756757,82.43243243243244,3.4594594594594597,0.5,78.3,-2.5,4.0,25.0,12.0,1611661320,Los Angeles Sparks,0,76,0.43243243243243246,78.37837837837837,-1.2432432432432432,0.7,79.1,4.7,2.0,16.0,21.0,0.2432432432432432,-0.19999999999999996,4.054054054054063,-0.7999999999999972,4.702702702702703,-7.2,2.0
2023,1022300230,2023-09-08,1611661323,Connecticut Sun,1,76,0.6842105263157895,82.63157894736842,3.736842105263158,0.5,79.2,-2.3,3.0,26.0,12.0,1611661325,Indiana Fever,0,59,0.3157894736842105,81.42105263157895,-4.2105263157894735,0.5,86.1,-1.1,3.0,12.0,26.0,0.368421052631579,0.0,1.2105263157894797,-6.8999999999999915,7.947368421052632,-1.1999999999999997,0.0
2023,1022300236,2023-09-10,1611661323,Connecticut Sun,0,91,0.6923076923076923,82.46153846153847,4.076923076923077,0.6,78.4,0.0,2.0,27.0,12.0,1611661329,Chicago Sky,1,102,0.4358974358974359,81.2051282051282,-1.9487179487179487,0.5,82.8,1.3,2.0,17.0,22.0,0.2564102564102564,0.09999999999999998,1.2564102564102626,-4.3999999999999915,6.0256410256410255,-1.3,0.0
2023,1022300025,2023-06-01,1611661324,Minnesota Lynx,0,84,0.0,77.2,-10.4,0.0,77.2,-10.4,2.0,0.0,5.0,1611661323,Connecticut Sun,1,89,0.8,76.8,1.8,0.8,76.8,1.8,2.0,4.0,1.0,-0.8,-0.8,0.4000000000000057,0.4000000000000057,-12.200000000000001,-12.200000000000001,0.0
2023,1022300043,2023-06-09,1611661324,Minnesota Lynx,0,69,0.14285714285714285,78.57142857142857,-7.857142857142857,0.14285714285714285,78.57142857142857,-7.857142857142857,6.0,1.0,6.0,1611661325,Indiana Fever,1,71,0.16666666666666666,80.83333333333333,-5.833333333333333,0.16666666666666666,80.83333333333333,-5.833333333333333,3.0,1.0,5.0,-0.023809523809523808,-0.023809523809523808,-2.261904761904759,-2.261904761904759,-2.0238095238095237,-2.0238095238095237,3.0
2023,1022300051,2023-06-11,1611661324,Minnesota Lynx,1,91,0.125,77.375,-7.125,0.125,77.375,-7.125,2.0,1.0,7.0,1611661320,Los Angeles Sparks,0,86,0.5714285714285714,82.14285714285714,1.5714285714285714,0.5714285714285714,82.14285714285714,1.5714285714285714,2.0,4.0,3.0,-0.4464285714285714,-0.4464285714285714,-4.767857142857139,-4.767857142857139,-8.696428571428571,-8.696428571428571,0.0
2023,1022300072,2023-06-22,1611661324,Minnesota Lynx,0,68,0.3333333333333333,76.33333333333333,-6.0,0.4,77.3,-5.5,2.0,4.0,8.0,1611661323,Connecticut Sun,1,89,0.7692307692307693,82.76923076923077,4.153846153846154,0.7,83.8,3.2,2.0,10.0,3.0,-0.43589743589743596,-0.29999999999999993,-6.435897435897445,-6.5,-10.153846153846153,-8.7,0.0
2023,1022300083,2023-06-27,1611661324,Minnesota Lynx,1,104,0.3076923076923077,75.6923076923077,-7.153846153846154,0.4,76.0,-6.7,5.0,4.0,9.0,1611661328,Seattle Storm,0,93,0.3076923076923077,78.0,-6.0,0.4,78.1,-2.5,3.0,4.0,9.0,0.0,0.0,-2.3076923076923066,-2.0999999999999943,-1.1538461538461542,-4.2,2.0
2023,1022300099,2023-07-05,1611661324,Minnesota Lynx,1,90,0.4375,79.5625,-4.375,0.7,80.3,-1.3,4.0,7.0,9.0,1611661325,Indiana Fever,0,83,0.3125,81.8125,-3.25,0.4,82.4,-1.7,3.0,5.0,11.0,0.125,0.29999999999999993,-2.25,-2.1000000000000085,-1.125,0.3999999999999999,1.0
2023,1022300106,2023-07-07,1611661324,Minnesota Lynx,1,75,0.47058823529411764,80.17647058823529,-3.7058823529411766,0.7,81.3,-0.8,2.0,8.0,9.0,1611661317,Phoenix Mercury,0,64,0.1875,77.75,-8.875,0.2,76.5,-9.8,2.0,3.0,13.0,0.28308823529411764,0.49999999999999994,2.42647058823529,4.799999999999997,5.169117647058823,9.0,0.0
2023,1022300111,2023-07-09,1611661324,Minnesota Lynx,0,89,0.5,79.88888888888889,-2.888888888888889,0.8,81.9,0.5,2.0,9.0,9.0,1611661319,Las Vegas Aces,1,113,0.8888888888888888,92.55555555555556,14.166666666666666,0.9,93.7,15.8,2.0,16.0,2.0,-0.38888888888888884,-0.09999999999999998,-12.666666666666671,-11.799999999999997,-17.055555555555554,-15.3,0.0
2023,1022300117,2023-07-12,1611661324,Minnesota Lynx,0,67,0.47368421052631576,80.36842105263158,-4.0,0.7,81.7,-2.4,3.0,9.0,10.0,1611661321,Dallas Wings,1,107,0.5263157894736842,83.57894736842105,0.8421052631578947,0.5,81.1,0.4,3.0,10.0,9.0,-0.05263157894736842,0.19999999999999996,-3.2105263157894797,0.6000000000000085,-4.842105263157895,-2.8,0.0
2023,1022300125,2023-07-20,1611661324,Minnesota Lynx,1,73,0.42857142857142855,79.38095238095238,-5.9523809523809526,0.6,81.8,-4.7,2.0,9.0,12.0,1611661320,Los Angeles Sparks,0,70,0.35,78.5,-3.65,0.2,75.8,-9.2,8.0,7.0,13.0,0.07857142857142857,0.39999999999999997,0.8809523809523796,6.0,-2.3023809523809526,4.499999999999999,-6.0
2023,1022300132,2023-07-22,1611661324,Minnesota Lynx,0,81,0.45454545454545453,79.0909090909091,-5.545454545454546,0.6,82.4,-5.0,2.0,10.0,12.0,1611661319,Las Vegas Aces,1,98,0.9090909090909091,93.31818181818181,15.454545454545455,0.9,94.3,14.6,2.0,20.0,2.0,-0.45454545454545453,-0.30000000000000004,-14.22727272727272,-11.899999999999991,-21.0,-19.6,0.0
2023,1022300140,2023-07-26,1611661324,Minnesota Lynx,1,97,0.43478260869565216,79.17391304347827,-6.043478260869565,0.6,83.7,-4.6,4.0,10.0,13.0,1611661322,Washington Mystics,0,92,0.5454545454545454,81.45454545454545,2.3181818181818183,0.4,87.8,0.7,3.0,12.0,10.0,-0.11067193675889325,0.19999999999999996,-2.280632411067188,-4.099999999999994,-8.361660079051383,-5.3,1.0
2023,1022300160,2023-08-04,1611661324,Minnesota Lynx,0,66,0.48148148148148145,80.07407407407408,-5.0,0.5,79.9,-7.2,3.0,13.0,14.0,1611661313,New York Liberty,1,76,0.7692307692307693,88.15384615384616,6.153846153846154,0.8,88.7,5.4,3.0,20.0,6.0,-0.2877492877492878,-0.30000000000000004,-8.079772079772084,-8.799999999999997,-11.153846153846153,-12.600000000000001,0.0
2023,1022300192,2023-08-20,1611661324,Minnesota Lynx,0,74,0.4838709677419355,79.58064516129032,-4.709677419354839,0.6,80.0,-2.1,2.0,15.0,16.0,1611661328,Seattle Storm,1,88,0.2903225806451613,78.0,-5.290322580645161,0.5,77.5,-0.1,2.0,9.0,22.0,0.1935483870967742,0.09999999999999998,1.5806451612903203,2.5,0.5806451612903221,-2.0,0.0
2023,1022300196,2023-08-22,1611661324,Minnesota Lynx,1,91,0.46875,79.40625,-5.0,0.5,80.1,-3.8,2.0,15.0,17.0,1611661321,Dallas Wings,0,86,0.5625,86.96875,3.15625,0.5,89.2,2.1,2.0,18.0,14.0,-0.09375,0.0,-7.5625,-9.100000000000009,-8.15625,-5.9,0.0
2023,1022300204,2023-08-26,1611661324,Minnesota Lynx,0,76,0.5,80.05882352941177,-4.294117647058823,0.6,80.4,-1.2,2.0,17.0,17.0,1611661313,New York Liberty,1,111,0.7878787878787878,88.21212121212122,7.545454545454546,0.8,86.5,9.9,2.0,26.0,7.0,-0.28787878787878785,-0.20000000000000007,-8.15329768270945,-6.099999999999994,-11.83957219251337,-11.1,0.0
2023,1022300218,2023-09-01,1611661324,Minnesota Lynx,1,91,0.4722222222222222,79.72222222222223,-5.333333333333333,0.4,77.7,-6.7,3.0,17.0,19.0,1611661330,Atlanta Dream,0,85,0.4722222222222222,82.77777777777777,-1.4444444444444444,0.3,78.9,-3.5,3.0,17.0,19.0,0.0,0.10000000000000003,-3.055555555555543,-1.2000000000000028,-3.8888888888888884,-3.2,0.0
2023,1022300222,2023-09-03,1611661324,Minnesota Lynx,1,86,0.4864864864864865,80.02702702702703,-5.027027027027027,0.5,79.9,-5.1,2.0,18.0,19.0,1611661317,Phoenix Mercury,0,73,0.25,76.55555555555556,-7.222222222222222,0.2,76.5,-8.3,3.0,9.0,27.0,0.2364864864864865,0.3,3.4714714714714745,3.4000000000000057,2.195195195195195,3.200000000000001,-1.0
2023,1022300034,2023-06-04,1611661325,Indiana Fever,0,80,0.25,75.5,-6.5,0.25,75.5,-6.5,5.0,1.0,3.0,1611661319,Las Vegas Aces,1,84,1.0,95.6,20.8,1.0,95.6,20.8,2.0,5.0,0.0,-0.75,-0.75,-20.099999999999994,-20.099999999999994,-27.3,-27.3,3.0
2023,1022300049,2023-06-11,1611661325,Indiana Fever,0,82,0.2857142857142857,79.42857142857143,-4.714285714285714,0.2857142857142857,79.42857142857143,-4.714285714285714,2.0,2.0,5.0,1611661317,Phoenix Mercury,1,85,0.16666666666666666,79.83333333333333,-7.333333333333333,0.16666666666666666,79.83333333333333,-7.333333333333333,2.0,1.0,5.0,0.11904761904761904,0.11904761904761904,-0.404761904761898,-0.404761904761898,2.6190476190476186,2.6190476190476186,0.0
2023,1022300052,2023-06-13,1611661325,Indiana Fever,1,87,0.25,79.75,-4.5,0.25,79.75,-4.5,2.0,2.0,6.0,1611661322,Washington Mystics,0,66,0.625,75.375,2.125,0.625,75.375,2.125,2.0,5.0,3.0,-0.375,-0.375,4.375,4.375,-6.625,-6.625,0.0
2023,1022300064,2023-06-18,1611661325,Indiana Fever,0,94,0.4,81.7,-1.3,0.4,81.7,-1.3,3.0,4.0,6.0,1611661330,Atlanta Dream,1,100,0.4444444444444444,84.0,-1.6666666666666667,0.4444444444444444,84.0,-1.6666666666666667,3.0,4.0,5.0,-0.0444444444444444,-0.0444444444444444,-2.299999999999997,-2.299999999999997,0.3666666666666667,0.3666666666666667,0.0
2023,1022300095,2023-07-02,1611661325,Indiana Fever,0,87,0.3333333333333333,81.46666666666667,-3.3333333333333335,0.4,84.0,-2.0,3.0,5.0,10.0,1611661329,Chicago Sky,1,89,0.4375,78.0,-2.9375,0.4,79.2,-4.9,2.0,7.0,9.0,-0.10416666666666669,0.0,3.4666666666666686,4.799999999999997,-0.3958333333333335,2.9000000000000004,1.0
2023,1022300109,2023-07-09,1611661325,Indiana Fever,0,76,0.2777777777777778,82.22222222222223,-3.7222222222222223,0.3,84.2,-3.1,2.0,5.0,13.0,1611661321,Dallas Wings,1,77,0.5,83.94444444444444,0.8333333333333334,0.4,82.7,-0.6,2.0,9.0,9.0,-0.2222222222222222,-0.10000000000000003,-1.7222222222222143,1.5,-4.555555555555555,-2.5,0.0
2023,1022300115,2023-07-12,1611661325,Indiana Fever,0,87,0.2631578947368421,81.89473684210526,-3.5789473684210527,0.2,83.1,-5.3,3.0,5.0,14.0,1611661313,New York Liberty,1,95,0.7647058823529411,87.3529411764706,6.470588235294118,0.8,89.9,6.5,4.0,13.0,4.0,-0.5015479876160991,-0.6000000000000001,-5.458204334365334,-6.800000000000011,-10.04953560371517,-11.8,-1.0
2023,1022300147,2023-07-30,1611661325,Indiana Fever,0,62,0.25,81.41666666666667,-4.25,0.1,79.5,-7.4,3.0,6.0,18.0,1611661328,Seattle Storm,1,85,0.20833333333333334,78.45833333333333,-7.208333333333333,0.1,77.6,-8.4,2.0,5.0,19.0,0.04166666666666666,0.0,2.958333333333343,1.9000000000000057,2.958333333333333,1.0,1.0
2023,1022300152,2023-08-01,1611661325,Indiana Fever,1,72,0.24,80.64,-5.0,0.1,79.4,-7.5,2.0,6.0,19.0,1611661317,Phoenix Mercury,0,71,0.25,76.20833333333333,-8.166666666666666,0.3,75.6,-6.8,2.0,6.0,18.0,-0.010000000000000009,-0.19999999999999998,4.431666666666672,3.8000000000000114,3.166666666666666,-0.7000000000000002,0.0
2023,1022300157,2023-08-04,1611661325,Indiana Fever,0,72,0.2692307692307692,80.3076923076923,-4.769230769230769,0.2,77.9,-7.2,3.0,7.0,19.0,1611661323,Connecticut Sun,1,88,0.7307692307692307,83.8076923076923,5.269230769230769,0.7,83.7,4.6,3.0,19.0,7.0,-0.4615384615384615,-0.49999999999999994,-3.5,-5.799999999999997,-10.038461538461538,-11.8,0.0
2023,1022300167,2023-08-08,1611661325,Indiana Fever,0,80,0.25,79.75,-5.321428571428571,0.2,75.3,-8.2,2.0,7.0,21.0,1611661320,Los Angeles Sparks,1,87,0.35714285714285715,78.57142857142857,-3.0357142857142856,0.3,78.0,-3.7,2.0,10.0,18.0,-0.10714285714285715,-0.09999999999999998,1.1785714285714306,-2.700000000000003,-2.2857142857142856,-4.499999999999999,0.0
2023,1022300171,2023-08-10,1611661325,Indiana Fever,1,91,0.2413793103448276,79.75862068965517,-5.379310344827586,0.2,75.7,-8.8,2.0,7.0,22.0,1611661324,Minnesota Lynx,0,73,0.4827586206896552,79.86206896551724,-4.689655172413793,0.5,78.9,-6.0,2.0,14.0,15.0,-0.2413793103448276,-0.3,-0.10344827586206407,-3.200000000000003,-0.6896551724137936,-2.8000000000000007,0.0
2023,1022300180,2023-08-13,1611661325,Indiana Fever,0,89,0.26666666666666666,80.13333333333334,-4.6,0.3,76.1,-6.2,3.0,8.0,22.0,1611661313,New York Liberty,1,100,0.7931034482758621,88.13793103448276,7.724137931034483,0.9,88.8,11.6,2.0,23.0,6.0,-0.5264367816091955,-0.6000000000000001,-8.004597701149422,-12.700000000000003,-12.324137931034482,-17.8,1.0
2023,1022300184,2023-08-18,1611661325,Indiana Fever,0,79,0.25806451612903225,80.41935483870968,-4.806451612903226,0.2,76.8,-7.9,5.0,8.0,23.0,1611661322,Washington Mystics,1,83,0.4666666666666667,80.83333333333333,-1.0333333333333334,0.3,80.4,-7.6,5.0,14.0,16.0,-0.20860215053763442,-0.09999999999999998,-0.4139784946236489,-3.6000000000000085,-3.7731182795698928,-0.3000000000000007,0.0
2023,1022300199,2023-08-24,1611661325,Indiana Fever,1,90,0.2727272727272727,80.45454545454545,-4.333333333333333,0.3,76.9,-5.4,4.0,9.0,24.0,1611661328,Seattle Storm,0,86,0.30303030303030304,78.33333333333333,-5.242424242424242,0.6,78.5,0.9,2.0,10.0,23.0,-0.03030303030303033,-0.3,2.1212121212121247,-1.5999999999999943,0.9090909090909092,-6.300000000000001,2.0
2023,1022300206,2023-08-27,1611661325,Indiana Fever,1,83,0.29411764705882354,80.73529411764706,-4.088235294117647,0.4,79.1,-3.7,3.0,10.0,24.0,1611661330,Atlanta Dream,0,80,0.47058823529411764,82.52941176470588,-1.9705882352941178,0.3,76.7,-6.4,2.0,16.0,18.0,-0.1764705882352941,0.10000000000000003,-1.794117647058826,2.3999999999999915,-2.117647058823529,2.7,1.0
2023,1022300216,2023-09-01,1611661325,Indiana Fever,0,100,0.3142857142857143,80.8,-3.8857142857142857,0.5,81.2,-1.1,5.0,11.0,24.0,1611661321,Dallas Wings,1,110,0.5428571428571428,86.48571428571428,2.5714285714285716,0.5,87.2,0.0,5.0,19.0,16.0,-0.22857142857142854,0.0,-5.685714285714283,-6.0,-6.457142857142857,-1.1,0.0
2023,1022300225,2023-09-05,1611661325,Indiana Fever,0,69,0.32432432432432434,81.75675675675676,-3.5945945945945947,0.5,86.5,0.7,2.0,12.0,25.0,1611661329,Chicago Sky,1,96,0.40540540540540543,80.51351351351352,-2.918918918918919,0.3,79.2,-4.4,2.0,15.0,22.0,-0.08108108108108109,0.2,1.243243243243242,7.299999999999997,-0.6756756756756759,5.1000000000000005,0.0
2023,1022300237,2023-09-10,1611661325,Indiana Fever,1,87,0.3076923076923077,80.84615384615384,-4.538461538461538,0.5,84.0,-2.1,2.0,12.0,27.0,1611661324,Minnesota Lynx,0,72,0.48717948717948717,80.35897435897436,-4.564102564102564,0.5,81.8,-4.2,2.0,19.0,20.0,-0.17948717948717946,0.0,0.4871794871794748,2.200000000000003,0.02564102564102555,2.1,0.0
2023,1022300037,2023-06-06,1611661328,Seattle Storm,1,66,0.0,79.5,-15.0,0.0,79.5,-15.0,3.0,0.0,4.0,1611661320,Los Angeles Sparks,0,63,0.6,87.0,-0.2,0.6,87.0,-0.2,3.0,3.0,2.0,-0.6,-0.6,-7.5,-7.5,-14.8,-14.8,0.0
2023,1022300045,2023-06-09,1611661328,Seattle Storm,0,66,0.2,76.8,-11.4,0.2,76.8,-11.4,3.0,1.0,4.0,1611661322,Washington Mystics,1,73,0.5,76.5,0.6666666666666666,0.5,76.5,0.6666666666666666,6.0,3.0,3.0,-0.3,-0.3,0.29999999999999716,0.29999999999999716,-12.066666666666666,-12.066666666666666,-3.0
2023,1022300050,2023-06-11,1611661328,Seattle Storm,0,65,0.16666666666666666,75.0,-10.666666666666666,0.16666666666666666,75.0,-10.666666666666666,2.0,1.0,5.0,1611661322,Washington Mystics,1,71,0.5714285714285714,76.0,1.5714285714285714,0.5714285714285714,76.0,1.5714285714285714,2.0,4.0,3.0,-0.40476190476190477,-0.40476190476190477,-1.0,-1.0,-12.238095238095237,-12.238095238095237,0.0
2023,1022300069,2023-06-20,1611661328,Seattle Storm,0,79,0.3,77.0,-8.3,0.3,77.0,-8.3,3.0,3.0,7.0,1611661323,Connecticut Sun,1,85,0.75,82.58333333333333,4.0,0.7,84.1,3.3,2.0,9.0,3.0,-0.45,-0.39999999999999997,-5.583333333333329,-7.099999999999994,-12.3,-11.600000000000001,1.0
2023,1022300073,2023-06-22,1611661328,Seattle Storm,0,68,0.2727272727272727,77.18181818181819,-8.090909090909092,0.3,78.5,-4.8,2.0,3.0,8.0,1611661325,Indiana Fever,1,80,0.36363636363636365,82.81818181818181,-1.7272727272727273,0.4,85.0,-1.0,4.0,4.0,7.0,-0.09090909090909094,-0.10000000000000003,-5.636363636363626,-6.5,-6.363636363636364,-3.8,-2.0
2023,1022300077,2023-06-24,1611661328,Seattle Storm,1,97,0.25,76.41666666666667,-8.416666666666666,0.3,76.2,-5.6,2.0,3.0,9.0,1611661317,Phoenix Mercury,0,74,0.18181818181818182,77.45454545454545,-10.181818181818182,0.2,78.1,-8.9,3.0,2.0,9.0,0.06818181818181818,0.09999999999999998,-1.0378787878787818,-1.8999999999999915,1.7651515151515156,3.3000000000000007,-1.0
2023,1022300089,2023-06-29,1611661328,Seattle Storm,0,97,0.2857142857142857,79.07142857142857,-6.357142857142857,0.4,78.9,-2.9,2.0,4.0,10.0,1611661324,Minnesota Lynx,1,99,0.35714285714285715,77.71428571428571,-5.857142857142857,0.5,79.1,-3.5,2.0,5.0,9.0,-0.07142857142857145,-0.09999999999999998,1.3571428571428612,-0.19999999999998863,-0.5,0.6000000000000001,0.0
2023,1022300097,2023-07-02,1611661328,Seattle Storm,0,66,0.26666666666666666,80.26666666666667,-6.066666666666666,0.3,82.0,-3.4,3.0,4.0,11.0,1611661313,New York Liberty,1,81,0.7142857142857143,87.5,6.214285714285714,0.7,90.4,6.2,3.0,10.0,4.0,-0.44761904761904764,-0.39999999999999997,-7.233333333333334,-8.400000000000006,-12.280952380952382,-9.6,0.0
2023,1022300127,2023-07-20,1611661328,Seattle Storm,0,63,0.2,79.0,-7.35,0.1,81.0,-6.4,8.0,4.0,16.0,1611661319,Las Vegas Aces,1,79,0.9047619047619048,94.0,15.428571428571429,0.9,96.3,15.0,8.0,19.0,2.0,-0.7047619047619047,-0.8,-15.0,-15.299999999999997,-22.77857142857143,-21.4,0.0
2023,1022300130,2023-07-22,1611661328,Seattle Storm,0,75,0.19047619047619047,78.23809523809524,-7.761904761904762,0.1,79.4,-7.4,2.0,4.0,17.0,1611661329,Chicago Sky,1,90,0.38095238095238093,76.95238095238095,-4.761904761904762,0.3,73.4,-8.1,2.0,8.0,13.0,-0.19047619047619047,-0.19999999999999998,1.2857142857142918,6.0,-3.0,0.6999999999999993,0.0
2023,1022300155,2023-08-02,1611661328,Seattle Storm,0,65,0.24,78.72,-6.0,0.2,76.4,-5.9,3.0,6.0,19.0,1611661321,Dallas Wings,1,76,0.56,86.2,3.6,0.7,89.5,8.7,3.0,14.0,11.0,-0.32000000000000006,-0.49999999999999994,-7.480000000000004,-13.099999999999994,-9.6,-14.6,0.0
2023,1022300166,2023-08-08,1611661328,Seattle Storm,0,69,0.25925925925925924,78.88888888888889,-5.7407407407407405,0.3,78.7,-2.9,3.0,7.0,20.0,1611661323,Connecticut Sun,1,81,0.7407407407407407,83.96296296296296,5.666666666666667,0.8,84.1,8.0,4.0,20.0,7.0,-0.48148148148148145,-0.5,-5.074074074074076,-5.3999999999999915,-11.407407407407408,-10.9,-1.0
2023,1022300173,2023-08-10,1611661328,Seattle Storm,1,68,0.25,78.53571428571429,-5.964285714285714,0.3,78.0,-3.7,2.0,7.0,21.0,1611661330,Atlanta Dream,0,67,0.5357142857142857,83.71428571428571,-1.0,0.5,78.3,-2.3,4.0,15.0,13.0,-0.2857142857142857,-0.2,-5.178571428571416,-0.29999999999999716,-4.964285714285714,-1.4000000000000004,-2.0
2023,1022300179,2023-08-13,1611661328,Seattle Storm,1,81,0.27586206896551724,78.17241379310344,-5.724137931034483,0.4,76.2,-2.9,3.0,8.0,21.0,1611661317,Phoenix Mercury,0,71,0.3103448275862069,78.03448275862068,-5.448275862068965,0.5,80.5,1.5,3.0,9.0,20.0,-0.03448275862068967,-0.09999999999999998,0.13793103448276156,-4.299999999999997,-0.2758620689655178,-4.4,0.0
2023,1022300187,2023-08-18,1611661328,Seattle Storm,0,70,0.3,78.26666666666667,-5.2,0.5,76.8,-0.9,5.0,9.0,21.0,1611661324,Minnesota Lynx,1,78,0.4666666666666667,79.63333333333334,-5.133333333333334,0.5,79.5,-3.8,8.0,14.0,16.0,-0.16666666666666669,0.0,-1.3666666666666742,-2.700000000000003,-0.06666666666666643,2.9,-3.0
2023,1022300208,2023-08-27,1611661328,Seattle Storm,0,85,0.29411764705882354,78.55882352941177,-5.205882352941177,0.5,78.8,-0.4,3.0,10.0,24.0,1611661329,Chicago Sky,1,90,0.38235294117647056,80.70588235294117,-2.8529411764705883,0.4,86.9,0.9,3.0,13.0,21.0,-0.08823529411764702,0.09999999999999998,-2.147058823529406,-8.100000000000009,-2.3529411764705883,-1.3,0.0
2023,1022300240,2023-09-10,1611661328,Seattle Storm,0,89,0.28205128205128205,78.56410256410257,-5.717948717948718,0.3,79.7,-5.7,2.0,11.0,28.0,1611661320,Los Angeles Sparks,1,91,0.41025641025641024,78.58974358974359,-1.7179487179487178,0.5,77.8,1.1,3.0,16.0,23.0,-0.1282051282051282,-0.2,-0.025641025641021997,1.9000000000000057,-4.0,-6.800000000000001,-1.0
2023,1022300028,2023-06-02,1611661329,Chicago Sky,0,76,0.6,76.0,0.6,0.6,76.0,0.6,3.0,3.0,2.0,1611661313,New York Liberty,1,77,0.75,80.25,6.25,0.75,80.25,6.25,3.0,3.0,1.0,-0.15000000000000002,-0.15000000000000002,-4.25,-4.25,-5.65,-5.65,0.0
2023,1022300036,2023-06-06,1611661329,Chicago Sky,1,108,0.5714285714285714,77.42857142857143,0.8571428571428571,0.5714285714285714,77.42857142857143,0.8571428571428571,2.0,4.0,3.0,1611661325,Indiana Fever,0,103,0.2,76.4,-6.0,0.2,76.4,-6.0,2.0,1.0,4.0,0.3714285714285714,0.3714285714285714,1.028571428571425,1.028571428571425,6.857142857142857,6.857142857142857,0.0
2023,1022300057,2023-06-15,1611661329,Chicago Sky,0,90,0.5,79.2,-1.7,0.5,79.2,-1.7,4.0,5.0,5.0,1611661325,Indiana Fever,1,92,0.3333333333333333,80.55555555555556,-1.6666666666666667,0.3333333333333333,80.55555555555556,-1.6666666666666667,2.0,3.0,6.0,0.16666666666666669,0.16666666666666669,-1.3555555555555543,-1.3555555555555543,-0.033333333333333215,-0.033333333333333215,2.0
2023,1022300071,2023-06-22,1611661329,Chicago Sky,0,59,0.4166666666666667,79.25,-2.25,0.3,79.9,-4.4,4.0,5.0,7.0,1611661322,Washington Mystics,1,80,0.6363636363636364,75.81818181818181,2.090909090909091,0.6,75.4,0.7,4.0,7.0,4.0,-0.21969696969696967,-0.3,3.431818181818187,4.5,-4.340909090909091,-5.1000000000000005,0.0
2023,1022300085,2023-06-28,1611661329,Chicago Sky,1,80,0.35714285714285715,77.28571428571429,-5.142857142857143,0.2,76.7,-9.3,3.0,5.0,9.0,1611661320,Los Angeles Sparks,0,63,0.5,79.71428571428571,1.1428571428571428,0.5,77.3,2.4,3.0,7.0,7.0,-0.14285714285714285,-0.3,-2.4285714285714164,-0.5999999999999943,-6.2857142857142865,-11.700000000000001,0.0
2023,1022300091,2023-06-30,1611661329,Chicago Sky,1,86,0.4,77.46666666666667,-3.6666666666666665,0.3,78.2,-5.8,2.0,6.0,9.0,1611661320,Los Angeles Sparks,0,78,0.4666666666666667,78.6,-0.06666666666666667,0.4,74.4,0.0,2.0,7.0,8.0,-0.06666666666666665,-0.10000000000000003,-1.1333333333333258,3.799999999999997,-3.5999999999999996,-5.8,0.0
2023,1022300104,2023-07-07,1611661329,Chicago Sky,0,68,0.47058823529411764,78.6470588235294,-2.6470588235294117,0.4,79.5,-5.1,5.0,8.0,9.0,1611661330,Atlanta Dream,1,82,0.5,86.9375,-1.875,0.6,89.0,-1.6,2.0,8.0,8.0,-0.02941176470588236,-0.19999999999999996,-8.290441176470594,-9.5,-0.7720588235294117,-3.4999999999999996,3.0
2023,1022300112,2023-07-09,1611661329,Chicago Sky,0,77,0.4444444444444444,78.05555555555556,-3.2777777777777777,0.3,75.5,-7.0,2.0,8.0,10.0,1611661330,Atlanta Dream,1,88,0.5294117647058824,86.6470588235294,-0.9411764705882353,0.7,89.5,1.0,2.0,9.0,8.0,-0.08496732026143794,-0.39999999999999997,-8.591503267973849,-14.0,-2.336601307189542,-8.0,0.0
2023,1022300116,2023-07-12,1611661329,Chicago Sky,0,72,0.42105263157894735,78.0,-3.6842105263157894,0.3,77.0,-6.6,3.0,8.0,11.0,1611661323,Connecticut Sun,1,84,0.7368421052631579,84.78947368421052,5.315789473684211,0.7,88.0,7.0,3.0,14.0,5.0,-0.3157894736842105,-0.39999999999999997,-6.78947368421052,-11.0,-9.0,-13.6,0.0
2023,1022300137,2023-07-25,1611661329,Chicago Sky,0,95,0.4090909090909091,77.54545454545455,-3.8636363636363638,0.4,75.5,-5.8,3.0,9.0,13.0,1611661319,Las Vegas Aces,1,107,0.9130434782608695,93.52173913043478,15.521739130434783,0.9,94.0,15.0,3.0,21.0,2.0,-0.5039525691699605,-0.5,-15.976284584980235,-18.5,-19.38537549407115,-20.8,0.0
2023,1022300143,2023-07-28,1611661329,Chicago Sky,0,74,0.391304347826087,78.30434782608695,-4.217391304347826,0.4,79.1,-4.9,3.0,9.0,14.0,1611661328,Seattle Storm,1,83,0.17391304347826086,78.26086956521739,-7.913043478260869,0.0,78.6,-10.4,3.0,4.0,19.0,0.2173913043478261,0.4,0.043478260869562746,0.5,3.695652173913043,5.5,0.0
2023,1022300148,2023-07-30,1611661329,Chicago Sky,1,104,0.375,78.125,-4.416666666666667,0.4,79.3,-3.4,2.0,9.0,15.0,1611661317,Phoenix Mercury,0,85,0.2608695652173913,75.82608695652173,-7.695652173913044,0.4,75.6,-2.7,5.0,6.0,17.0,0.1141304347826087,0.0,2.298913043478265,3.700000000000003,3.278985507246377,-0.6999999999999997,-3.0
2023,1022300168,2023-08-08,1611661329,Chicago Sky,0,79,0.4444444444444444,81.0,-2.3703703703703702,0.4,85.0,-1.9,2.0,12.0,15.0,1611661324,Minnesota Lynx,1,88,0.4642857142857143,79.57142857142857,-5.178571428571429,0.4,79.0,-9.3,4.0,13.0,15.0,-0.019841269841269882,0.0,1.4285714285714306,6.0,2.8082010582010586,7.4,-2.0
2023,1022300190,2023-08-20,1611661329,Chicago Sky,0,73,0.3870967741935484,80.06451612903226,-3.4516129032258065,0.4,86.6,-0.7,2.0,12.0,19.0,1611661323,Connecticut Sun,1,79,0.6774193548387096,83.48387096774194,4.161290322580645,0.6,82.7,2.2,2.0,21.0,10.0,-0.29032258064516125,-0.19999999999999996,-3.4193548387096797,3.8999999999999915,-7.612903225806452,-2.9000000000000004,0.0
2023,1022300195,2023-08-22,1611661329,Chicago Sky,1,102,0.375,79.84375,-3.53125,0.3,84.9,-2.8,2.0,12.0,20.0,1611661328,Seattle Storm,0,79,0.3125,78.3125,-4.6875,0.6,78.8,2.8,2.0,10.0,22.0,0.0625,-0.3,1.53125,6.1000000000000085,1.15625,-5.6,0.0
2023,1022300200,2023-08-24,1611661329,Chicago Sky,0,87,0.3939393939393939,80.51515151515152,-2.727272727272727,0.4,85.6,0.7,2.0,13.0,20.0,1611661319,Las Vegas Aces,1,94,0.8787878787878788,93.66666666666667,13.606060606060606,0.8,94.0,9.2,2.0,29.0,4.0,-0.48484848484848486,-0.4,-13.151515151515156,-8.400000000000006,-16.333333333333332,-8.5,0.0
2023,1022300220,2023-09-03,1611661329,Chicago Sky,0,69,0.4166666666666667,80.83333333333333,-2.5277777777777777,0.4,82.7,-1.9,5.0,15.0,21.0,1611661313,New York Liberty,1,86,0.8055555555555556,89.02777777777777,9.0,0.9,91.3,16.4,2.0,29.0,7.0,-0.3888888888888889,-0.5,-8.194444444444443,-8.599999999999994,-11.527777777777779,-18.299999999999997,3.0
2023,1022300232,2023-09-08,1611661329,Chicago Sky,1,92,0.42105263157894735,80.92105263157895,-2.1315789473684212,0.4,80.9,-0.8,3.0,16.0,22.0,1611661324,Minnesota Lynx,0,87,0.5,80.1842105263158,-4.552631578947368,0.6,81.9,-2.8,5.0,19.0,19.0,-0.07894736842105265,-0.19999999999999996,0.7368421052631504,-1.0,2.421052631578947,1.9999999999999998,-2.0
2023,1022300021,2023-05-30,1611661330,Atlanta Dream,1,83,0.3333333333333333,82.66666666666667,-1.3333333333333333,0.3333333333333333,82.66666666666667,-1.3333333333333333,2.0,1.0,2.0,1611661329,Chicago Sky,0,65,0.75,78.75,5.25,0.75,78.75,5.25,2.0,3.0,1.0,-0.4166666666666667,-0.4166666666666667,3.9166666666666714,3.9166666666666714,-6.583333333333333,-6.583333333333333,0.0
2023,1022300027,2023-06-02,1611661330,Atlanta Dream,0,87,0.5,82.75,3.5,0.5,82.75,3.5,3.0,2.0,2.0,1611661319,Las Vegas Aces,1,92,1.0,96.5,24.75,1.0,96.5,24.75,5.0,4.0,0.0,-0.5,-0.5,-13.75,-13.75,-21.25,-21.25,-2.0
2023,1022300041,2023-06-09,1611661330,Atlanta Dream,0,83,0.4,83.6,1.8,0.4,83.6,1.8,7.0,2.0,3.0,1611661313,New York Liberty,1,106,0.6666666666666666,80.0,3.6666666666666665,0.6666666666666666,80.0,3.6666666666666665,5.0,4.0,2.0,-0.2666666666666666,-0.2666666666666666,3.5999999999999943,3.5999999999999943,-1.8666666666666665,-1.8666666666666665,2.0
2023,1022300048,2023-06-11,1611661330,Atlanta Dream,0,77,0.3333333333333333,83.5,-2.3333333333333335,0.3333333333333333,83.5,-2.3333333333333335,2.0,2.0,4.0,1611661323,Connecticut Sun,1,89,0.7777777777777778,81.22222222222223,3.4444444444444446,0.7777777777777778,81.22222222222223,3.4444444444444446,3.0,7.0,2.0,-0.4444444444444445,-0.4444444444444445,2.2777777777777715,2.2777777777777715,-5.777777777777779,-5.777777777777779,-1.0
2023,1022300074,2023-06-23,1611661330,Atlanta Dream,0,80,0.45454545454545453,84.45454545454545,-1.9090909090909092,0.5,85.1,-1.4,3.0,5.0,6.0,1611661313,New York Liberty,1,110,0.7,85.6,6.5,0.7,85.6,6.5,5.0,7.0,3.0,-0.24545454545454543,-0.19999999999999996,-1.145454545454541,-0.5,-8.40909090909091,-7.9,-2.0
2023,1022300090,2023-06-30,1611661330,Atlanta Dream,1,94,0.38461538461538464,84.23076923076923,-5.6923076923076925,0.4,84.7,-7.0,2.0,5.0,8.0,1611661322,Washington Mystics,0,89,0.6428571428571429,79.35714285714286,4.714285714285714,0.7,80.5,6.1,2.0,9.0,5.0,-0.25824175824175827,-0.29999999999999993,4.873626373626365,4.200000000000003,-10.406593406593407,-13.1,0.0
2023,1022300094,2023-07-02,1611661330,Atlanta Dream,1,112,0.42857142857142855,84.92857142857143,-4.928571428571429,0.4,85.8,-8.3,2.0,6.0,8.0,1611661320,Los Angeles Sparks,0,84,0.4375,78.5625,-0.5625,0.4,75.9,-0.5,2.0,7.0,9.0,-0.008928571428571452,0.0,6.366071428571431,9.899999999999991,-4.366071428571429,-7.800000000000001,0.0
2023,1022300118,2023-07-12,1611661330,Atlanta Dream,1,85,0.5555555555555556,86.72222222222223,-0.2777777777777778,0.7,89.7,1.4,3.0,10.0,8.0,1611661328,Seattle Storm,0,75,0.21052631578947367,79.21052631578948,-7.2105263157894735,0.2,84.4,-4.8,1.0,4.0,15.0,0.3450292397660819,0.49999999999999994,7.511695906432749,5.299999999999997,6.932748538011696,6.199999999999999,2.0
2023,1022300120,2023-07-18,1611661330,Atlanta Dream,1,82,0.5789473684210527,86.63157894736842,0.2631578947368421,0.7,89.0,2.0,6.0,11.0,8.0,1611661324,Minnesota Lynx,0,73,0.45,79.7,-5.8,0.6,80.7,-6.9,6.0,9.0,11.0,0.12894736842105264,0.09999999999999998,6.931578947368422,8.299999999999997,6.063157894736842,8.9,0.0
2023,1022300129,2023-07-22,1611661330,Atlanta Dream,0,78,0.5714285714285714,85.66666666666667,0.14285714285714285,0.7,87.0,2.4,2.0,12.0,9.0,1611661323,Connecticut Sun,1,86,0.7272727272727273,83.77272727272727,5.363636363636363,0.7,85.2,7.0,2.0,16.0,6.0,-0.1558441558441559,0.0,1.8939393939394051,1.7999999999999972,-5.22077922077922,-4.6,0.0
2023,1022300135,2023-07-25,1611661330,Atlanta Dream,1,78,0.5454545454545454,85.31818181818181,-0.22727272727272727,0.7,86.8,4.6,3.0,12.0,10.0,1611661317,Phoenix Mercury,0,65,0.2727272727272727,76.31818181818181,-7.454545454545454,0.4,75.3,-2.9,2.0,6.0,16.0,0.2727272727272727,0.29999999999999993,9.0,11.5,7.227272727272727,7.5,1.0
2023,1022300146,2023-07-30,1611661330,Atlanta Dream,1,80,0.5416666666666666,84.95833333333333,-0.125,0.7,85.0,6.6,3.0,13.0,11.0,1611661322,Washington Mystics,0,73,0.5,81.08333333333333,0.75,0.3,83.5,-4.8,2.0,12.0,12.0,0.04166666666666663,0.39999999999999997,3.875,1.5,-0.875,11.399999999999999,1.0
2023,1022300162,2023-08-06,1611661330,Atlanta Dream,1,82,0.5185185185185185,83.77777777777777,-1.3703703703703705,0.5,78.9,-2.1,3.0,14.0,13.0,1611661325,Indiana Fever,0,73,0.25925925925925924,80.0,-5.185185185185185,0.2,76.8,-8.1,2.0,7.0,20.0,0.25925925925925924,0.3,3.7777777777777715,2.1000000000000085,3.814814814814815,6.0,1.0
2023,1022300185,2023-08-18,1611661330,Atlanta Dream,1,78,0.4838709677419355,82.25806451612904,-1.967741935483871,0.3,75.1,-6.4,5.0,15.0,16.0,1611661329,Chicago Sky,0,67,0.4,80.5,-3.2,0.4,86.1,-1.4,5.0,12.0,18.0,0.08387096774193548,-0.10000000000000003,1.7580645161290391,-11.0,1.2322580645161292,-5.0,0.0
2023,1022300193,2023-08-22,1611661330,Atlanta Dream,0,100,0.5,82.125,-1.5625,0.4,75.1,-4.5,4.0,16.0,16.0,1611661319,Las Vegas Aces,1,112,0.875,93.09375,13.65625,0.8,92.6,9.7,3.0,28.0,4.0,-0.375,-0.4,-10.96875,-17.5,-15.21875,-14.2,1.0
2023,1022300202,2023-08-25,1611661330,Atlanta Dream,0,78,0.48484848484848486,82.66666666666667,-1.878787878787879,0.3,77.3,-7.0,3.0,16.0,17.0,1611661320,Los Angeles Sparks,1,83,0.4375,79.40625,-1.0,0.7,81.7,5.8,2.0,14.0,18.0,0.04734848484848486,-0.39999999999999997,3.2604166666666714,-4.400000000000006,-0.8787878787878789,-12.8,1.0
2023,1022300210,2023-08-29,1611661330,Atlanta Dream,1,94,0.45714285714285713,82.45714285714286,-2.0,0.2,76.7,-7.4,2.0,16.0,19.0,1611661317,Phoenix Mercury,0,76,0.2647058823529412,76.6470588235294,-6.823529411764706,0.3,77.7,-3.6,2.0,9.0,25.0,0.19243697478991595,-0.09999999999999998,5.81008403361345,-1.0,4.823529411764706,-3.8000000000000003,0.0
2023,1022300228,2023-09-06,1611661330,Atlanta Dream,1,79,0.4594594594594595,82.83783783783784,-1.5675675675675675,0.3,80.3,-2.1,5.0,17.0,20.0,1611661328,Seattle Storm,0,68,0.2972972972972973,78.51351351351352,-5.324324324324325,0.4,77.5,-4.2,4.0,11.0,26.0,0.16216216216216217,-0.10000000000000003,4.324324324324323,2.799999999999997,3.756756756756757,2.1,1.0
2023,1022300235,2023-09-10,1611661330,Atlanta Dream,0,77,0.48717948717948717,82.66666666666667,-1.0769230769230769,0.4,81.3,-1.3,2.0,19.0,20.0,1611661321,Dallas Wings,1,94,0.5384615384615384,87.6923076923077,2.58974358974359,0.6,92.0,4.3,2.0,21.0,18.0,-0.051282051282051266,-0.19999999999999996,-5.025641025641022,-10.700000000000003,-3.666666666666667,-5.6,0.0
2024,1022400016,2024-05-20,1611661313,New York Liberty,1,74,1.0,92.66666666666667,17.333333333333332,1.0,92.66666666666667,17.333333333333332,2.0,3.0,0.0,1611661328,Seattle Storm,0,63,0.3333333333333333,82.33333333333333,-4.333333333333333,0.3333333333333333,82.33333333333333,-4.333333333333333,1.0,1.0,2.0,0.6666666666666667,0.6666666666666667,10.333333333333343,10.333333333333343,21.666666666666664,21.666666666666664,1.0
2024,1022400035,2024-05-29,1611661313,New York Liberty,1,81,0.6666666666666666,83.33333333333333,6.166666666666667,0.6666666666666666,83.33333333333333,6.166666666666667,4.0,4.0,2.0,1611661317,Phoenix Mercury,0,78,0.5,81.33333333333333,-5.166666666666667,0.5,81.33333333333333,-5.166666666666667,1.0,3.0,3.0,0.16666666666666663,0.16666666666666663,2.0,2.0,11.333333333333334,11.333333333333334,3.0
2024,1022400042,2024-05-31,1611661313,New York Liberty,1,90,0.7142857142857143,83.0,5.714285714285714,0.7142857142857143,83.0,5.714285714285714,2.0,5.0,2.0,1611661322,Washington Mystics,0,79,0.0,73.71428571428571,-9.142857142857142,0.0,73.71428571428571,-9.142857142857142,2.0,0.0,7.0,0.7142857142857143,0.7142857142857143,9.285714285714292,9.285714285714292,14.857142857142858,14.857142857142858,0.0
2024,1022400046,2024-06-02,1611661313,New York Liberty,1,104,0.75,83.875,6.375,0.75,83.875,6.375,2.0,6.0,2.0,1611661325,Indiana Fever,0,68,0.2,78.3,-10.8,0.2,78.3,-10.8,1.0,2.0,8.0,0.55,0.55,5.575000000000003,5.575000000000003,17.175,17.175,1.0
2024,1022400062,2024-06-09,1611661313,New York Liberty,1,93,0.8333333333333334,85.25,10.333333333333334,0.8,83.6,8.3,1.0,10.0,2.0,1611661322,Washington Mystics,0,88,0.0,73.45454545454545,-9.272727272727273,0.0,72.8,-9.7,2.0,0.0,11.0,0.8333333333333334,0.8,11.795454545454547,10.799999999999997,19.60606060606061,18.0,-1.0
2024,1022400088,2024-06-20,1611661313,New York Liberty,1,93,0.8,86.6,8.733333333333333,0.8,86.6,7.7,2.0,12.0,3.0,1611661320,Los Angeles Sparks,0,80,0.26666666666666666,77.06666666666666,-6.6,0.3,76.7,-7.7,2.0,4.0,11.0,0.5333333333333334,0.5,9.533333333333331,9.899999999999991,15.333333333333332,15.4,0.0
2024,1022400092,2024-06-22,1611661313,New York Liberty,1,98,0.8125,87.0,9.0,0.9,89.2,10.7,2.0,13.0,3.0,1611661320,Los Angeles Sparks,0,88,0.25,77.25,-7.0,0.2,75.9,-9.6,2.0,4.0,12.0,0.5625,0.7,9.75,13.299999999999997,16.0,20.299999999999997,0.0
2024,1022400106,2024-06-30,1611661313,New York Liberty,1,81,0.8333333333333334,88.11111111111111,9.722222222222221,0.9,91.5,12.4,7.0,15.0,3.0,1611661330,Atlanta Dream,0,75,0.4375,76.0,-4.5,0.3,72.6,-8.2,2.0,7.0,9.0,0.39583333333333337,0.6000000000000001,12.111111111111114,18.900000000000006,14.222222222222221,20.6,5.0
2024,1022400111,2024-07-02,1611661313,New York Liberty,1,76,0.8421052631578947,87.73684210526316,9.526315789473685,0.9,89.2,9.4,2.0,16.0,3.0,1611661324,Minnesota Lynx,0,67,0.7777777777777778,83.88888888888889,9.61111111111111,0.8,81.9,10.1,2.0,14.0,4.0,0.0643274853801169,0.09999999999999998,3.847953216374279,7.299999999999997,-0.08479532163742576,-0.6999999999999993,0.0
2024,1022400133,2024-07-11,1611661313,New York Liberty,1,91,0.8181818181818182,86.0,8.545454545454545,0.8,86.9,6.4,1.0,18.0,4.0,1611661329,Chicago Sky,0,76,0.42857142857142855,79.33333333333333,-1.2380952380952381,0.5,80.2,-1.0,1.0,9.0,12.0,0.3896103896103897,0.30000000000000004,6.666666666666671,6.700000000000003,9.783549783549784,7.4,0.0
2024,1022400145,2024-07-16,1611661313,New York Liberty,1,82,0.8333333333333334,86.0,9.041666666666666,0.8,85.8,8.0,3.0,20.0,4.0,1611661323,Connecticut Sun,0,74,0.782608695652174,80.04347826086956,7.521739130434782,0.6,78.7,3.9,2.0,18.0,5.0,0.050724637681159424,0.20000000000000007,5.956521739130437,7.099999999999994,1.5199275362318838,4.1,1.0
2024,1022400163,2024-08-20,1611661313,New York Liberty,1,94,0.8518518518518519,86.22222222222223,10.074074074074074,0.9,83.8,11.8,3.0,23.0,4.0,1611661321,Dallas Wings,0,74,0.23076923076923078,82.26923076923077,-8.192307692307692,0.3,86.4,-9.5,4.0,6.0,20.0,0.621082621082621,0.6000000000000001,3.952991452991455,-2.6000000000000085,18.266381766381766,21.3,-1.0
2024,1022400167,2024-08-22,1611661313,New York Liberty,1,79,0.8571428571428571,86.5,10.428571428571429,0.9,83.6,11.7,2.0,24.0,4.0,1611661321,Dallas Wings,0,71,0.2222222222222222,81.96296296296296,-8.62962962962963,0.2,84.4,-12.1,2.0,6.0,21.0,0.6349206349206349,0.7,4.537037037037038,-0.8000000000000114,19.058201058201057,23.799999999999997,0.0
2024,1022400172,2024-08-24,1611661313,New York Liberty,0,64,0.8620689655172413,86.24137931034483,10.344827586206897,0.9,83.4,11.9,2.0,25.0,4.0,1611661323,Connecticut Sun,1,72,0.75,80.17857142857143,6.464285714285714,0.7,80.9,6.1,1.0,21.0,7.0,0.11206896551724133,0.20000000000000007,6.062807881773395,2.5,3.8805418719211824,5.800000000000001,1.0
2024,1022400200,2024-09-05,1611661313,New York Liberty,1,77,0.8181818181818182,85.9090909090909,9.484848484848484,0.8,85.2,11.0,6.0,27.0,6.0,1611661328,Seattle Storm,0,70,0.6060606060606061,83.18181818181819,4.333333333333333,0.5,80.8,-0.7,2.0,20.0,13.0,0.21212121212121215,0.30000000000000004,2.7272727272727195,4.400000000000006,5.151515151515151,11.7,4.0
2024,1022400209,2024-09-08,1611661313,New York Liberty,1,75,0.8235294117647058,85.6470588235294,9.411764705882353,0.8,84.8,10.3,3.0,28.0,6.0,1611661319,Las Vegas Aces,0,71,0.6470588235294118,86.8529411764706,4.9411764705882355,0.6,82.4,3.2,2.0,22.0,12.0,0.17647058823529405,0.20000000000000007,-1.2058823529411882,2.3999999999999915,4.470588235294118,7.1000000000000005,1.0
2024,1022400225,2024-09-15,1611661313,New York Liberty,0,79,0.8378378378378378,86.24324324324324,10.0,0.8,86.3,9.8,3.0,31.0,6.0,1611661324,Minnesota Lynx,1,88,0.7567567567567568,82.75675675675676,7.054054054054054,0.9,85.5,8.1,2.0,28.0,9.0,0.08108108108108103,-0.09999999999999998,3.486486486486484,0.7999999999999972,2.9459459459459456,1.700000000000001,1.0
2024,1022400236,2024-09-19,1611661313,New York Liberty,0,67,0.8205128205128205,86.07692307692308,9.666666666666666,0.7,85.6,7.7,2.0,32.0,7.0,1611661330,Atlanta Dream,1,78,0.358974358974359,76.97435897435898,-3.1025641025641026,0.4,80.1,0.6,2.0,14.0,25.0,0.4615384615384615,0.29999999999999993,9.102564102564102,5.5,12.769230769230768,7.1000000000000005,0.0
2024,1022400023,2024-05-23,1611661317,Phoenix Mercury,1,83,0.6666666666666666,88.66666666666667,1.3333333333333333,0.6666666666666666,88.66666666666667,1.3333333333333333,2.0,2.0,1.0,1611661322,Washington Mystics,0,80,0.0,75.0,-5.75,0.0,75.0,-5.75,2.0,0.0,4.0,0.6666666666666666,0.6666666666666666,13.666666666666671,13.666666666666671,7.083333333333333,7.083333333333333,0.0
2024,1022400029,2024-05-25,1611661317,Phoenix Mercury,0,92,0.75,87.25,1.75,0.75,87.25,1.75,2.0,3.0,1.0,1611661321,Dallas Wings,1,107,0.3333333333333333,79.66666666666667,-2.0,0.3333333333333333,79.66666666666667,-2.0,4.0,1.0,2.0,0.4166666666666667,0.4166666666666667,7.583333333333329,7.583333333333329,3.75,3.75,-2.0
2024,1022400048,2024-06-02,1611661317,Phoenix Mercury,1,87,0.375,79.625,-7.25,0.375,79.625,-7.25,2.0,3.0,5.0,1611661320,Los Angeles Sparks,0,68,0.2857142857142857,78.57142857142857,-3.7142857142857144,0.2857142857142857,78.57142857142857,-3.7142857142857144,3.0,2.0,5.0,0.0892857142857143,0.0892857142857143,1.0535714285714306,1.0535714285714306,-3.5357142857142856,-3.5357142857142856,-1.0
2024,1022400059,2024-06-07,1611661317,Phoenix Mercury,1,81,0.4,78.6,-5.7,0.4,78.6,-5.7,3.0,4.0,6.0,1611661324,Minnesota Lynx,0,80,0.7777777777777778,86.33333333333333,10.666666666666666,0.7777777777777778,86.33333333333333,10.666666666666666,2.0,7.0,2.0,-0.37777777777777777,-0.37777777777777777,-7.733333333333334,-7.733333333333334,-16.366666666666667,-16.366666666666667,1.0
2024,1022400073,2024-06-13,1611661317,Phoenix Mercury,0,99,0.5,80.33333333333333,-4.083333333333333,0.5,79.6,-4.3,4.0,6.0,6.0,1611661319,Las Vegas Aces,1,103,0.5,85.7,1.8,0.5,85.7,1.8,2.0,5.0,5.0,0.0,0.0,-5.366666666666674,-6.1000000000000085,-5.883333333333333,-6.1,2.0
2024,1022400078,2024-06-16,1611661317,Phoenix Mercury,1,87,0.46153846153846156,81.76923076923077,-4.076923076923077,0.4,79.7,-5.7,3.0,6.0,7.0,1611661328,Seattle Storm,0,78,0.6923076923076923,83.46153846153847,5.384615384615385,0.8,83.8,8.3,3.0,9.0,4.0,-0.23076923076923073,-0.4,-1.6923076923076934,-4.099999999999994,-9.461538461538462,-14.0,0.0
2024,1022400083,2024-06-18,1611661317,Phoenix Mercury,1,99,0.5,82.14285714285714,-3.142857142857143,0.4,80.1,-5.1,2.0,7.0,7.0,1611661313,New York Liberty,0,93,0.8571428571428571,86.14285714285714,9.785714285714286,0.8,85.4,7.4,3.0,12.0,2.0,-0.3571428571428571,-0.4,-4.0,-5.300000000000011,-12.928571428571429,-12.5,-1.0
2024,1022400103,2024-06-28,1611661317,Phoenix Mercury,1,92,0.5,81.8125,-3.1875,0.5,82.1,-2.0,6.0,8.0,8.0,1611661320,Los Angeles Sparks,0,78,0.23529411764705882,77.88235294117646,-7.176470588235294,0.2,77.4,-9.6,6.0,4.0,13.0,0.2647058823529412,0.3,3.930147058823536,4.699999999999989,3.9889705882352944,7.6,0.0
2024,1022400108,2024-06-30,1611661317,Phoenix Mercury,0,82,0.5294117647058824,82.41176470588235,-2.176470588235294,0.6,83.5,-0.3,2.0,9.0,8.0,1611661325,Indiana Fever,1,88,0.3684210526315789,80.6842105263158,-7.2631578947368425,0.6,82.1,-2.9,3.0,7.0,12.0,0.16099071207430343,0.0,1.7275541795665532,1.4000000000000057,5.086687306501549,2.6,-1.0
2024,1022400109,2024-07-01,1611661317,Phoenix Mercury,0,72,0.5,82.38888888888889,-2.388888888888889,0.6,84.6,1.5,1.0,9.0,9.0,1611661323,Connecticut Sun,1,83,0.7777777777777778,79.77777777777777,6.666666666666667,0.6,79.0,3.9,3.0,14.0,4.0,-0.2777777777777778,0.0,2.6111111111111143,5.599999999999994,-9.055555555555555,-2.4,-2.0
2024,1022400132,2024-07-10,1611661317,Phoenix Mercury,1,100,0.5238095238095238,83.0,-1.9047619047619047,0.6,87.6,1.6,3.0,11.0,10.0,1611661321,Dallas Wings,0,84,0.22727272727272727,81.0,-8.227272727272727,0.2,81.0,-12.2,3.0,5.0,17.0,0.29653679653679654,0.39999999999999997,2.0,6.599999999999994,6.3225108225108215,13.799999999999999,0.0
2024,1022400161,2024-08-18,1611661317,Phoenix Mercury,1,86,0.5185185185185185,84.0,-1.4814814814814814,0.5,86.7,-0.3,2.0,14.0,13.0,1611661329,Chicago Sky,0,68,0.4230769230769231,79.11538461538461,-2.423076923076923,0.5,77.5,-3.7,1.0,11.0,15.0,0.09544159544159542,0.0,4.884615384615387,9.200000000000003,0.9415954415954415,3.4000000000000004,1.0
2024,1022400177,2024-08-26,1611661317,Phoenix Mercury,0,70,0.5333333333333333,83.3,-0.9666666666666667,0.6,84.0,1.7,3.0,16.0,14.0,1611661313,New York Liberty,1,84,0.8333333333333334,85.5,9.733333333333333,0.8,82.2,10.2,2.0,25.0,5.0,-0.30000000000000004,-0.20000000000000007,-2.200000000000003,1.7999999999999972,-10.7,-8.5,1.0
2024,1022400183,2024-08-28,1611661317,Phoenix Mercury,0,76,0.5161290322580645,82.87096774193549,-1.3870967741935485,0.5,82.6,-0.3,2.0,16.0,15.0,1611661324,Minnesota Lynx,1,89,0.7333333333333333,82.73333333333333,7.133333333333334,0.8,83.2,5.5,4.0,22.0,8.0,-0.21720430107526878,-0.30000000000000004,0.13763440860215326,-0.6000000000000085,-8.520430107526883,-5.8,-2.0
2024,1022400194,2024-09-01,1611661317,Phoenix Mercury,0,79,0.5,82.65625,-1.75,0.4,80.2,-3.2,4.0,16.0,16.0,1611661319,Las Vegas Aces,1,97,0.6129032258064516,86.90322580645162,4.064516129032258,0.5,82.3,0.8,2.0,19.0,12.0,-0.11290322580645162,-0.09999999999999998,-4.246975806451616,-2.0999999999999943,-5.814516129032258,-4.0,2.0
2024,1022400198,2024-09-03,1611661317,Phoenix Mercury,1,74,0.48484848484848486,82.54545454545455,-2.242424242424242,0.4,79.5,-4.1,2.0,16.0,17.0,1611661330,Atlanta Dream,0,66,0.34375,76.0625,-3.875,0.4,77.8,0.1,2.0,11.0,21.0,0.14109848484848486,0.0,6.482954545454547,1.7000000000000028,1.6325757575757578,-4.199999999999999,0.0
2024,1022400201,2024-09-05,1611661317,Phoenix Mercury,0,77,0.5,82.29411764705883,-1.9411764705882353,0.5,80.0,-0.6,2.0,17.0,17.0,1611661322,Washington Mystics,1,90,0.30303030303030304,79.21212121212122,-4.2727272727272725,0.4,79.5,-4.9,2.0,10.0,23.0,0.19696969696969696,0.09999999999999998,3.081996434937608,0.5,2.331550802139037,4.300000000000001,0.0
2024,1022400223,2024-09-13,1611661317,Phoenix Mercury,0,69,0.4722222222222222,81.69444444444444,-2.861111111111111,0.3,76.2,-7.2,6.0,17.0,19.0,1611661323,Connecticut Sun,1,88,0.7222222222222222,80.05555555555556,6.194444444444445,0.7,78.8,5.2,3.0,26.0,10.0,-0.25,-0.39999999999999997,1.6388888888888857,-2.5999999999999943,-9.055555555555555,-12.4,3.0
2024,1022400240,2024-09-19,1611661317,Phoenix Mercury,0,70,0.48717948717948717,81.74358974358974,-2.8974358974358974,0.4,77.1,-8.2,2.0,19.0,20.0,1611661328,Seattle Storm,1,89,0.6153846153846154,83.07692307692308,4.102564102564102,0.6,82.2,0.8,2.0,24.0,15.0,-0.12820512820512825,-0.19999999999999996,-1.3333333333333428,-5.1000000000000085,-7.0,-9.0,0.0
2024,1022400027,2024-05-25,1611661319,Las Vegas Aces,1,99,0.6666666666666666,88.66666666666667,2.0,0.6666666666666666,88.66666666666667,2.0,4.0,2.0,1.0,1611661325,Indiana Fever,0,80,0.16666666666666666,77.0,-11.5,0.16666666666666666,77.0,-11.5,1.0,1.0,5.0,0.5,0.5,11.666666666666671,11.666666666666671,13.5,13.5,3.0
2024,1022400057,2024-06-07,1611661319,Las Vegas Aces,0,65,0.7142857142857143,87.71428571428571,7.0,0.7142857142857143,87.71428571428571,7.0,2.0,5.0,2.0,1611661328,Seattle Storm,1,78,0.6666666666666666,84.0,5.777777777777778,0.6666666666666666,84.0,5.777777777777778,3.0,6.0,3.0,0.04761904761904767,0.04761904761904767,3.714285714285708,3.714285714285708,1.2222222222222223,1.2222222222222223,-1.0
2024,1022400068,2024-06-11,1611661319,Las Vegas Aces,0,86,0.5555555555555556,85.66666666666667,3.5555555555555554,0.5555555555555556,85.66666666666667,3.5555555555555554,2.0,5.0,4.0,1611661324,Minnesota Lynx,1,100,0.7272727272727273,85.45454545454545,10.363636363636363,0.7,85.7,10.1,2.0,8.0,3.0,-0.1717171717171717,-0.14444444444444438,0.21212121212121815,-0.03333333333333144,-6.808080808080808,-6.544444444444444,0.0
2024,1022400077,2024-06-15,1611661319,Las Vegas Aces,0,82,0.5454545454545454,87.27272727272727,2.0,0.5,87.1,1.3,2.0,6.0,5.0,1611661313,New York Liberty,1,90,0.8461538461538461,85.84615384615384,9.923076923076923,0.8,83.8,7.7,6.0,11.0,2.0,-0.30069930069930073,-0.30000000000000004,1.4265734265734267,3.299999999999997,-7.923076923076923,-6.4,-4.0
2024,1022400086,2024-06-19,1611661319,Las Vegas Aces,1,94,0.5,86.83333333333333,1.1666666666666667,0.4,86.4,-0.2,4.0,6.0,6.0,1611661328,Seattle Storm,0,83,0.6428571428571429,83.07142857142857,4.357142857142857,0.8,85.3,8.5,3.0,9.0,5.0,-0.1428571428571429,-0.4,3.761904761904759,1.1000000000000085,-3.19047619047619,-8.7,1.0
2024,1022400090,2024-06-21,1611661319,Las Vegas Aces,1,85,0.5384615384615384,87.38461538461539,1.9230769230769231,0.5,87.0,1.9,2.0,7.0,6.0,1611661323,Connecticut Sun,0,74,0.9285714285714286,80.92857142857143,10.214285714285714,0.9,78.6,11.0,3.0,13.0,1.0,-0.39010989010989017,-0.4,6.456043956043956,8.400000000000006,-8.29120879120879,-9.1,-1.0
2024,1022400113,2024-07-02,1611661319,Las Vegas Aces,1,88,0.625,87.75,3.6875,0.6,88.5,2.4,3.0,10.0,6.0,1611661325,Indiana Fever,0,69,0.4,81.05,-6.6,0.6,83.8,-2.4,2.0,8.0,12.0,0.22499999999999998,0.0,6.700000000000003,4.700000000000003,10.2875,4.8,1.0
2024,1022400117,2024-07-04,1611661319,Las Vegas Aces,1,98,0.6470588235294118,87.76470588235294,4.588235294117647,0.6,87.8,2.9,2.0,11.0,6.0,1611661322,Washington Mystics,0,77,0.25,79.3,-3.45,0.5,86.1,3.1,2.0,5.0,15.0,0.3970588235294118,0.09999999999999998,8.464705882352945,1.7000000000000028,8.038235294117648,-0.20000000000000018,0.0
2024,1022400124,2024-07-07,1611661319,Las Vegas Aces,1,104,0.631578947368421,88.57894736842105,4.947368421052632,0.7,91.2,6.2,2.0,12.0,7.0,1611661321,Dallas Wings,0,85,0.23809523809523808,80.80952380952381,-7.714285714285714,0.2,79.2,-12.1,2.0,5.0,16.0,0.39348370927318294,0.49999999999999994,7.769423558897245,12.0,12.661654135338345,18.3,0.0
2024,1022400146,2024-07-16,1611661319,Las Vegas Aces,0,85,0.6956521739130435,88.8695652173913,6.260869565217392,0.9,90.8,11.9,2.0,16.0,7.0,1611661329,Chicago Sky,1,93,0.391304347826087,78.65217391304348,-2.391304347826087,0.5,78.1,-2.9,3.0,9.0,14.0,0.3043478260869565,0.4,10.217391304347814,12.700000000000003,8.652173913043478,14.8,-1.0
2024,1022400156,2024-08-17,1611661319,Las Vegas Aces,0,67,0.6666666666666666,88.70833333333333,5.666666666666667,0.8,90.8,10.0,32.0,16.0,8.0,1611661313,New York Liberty,1,79,0.8461538461538461,86.5,10.0,0.9,85.7,11.6,2.0,22.0,4.0,-0.17948717948717952,-0.09999999999999998,2.2083333333333286,5.099999999999994,-4.333333333333333,-1.5999999999999996,30.0
2024,1022400159,2024-08-18,1611661319,Las Vegas Aces,1,87,0.64,87.84,4.96,0.7,88.0,7.6,1.0,16.0,9.0,1611661320,Los Angeles Sparks,0,71,0.23076923076923078,78.8076923076923,-7.423076923076923,0.2,81.3,-8.1,1.0,6.0,20.0,0.40923076923076923,0.49999999999999994,9.032307692307697,6.700000000000003,12.383076923076924,15.7,0.0
2024,1022400166,2024-08-21,1611661319,Las Vegas Aces,0,87,0.6538461538461539,87.8076923076923,5.384615384615385,0.7,87.9,8.1,3.0,17.0,9.0,1611661324,Minnesota Lynx,1,98,0.7037037037037037,81.74074074074075,6.666666666666667,0.6,76.7,1.5,4.0,19.0,8.0,-0.049857549857549865,0.09999999999999998,6.066951566951559,11.200000000000003,-1.282051282051282,6.6,-1.0
2024,1022400187,2024-08-30,1611661319,Las Vegas Aces,1,83,0.6,87.03333333333333,3.8333333333333335,0.5,82.4,0.2,3.0,18.0,12.0,1611661330,Atlanta Dream,0,72,0.3333333333333333,76.06666666666666,-4.366666666666666,0.3,76.5,-2.9,2.0,10.0,20.0,0.26666666666666666,0.2,10.966666666666669,5.900000000000006,8.2,3.1,1.0
2024,1022400197,2024-09-03,1611661319,Las Vegas Aces,1,90,0.625,87.21875,4.5,0.5,83.6,1.2,2.0,20.0,12.0,1611661329,Chicago Sky,0,71,0.34375,78.28125,-3.53125,0.2,76.3,-7.2,2.0,11.0,21.0,0.28125,0.3,8.9375,7.299999999999997,8.03125,8.4,0.0
2024,1022400228,2024-09-15,1611661319,Las Vegas Aces,1,84,0.6486486486486487,86.16216216216216,4.837837837837838,0.7,81.8,5.0,2.0,24.0,13.0,1611661323,Connecticut Sun,0,71,0.7297297297297297,80.27027027027027,6.54054054054054,0.7,80.7,6.3,2.0,27.0,10.0,-0.08108108108108103,0.0,5.891891891891888,1.0999999999999943,-1.7027027027027026,-1.2999999999999998,0.0
2024,1022400239,2024-09-19,1611661319,Las Vegas Aces,1,98,0.6666666666666666,86.07692307692308,5.256410256410256,0.8,83.6,8.7,2.0,26.0,13.0,1611661321,Dallas Wings,0,84,0.23076923076923078,84.2051282051282,-7.769230769230769,0.2,88.7,-6.5,4.0,9.0,30.0,0.43589743589743585,0.6000000000000001,1.8717948717948758,-5.1000000000000085,13.025641025641026,15.2,-2.0
2024,1022400024,2024-05-24,1611661320,Los Angeles Sparks,0,73,0.3333333333333333,77.66666666666667,-5.333333333333333,0.3333333333333333,77.66666666666667,-5.333333333333333,3.0,1.0,2.0,1611661325,Indiana Fever,1,78,0.0,76.8,-14.8,0.0,76.8,-14.8,2.0,0.0,5.0,0.3333333333333333,0.3333333333333333,0.8666666666666742,0.8666666666666742,9.466666666666669,9.466666666666669,1.0
2024,1022400031,2024-05-26,1611661320,Los Angeles Sparks,0,83,0.25,76.5,-5.25,0.25,76.5,-5.25,2.0,1.0,3.0,1611661321,Dallas Wings,1,84,0.5,86.5,2.25,0.5,86.5,2.25,1.0,2.0,2.0,-0.25,-0.25,-10.0,-10.0,-7.5,-7.5,1.0
2024,1022400053,2024-06-05,1611661320,Los Angeles Sparks,0,62,0.25,77.25,-5.625,0.25,77.25,-5.625,3.0,2.0,6.0,1611661324,Minnesota Lynx,1,86,0.75,86.375,9.0,0.75,86.375,9.0,3.0,6.0,2.0,-0.5,-0.5,-9.125,-9.125,-14.625,-14.625,0.0
2024,1022400058,2024-06-07,1611661320,Los Angeles Sparks,1,81,0.2222222222222222,75.55555555555556,-7.666666666666667,0.2222222222222222,75.55555555555556,-7.666666666666667,2.0,2.0,7.0,1611661321,Dallas Wings,0,72,0.375,82.375,-2.125,0.375,82.375,-2.125,2.0,3.0,5.0,-0.1527777777777778,-0.1527777777777778,-6.819444444444443,-6.819444444444443,-5.541666666666667,-5.541666666666667,0.0
2024,1022400065,2024-06-09,1611661320,Los Angeles Sparks,1,96,0.3,76.1,-6.0,0.3,76.1,-6.0,2.0,3.0,7.0,1611661319,Las Vegas Aces,0,92,0.625,84.875,4.5,0.625,84.875,4.5,2.0,5.0,3.0,-0.325,-0.325,-8.775000000000006,-8.775000000000006,-10.5,-10.5,0.0
2024,1022400114,2024-07-02,1611661320,Los Angeles Sparks,0,80,0.2222222222222222,77.88888888888889,-7.555555555555555,0.2,78.4,-9.1,4.0,4.0,14.0,1611661322,Washington Mystics,1,82,0.21052631578947367,79.15789473684211,-3.736842105263158,0.4,85.0,2.1,3.0,4.0,15.0,0.011695906432748537,-0.2,-1.269005847953224,-6.599999999999994,-3.8187134502923974,-11.2,1.0
2024,1022400119,2024-07-05,1611661320,Los Angeles Sparks,1,98,0.21052631578947367,78.0,-7.2631578947368425,0.2,80.2,-6.9,3.0,4.0,15.0,1611661319,Las Vegas Aces,0,93,0.6666666666666666,88.33333333333333,5.5,0.7,91.1,6.3,1.0,12.0,6.0,-0.45614035087719296,-0.49999999999999994,-10.333333333333329,-10.899999999999991,-12.763157894736842,-13.2,2.0
2024,1022400126,2024-07-07,1611661320,Los Angeles Sparks,0,78,0.25,79.0,-6.65,0.2,81.9,-7.3,2.0,5.0,15.0,1611661317,Phoenix Mercury,1,84,0.5,82.95,-2.3,0.6,87.3,1.1,4.0,10.0,10.0,-0.25,-0.39999999999999997,-3.950000000000003,-5.3999999999999915,-4.3500000000000005,-8.4,-2.0
2024,1022400127,2024-07-09,1611661320,Los Angeles Sparks,0,67,0.23809523809523808,78.95238095238095,-6.619047619047619,0.1,80.1,-8.3,2.0,5.0,16.0,1611661324,Minnesota Lynx,1,82,0.7142857142857143,82.0952380952381,7.904761904761905,0.7,78.4,5.2,3.0,15.0,6.0,-0.4761904761904762,-0.6,-3.142857142857153,1.6999999999999886,-14.523809523809524,-13.5,-1.0
2024,1022400144,2024-07-16,1611661320,Los Angeles Sparks,0,83,0.2608695652173913,78.78260869565217,-6.434782608695652,0.2,80.0,-7.1,3.0,6.0,17.0,1611661328,Seattle Storm,1,89,0.6666666666666666,84.08333333333333,6.708333333333333,0.7,85.5,10.0,2.0,16.0,8.0,-0.40579710144927533,-0.49999999999999994,-5.3007246376811565,-5.5,-13.143115942028984,-17.1,1.0
2024,1022400151,2024-08-15,1611661320,Los Angeles Sparks,0,68,0.25,78.95833333333333,-6.416666666666667,0.2,80.9,-6.4,30.0,6.0,18.0,1611661313,New York Liberty,1,103,0.84,85.84,9.0,0.9,84.7,9.4,30.0,21.0,4.0,-0.59,-0.7,-6.881666666666675,-3.799999999999997,-15.416666666666668,-15.8,0.0
2024,1022400157,2024-08-17,1611661320,Los Angeles Sparks,0,86,0.24,78.52,-7.56,0.2,80.7,-9.0,2.0,6.0,19.0,1611661329,Chicago Sky,1,90,0.4,78.68,-2.68,0.4,76.8,-5.3,2.0,10.0,15.0,-0.16000000000000003,-0.2,-0.1600000000000108,3.9000000000000057,-4.879999999999999,-3.7,0.0
2024,1022400182,2024-08-28,1611661320,Los Angeles Sparks,1,94,0.2,78.83333333333333,-7.533333333333333,0.1,78.5,-9.3,3.0,6.0,24.0,1611661313,New York Liberty,0,88,0.8387096774193549,85.45161290322581,9.870967741935484,0.9,82.8,12.1,2.0,26.0,5.0,-0.6387096774193548,-0.8,-6.618279569892479,-4.299999999999997,-17.40430107526882,-21.4,1.0
2024,1022400193,2024-09-01,1611661320,Los Angeles Sparks,0,62,0.22580645161290322,79.3225806451613,-7.096774193548387,0.2,80.1,-8.1,4.0,7.0,24.0,1611661330,Atlanta Dream,1,80,0.3225806451612903,75.93548387096774,-4.580645161290323,0.3,76.8,-3.1,2.0,10.0,21.0,-0.0967741935483871,-0.09999999999999998,3.3870967741935516,3.299999999999997,-2.516129032258064,-5.0,2.0
2024,1022400211,2024-09-08,1611661320,Los Angeles Sparks,0,67,0.20588235294117646,78.97058823529412,-7.617647058823529,0.1,79.0,-10.5,2.0,7.0,27.0,1611661323,Connecticut Sun,1,79,0.7058823529411765,79.91176470588235,5.617647058823529,0.6,80.2,2.6,2.0,24.0,10.0,-0.5,-0.5,-0.941176470588232,-1.2000000000000028,-13.235294117647058,-13.1,0.0
2024,1022400214,2024-09-10,1611661320,Los Angeles Sparks,0,66,0.2,78.62857142857143,-7.742857142857143,0.1,78.9,-8.2,2.0,7.0,28.0,1611661323,Connecticut Sun,1,86,0.7142857142857143,79.88571428571429,5.8,0.6,77.2,2.0,2.0,25.0,10.0,-0.5142857142857142,-0.5,-1.2571428571428527,1.7000000000000028,-13.542857142857143,-10.2,0.0
2024,1022400217,2024-09-11,1611661320,Los Angeles Sparks,0,82,0.19444444444444445,78.27777777777777,-8.083333333333334,0.1,76.9,-9.8,1.0,7.0,29.0,1611661328,Seattle Storm,1,90,0.6,83.0,4.571428571428571,0.4,79.8,-0.7,4.0,21.0,14.0,-0.40555555555555556,-0.30000000000000004,-4.7222222222222285,-2.8999999999999915,-12.654761904761905,-9.100000000000001,-3.0
2024,1022400233,2024-09-17,1611661320,Los Angeles Sparks,0,81,0.18421052631578946,78.60526315789474,-7.947368421052632,0.1,80.6,-8.5,2.0,7.0,31.0,1611661317,Phoenix Mercury,1,85,0.47368421052631576,81.65789473684211,-3.0789473684210527,0.3,74.9,-9.5,2.0,18.0,20.0,-0.2894736842105263,-0.19999999999999998,-3.05263157894737,5.699999999999989,-4.868421052631579,1.0,0.0
2024,1022400052,2024-06-05,1611661321,Dallas Wings,0,81,0.42857142857142855,82.57142857142857,-0.42857142857142855,0.42857142857142855,82.57142857142857,-0.42857142857142855,3.0,3.0,4.0,1611661319,Las Vegas Aces,1,95,0.6666666666666666,86.5,5.833333333333333,0.6666666666666666,86.5,5.833333333333333,5.0,4.0,2.0,-0.23809523809523808,-0.23809523809523808,-3.9285714285714306,-3.9285714285714306,-6.261904761904762,-6.261904761904762,-2.0
2024,1022400063,2024-06-09,1611661321,Dallas Wings,0,90,0.3333333333333333,81.22222222222223,-2.888888888888889,0.3333333333333333,81.22222222222223,-2.888888888888889,2.0,3.0,6.0,1611661317,Phoenix Mercury,1,97,0.45454545454545453,78.81818181818181,-5.090909090909091,0.5,78.7,-4.7,2.0,5.0,6.0,-0.12121212121212122,-0.16666666666666669,2.4040404040404155,2.5222222222222257,2.202020202020202,1.8111111111111113,0.0
2024,1022400072,2024-06-13,1611661321,Dallas Wings,0,84,0.3,82.1,-3.3,0.3,82.1,-3.3,4.0,3.0,7.0,1611661328,Seattle Storm,1,92,0.6666666666666666,82.75,5.166666666666667,0.8,83.0,8.4,2.0,8.0,4.0,-0.36666666666666664,-0.5,-0.6500000000000057,-0.9000000000000057,-8.466666666666667,-11.7,2.0
2024,1022400076,2024-06-15,1611661321,Dallas Wings,0,67,0.2727272727272727,82.27272727272727,-3.727272727272727,0.2,81.8,-4.9,2.0,3.0,8.0,1611661323,Connecticut Sun,1,85,0.9166666666666666,80.75,9.666666666666666,0.9,79.3,8.8,3.0,11.0,1.0,-0.6439393939393939,-0.7,1.5227272727272663,2.5,-13.393939393939393,-13.700000000000001,-1.0
2024,1022400098,2024-06-27,1611661321,Dallas Wings,1,94,0.1875,79.6875,-7.375,0.0,77.3,-12.6,4.0,3.0,13.0,1611661324,Minnesota Lynx,0,88,0.8125,84.5,10.6875,0.9,84.3,13.4,5.0,13.0,3.0,-0.625,-0.9,-4.8125,-7.0,-18.0625,-26.0,-1.0
2024,1022400115,2024-07-03,1611661321,Dallas Wings,0,96,0.21052631578947367,79.78947368421052,-8.263157894736842,0.1,78.5,-13.1,2.0,4.0,15.0,1611661317,Phoenix Mercury,1,104,0.47368421052631576,81.84210526315789,-2.8421052631578947,0.5,83.1,-1.5,2.0,9.0,10.0,-0.2631578947368421,-0.4,-2.05263157894737,-4.599999999999994,-5.421052631578948,-11.6,0.0
2024,1022400118,2024-07-05,1611661321,Dallas Wings,1,85,0.2,80.6,-8.25,0.1,79.1,-13.2,2.0,4.0,16.0,1611661330,Atlanta Dream,0,82,0.3888888888888889,76.0,-4.777777777777778,0.3,76.7,-6.0,3.0,7.0,11.0,-0.18888888888888888,-0.19999999999999998,4.599999999999994,2.3999999999999915,-3.4722222222222223,-7.199999999999999,-1.0
2024,1022400138,2024-07-13,1611661321,Dallas Wings,0,81,0.21739130434782608,81.1304347826087,-8.565217391304348,0.2,81.6,-12.6,3.0,5.0,18.0,1611661320,Los Angeles Sparks,1,87,0.22727272727272727,78.4090909090909,-7.0,0.1,78.9,-8.2,4.0,5.0,17.0,-0.009881422924901184,0.1,2.721343873517796,2.6999999999999886,-1.5652173913043477,-4.4,-1.0
2024,1022400148,2024-07-17,1611661321,Dallas Wings,1,101,0.20833333333333334,81.125,-8.458333333333334,0.2,82.5,-12.1,4.0,5.0,19.0,1611661325,Indiana Fever,0,93,0.44,81.32,-5.4,0.6,84.3,0.9,3.0,11.0,14.0,-0.23166666666666666,-0.39999999999999997,-0.19499999999999318,-1.7999999999999972,-3.0583333333333336,-13.0,1.0
2024,1022400154,2024-08-16,1611661321,Dallas Wings,0,91,0.24,81.92,-7.8,0.3,85.7,-8.5,30.0,6.0,19.0,1611661323,Connecticut Sun,1,109,0.75,79.79166666666667,6.875,0.5,78.2,2.2,31.0,18.0,6.0,-0.51,-0.2,2.1283333333333303,7.5,-14.675,-10.7,-1.0
2024,1022400175,2024-08-25,1611661321,Dallas Wings,1,113,0.21428571428571427,81.57142857142857,-8.607142857142858,0.2,83.9,-10.8,3.0,6.0,22.0,1611661320,Los Angeles Sparks,0,110,0.20689655172413793,77.75862068965517,-7.689655172413793,0.2,77.3,-8.5,2.0,6.0,23.0,0.007389162561576346,0.0,3.812807881773395,6.6000000000000085,-0.917487684729065,-2.3000000000000007,1.0
2024,1022400179,2024-08-27,1611661321,Dallas Wings,1,93,0.2413793103448276,82.65517241379311,-8.206896551724139,0.3,88.1,-8.1,2.0,7.0,22.0,1611661319,Las Vegas Aces,0,90,0.6206896551724138,86.93103448275862,4.068965517241379,0.6,83.8,2.4,2.0,18.0,11.0,-0.3793103448275862,-0.3,-4.275862068965509,4.299999999999997,-12.275862068965518,-10.5,0.0
2024,1022400186,2024-08-30,1611661321,Dallas Wings,1,94,0.26666666666666666,83.0,-7.833333333333333,0.4,87.8,-7.0,3.0,8.0,22.0,1611661324,Minnesota Lynx,0,76,0.7419354838709677,82.93548387096774,7.32258064516129,0.8,84.7,6.1,2.0,23.0,8.0,-0.4752688172043011,-0.4,0.06451612903225623,3.0999999999999943,-15.155913978494624,-13.1,1.0
2024,1022400192,2024-09-01,1611661321,Dallas Wings,0,93,0.2903225806451613,83.35483870967742,-7.0,0.4,88.7,-5.5,2.0,9.0,22.0,1611661325,Indiana Fever,1,100,0.5,83.25,-3.09375,0.7,89.1,4.7,2.0,16.0,16.0,-0.2096774193548387,-0.29999999999999993,0.10483870967742348,-0.3999999999999915,-3.90625,-10.2,0.0
2024,1022400196,2024-09-03,1611661321,Dallas Wings,0,86,0.28125,83.65625,-7.0,0.4,89.5,-4.3,2.0,9.0,23.0,1611661322,Washington Mystics,1,90,0.28125,78.875,-4.53125,0.4,79.4,-4.8,3.0,9.0,23.0,0.0,0.0,4.78125,10.099999999999994,-2.46875,0.5,-1.0
2024,1022400213,2024-09-10,1611661321,Dallas Wings,0,91,0.2571428571428571,83.88571428571429,-7.257142857142857,0.3,88.8,-5.9,2.0,9.0,26.0,1611661313,New York Liberty,1,105,0.8285714285714286,85.34285714285714,9.257142857142858,0.8,84.1,9.9,2.0,29.0,6.0,-0.5714285714285715,-0.5,-1.4571428571428555,4.700000000000003,-16.514285714285716,-15.8,0.0
2024,1022400218,2024-09-12,1611661321,Dallas Wings,0,67,0.25,84.08333333333333,-7.444444444444445,0.3,88.8,-5.5,2.0,9.0,27.0,1611661313,New York Liberty,1,99,0.8333333333333334,85.88888888888889,9.38888888888889,0.8,84.3,7.8,2.0,30.0,6.0,-0.5833333333333334,-0.5,-1.8055555555555571,4.5,-16.833333333333336,-13.3,0.0
2024,1022400221,2024-09-13,1611661321,Dallas Wings,0,81,0.24324324324324326,83.62162162162163,-8.108108108108109,0.3,88.1,-6.7,1.0,9.0,28.0,1611661328,Seattle Storm,1,83,0.6111111111111112,83.19444444444444,4.666666666666667,0.5,80.7,0.3,2.0,22.0,14.0,-0.3678678678678679,-0.2,0.4271771771771853,7.3999999999999915,-12.774774774774777,-7.0,-1.0
2024,1022400036,2024-05-29,1611661322,Washington Mystics,0,67,0.0,74.83333333333333,-9.666666666666666,0.0,74.83333333333333,-9.666666666666666,4.0,0.0,6.0,1611661330,Atlanta Dream,1,73,0.5,84.75,0.0,0.5,84.75,0.0,3.0,2.0,2.0,-0.5,-0.5,-9.916666666666671,-9.916666666666671,-9.666666666666666,-9.666666666666666,1.0
2024,1022400054,2024-06-06,1611661322,Washington Mystics,0,71,0.0,72.66666666666667,-10.222222222222221,0.0,72.66666666666667,-10.222222222222221,2.0,0.0,9.0,1611661329,Chicago Sky,1,79,0.375,78.75,-0.875,0.375,78.75,-0.875,2.0,3.0,5.0,-0.375,-0.375,-6.083333333333329,-6.083333333333329,-9.347222222222221,-9.347222222222221,0.0
2024,1022400056,2024-06-07,1611661322,Washington Mystics,0,83,0.0,72.5,-10.0,0.0,72.5,-10.0,1.0,0.0,10.0,1611661325,Indiana Fever,1,85,0.18181818181818182,77.36363636363636,-13.090909090909092,0.2,78.0,-12.3,5.0,2.0,9.0,-0.18181818181818182,-0.2,-4.86363636363636,-5.5,3.0909090909090917,2.3000000000000007,-4.0
2024,1022400074,2024-06-14,1611661322,Washington Mystics,1,83,0.07692307692307693,75.61538461538461,-6.769230769230769,0.1,75.1,-6.7,3.0,1.0,12.0,1611661329,Chicago Sky,0,81,0.36363636363636365,78.54545454545455,-1.4545454545454546,0.4,78.5,-0.8,2.0,4.0,7.0,-0.2867132867132867,-0.30000000000000004,-2.9300699300699335,-3.4000000000000057,-5.314685314685315,-5.9,1.0
2024,1022400091,2024-06-22,1611661322,Washington Mystics,1,97,0.13333333333333333,76.46666666666667,-6.2,0.2,76.7,-6.7,3.0,2.0,13.0,1611661321,Dallas Wings,0,69,0.21428571428571427,80.14285714285714,-5.857142857142857,0.1,77.6,-9.1,2.0,3.0,11.0,-0.08095238095238094,0.1,-3.6761904761904702,-0.8999999999999915,-0.3428571428571434,2.3999999999999995,1.0
2024,1022400095,2024-06-23,1611661322,Washington Mystics,1,92,0.1875,77.75,-4.0625,0.3,79.5,-0.7,1.0,3.0,13.0,1611661321,Dallas Wings,0,84,0.2,79.4,-7.333333333333333,0.0,76.1,-12.0,1.0,3.0,12.0,-0.012500000000000011,0.3,-1.6500000000000057,3.4000000000000057,3.270833333333333,11.3,0.0
2024,1022400099,2024-06-27,1611661322,Washington Mystics,0,91,0.23529411764705882,78.58823529411765,-3.3529411764705883,0.4,82.0,0.7,4.0,4.0,13.0,1611661323,Connecticut Sun,1,94,0.8125,79.25,7.5625,0.7,76.5,6.1,4.0,13.0,3.0,-0.5772058823529411,-0.29999999999999993,-0.6617647058823479,5.5,-10.915441176470589,-5.3999999999999995,0.0
2024,1022400104,2024-06-29,1611661322,Washington Mystics,0,77,0.2222222222222222,79.27777777777777,-3.3333333333333335,0.4,83.2,1.5,2.0,4.0,14.0,1611661319,Las Vegas Aces,1,88,0.6,87.73333333333333,3.2,0.5,87.1,0.9,2.0,9.0,6.0,-0.37777777777777777,-0.09999999999999998,-8.455555555555563,-3.8999999999999915,-6.533333333333333,0.6,0.0
2024,1022400140,2024-07-14,1611661322,Washington Mystics,0,77,0.2608695652173913,79.08695652173913,-4.0,0.5,83.6,-0.4,4.0,6.0,17.0,1611661319,Las Vegas Aces,1,89,0.6818181818181818,88.86363636363636,6.0,0.9,91.3,11.8,2.0,15.0,7.0,-0.42094861660079047,-0.4,-9.776679841897234,-7.700000000000003,-10.0,-12.200000000000001,2.0
2024,1022400143,2024-07-16,1611661322,Washington Mystics,0,87,0.25,79.0,-4.333333333333333,0.4,83.0,-1.8,2.0,6.0,18.0,1611661317,Phoenix Mercury,1,96,0.5,83.25,-2.5,0.5,84.8,-1.6,2.0,12.0,12.0,-0.25,-0.09999999999999998,-4.25,-1.7999999999999972,-1.833333333333333,-0.19999999999999996,0.0
2024,1022400155,2024-08-17,1611661322,Washington Mystics,0,83,0.23076923076923078,78.88461538461539,-4.769230769230769,0.3,80.7,-5.9,2.0,6.0,20.0,1611661324,Minnesota Lynx,1,99,0.6923076923076923,81.07692307692308,6.3076923076923075,0.5,75.6,-0.7,2.0,18.0,8.0,-0.4615384615384615,-0.2,-2.1923076923076934,5.1000000000000085,-11.076923076923077,-5.2,0.0
2024,1022400164,2024-08-20,1611661322,Washington Mystics,0,77,0.2222222222222222,79.03703703703704,-5.185185185185185,0.2,79.8,-8.3,3.0,6.0,21.0,1611661328,Seattle Storm,1,83,0.6296296296296297,83.81481481481481,5.481481481481482,0.6,85.6,7.5,2.0,17.0,10.0,-0.40740740740740744,-0.39999999999999997,-4.7777777777777715,-5.799999999999997,-10.666666666666668,-15.8,1.0
2024,1022400170,2024-08-23,1611661322,Washington Mystics,1,80,0.21428571428571427,78.96428571428571,-5.214285714285714,0.2,78.4,-8.6,3.0,6.0,22.0,1611661320,Los Angeles Sparks,0,74,0.21428571428571427,77.89285714285714,-7.75,0.2,77.9,-8.1,3.0,6.0,22.0,0.0,0.0,1.0714285714285694,0.5,2.5357142857142856,-0.5,0.0
2024,1022400189,2024-08-31,1611661322,Washington Mystics,0,85,0.2903225806451613,78.6774193548387,-4.32258064516129,0.4,77.6,-4.4,3.0,9.0,22.0,1611661323,Connecticut Sun,1,96,0.7333333333333333,79.9,6.166666666666667,0.6,80.0,4.9,3.0,22.0,8.0,-0.44301075268817197,-0.19999999999999996,-1.222580645161301,-2.4000000000000057,-10.489247311827956,-9.3,0.0
2024,1022400207,2024-09-08,1611661322,Washington Mystics,0,71,0.3235294117647059,79.52941176470588,-3.764705882352941,0.5,80.8,-2.4,3.0,11.0,23.0,1611661324,Minnesota Lynx,1,78,0.7352941176470589,83.08823529411765,6.617647058823529,0.9,88.2,7.9,2.0,25.0,9.0,-0.411764705882353,-0.4,-3.558823529411768,-7.400000000000006,-10.382352941176471,-10.3,1.0
2024,1022400226,2024-09-15,1611661322,Washington Mystics,0,73,0.35135135135135137,79.35135135135135,-2.72972972972973,0.7,80.2,3.9,2.0,13.0,24.0,1611661330,Atlanta Dream,1,76,0.32432432432432434,76.75675675675676,-3.7837837837837838,0.2,79.8,-2.0,2.0,12.0,25.0,0.02702702702702703,0.49999999999999994,2.5945945945945965,0.4000000000000057,1.054054054054054,5.9,0.0
2024,1022400231,2024-09-17,1611661322,Washington Mystics,0,71,0.34210526315789475,79.1842105263158,-2.736842105263158,0.7,79.8,4.2,2.0,13.0,25.0,1611661313,New York Liberty,1,87,0.8157894736842105,86.05263157894737,9.5,0.7,84.8,6.9,2.0,31.0,7.0,-0.47368421052631576,0.0,-6.868421052631575,-5.0,-12.236842105263158,-2.7,0.0
2024,1022400237,2024-09-19,1611661322,Washington Mystics,1,92,0.3333333333333333,78.97435897435898,-3.076923076923077,0.6,78.9,2.0,2.0,13.0,26.0,1611661325,Indiana Fever,0,91,0.5128205128205128,84.82051282051282,-2.717948717948718,0.7,91.2,2.1,4.0,20.0,19.0,-0.17948717948717946,-0.09999999999999998,-5.84615384615384,-12.299999999999997,-0.35897435897435903,-0.10000000000000009,-2.0
2024,1022400032,2024-05-28,1611661323,Connecticut Sun,1,70,1.0,86.6,7.4,1.0,86.6,7.4,3.0,5.0,0.0,1611661317,Phoenix Mercury,0,47,0.6,88.2,-1.6,0.6,88.2,-1.6,3.0,3.0,2.0,0.4,0.4,-1.6000000000000085,-1.6000000000000085,9.0,9.0,0.0
2024,1022400041,2024-05-31,1611661323,Connecticut Sun,1,74,1.0,83.83333333333333,10.0,1.0,83.83333333333333,10.0,3.0,6.0,0.0,1611661321,Dallas Wings,0,72,0.6,86.0,2.0,0.6,86.0,2.0,5.0,3.0,2.0,0.4,0.4,-2.1666666666666714,-2.1666666666666714,8.0,8.0,-2.0
2024,1022400049,2024-06-04,1611661323,Connecticut Sun,1,76,1.0,80.75,10.125,1.0,80.75,10.125,2.0,8.0,0.0,1611661322,Washington Mystics,0,59,0.0,74.375,-9.375,0.0,74.375,-9.375,4.0,0.0,8.0,1.0,1.0,6.375,6.375,19.5,19.5,-2.0
2024,1022400060,2024-06-08,1611661323,Connecticut Sun,0,75,1.0,80.22222222222223,10.88888888888889,1.0,80.22222222222223,10.88888888888889,4.0,9.0,0.0,1611661313,New York Liberty,1,82,0.8181818181818182,85.54545454545455,10.636363636363637,0.8,85.6,11.2,2.0,9.0,2.0,0.18181818181818177,0.19999999999999996,-5.323232323232318,-5.377777777777766,0.2525252525252526,-0.31111111111111,2.0
2024,1022400066,2024-06-10,1611661323,Connecticut Sun,1,89,0.9,79.7,9.1,0.9,79.7,9.1,2.0,9.0,1.0,1611661325,Indiana Fever,0,72,0.25,78.0,-11.833333333333334,0.3,79.9,-8.5,3.0,3.0,9.0,0.65,0.6000000000000001,1.7000000000000028,-0.20000000000000284,20.933333333333334,17.6,-1.0
2024,1022400082,2024-06-18,1611661323,Connecticut Sun,1,79,0.9230769230769231,81.07692307692308,10.307692307692308,0.9,79.0,10.2,3.0,12.0,1.0,1611661320,Los Angeles Sparks,0,70,0.2857142857142857,77.57142857142857,-6.428571428571429,0.3,78.0,-6.9,2.0,4.0,10.0,0.6373626373626374,0.6000000000000001,3.505494505494511,1.0,16.736263736263737,17.1,1.0
2024,1022400102,2024-06-28,1611661323,Connecticut Sun,0,74,0.8235294117647058,80.11764705882354,7.294117647058823,0.7,78.5,6.2,1.0,14.0,3.0,1611661330,Atlanta Dream,1,78,0.4,75.86666666666666,-5.066666666666666,0.3,72.6,-8.2,5.0,6.0,9.0,0.4235294117647058,0.39999999999999997,4.250980392156876,5.900000000000006,12.360784313725489,14.399999999999999,-4.0
2024,1022400123,2024-07-07,1611661323,Connecticut Sun,1,80,0.8,79.85,6.8,0.7,80.0,4.5,3.0,16.0,4.0,1611661330,Atlanta Dream,0,67,0.3684210526315789,76.3157894736842,-4.684210526315789,0.2,76.0,-7.2,2.0,7.0,12.0,0.4315789473684211,0.49999999999999994,3.534210526315789,4.0,11.484210526315788,11.7,1.0
2024,1022400128,2024-07-10,1611661323,Connecticut Sun,0,68,0.8095238095238095,79.85714285714286,7.095238095238095,0.7,79.1,4.1,3.0,17.0,4.0,1611661313,New York Liberty,1,71,0.8095238095238095,86.71428571428571,8.80952380952381,0.8,88.0,6.8,4.0,17.0,4.0,0.0,-0.10000000000000009,-6.857142857142847,-8.900000000000006,-1.7142857142857153,-2.7,-1.0
2024,1022400139,2024-07-14,1611661323,Connecticut Sun,1,96,0.7727272727272727,79.31818181818181,6.636363636363637,0.6,77.6,3.0,4.0,17.0,5.0,1611661317,Phoenix Mercury,0,69,0.5217391304347826,83.8695652173913,-1.434782608695652,0.6,86.6,2.0,2.0,12.0,11.0,0.2509881422924901,0.0,-4.5513833992094845,-9.0,8.071146245059289,1.0,2.0
2024,1022400162,2024-08-20,1611661323,Connecticut Sun,1,69,0.7307692307692307,80.53846153846153,6.576923076923077,0.6,82.6,5.0,2.0,19.0,7.0,1611661320,Los Angeles Sparks,0,61,0.2222222222222222,78.51851851851852,-7.7407407407407405,0.2,79.6,-8.7,2.0,6.0,21.0,0.5085470085470085,0.39999999999999997,2.019943019943014,3.0,14.317663817663817,13.7,0.0
2024,1022400169,2024-08-23,1611661323,Connecticut Sun,1,82,0.7407407407407407,80.11111111111111,6.62962962962963,0.6,80.1,5.5,3.0,20.0,7.0,1611661329,Chicago Sky,0,80,0.4074074074074074,78.70370370370371,-3.0,0.5,78.1,-4.7,5.0,11.0,16.0,0.3333333333333333,0.09999999999999998,1.4074074074074048,2.0,9.62962962962963,10.2,-2.0
2024,1022400190,2024-09-01,1611661323,Connecticut Sun,1,93,0.7419354838709677,80.41935483870968,6.32258064516129,0.6,81.6,4.7,1.0,23.0,8.0,1611661328,Seattle Storm,0,86,0.6129032258064516,83.48387096774194,4.612903225806452,0.5,82.1,1.6,2.0,19.0,12.0,0.12903225806451613,0.09999999999999998,-3.0645161290322562,-0.5,1.709677419354838,3.1,-1.0
2024,1022400195,2024-09-03,1611661323,Connecticut Sun,0,64,0.75,80.8125,6.34375,0.7,84.1,5.7,2.0,24.0,8.0,1611661328,Seattle Storm,1,71,0.59375,83.5625,4.25,0.5,82.8,1.4,2.0,19.0,13.0,0.15625,0.19999999999999996,-2.75,1.2999999999999972,2.09375,4.300000000000001,0.0
2024,1022400203,2024-09-06,1611661323,Connecticut Sun,0,67,0.7272727272727273,80.3030303030303,5.9393939393939394,0.6,80.9,2.3,3.0,24.0,9.0,1611661319,Las Vegas Aces,1,72,0.6363636363636364,87.3030303030303,4.9393939393939394,0.5,83.7,1.9,3.0,21.0,12.0,0.09090909090909094,0.09999999999999998,-7.0,-2.799999999999997,1.0,0.3999999999999999,0.0
2024,1022400230,2024-09-17,1611661323,Connecticut Sun,0,76,0.7105263157894737,80.02631578947368,6.026315789473684,0.6,79.6,4.8,2.0,27.0,11.0,1611661324,Minnesota Lynx,1,78,0.7631578947368421,82.89473684210526,7.105263157894737,0.9,84.5,7.9,2.0,29.0,9.0,-0.052631578947368474,-0.30000000000000004,-2.868421052631575,-4.900000000000006,-1.078947368421053,-3.1000000000000005,0.0
2024,1022400235,2024-09-19,1611661323,Connecticut Sun,1,87,0.6923076923076923,79.92307692307692,5.82051282051282,0.5,80.0,3.8,2.0,27.0,12.0,1611661329,Chicago Sky,0,54,0.3333333333333333,78.0,-4.410256410256411,0.2,76.2,-8.7,2.0,13.0,26.0,0.358974358974359,0.3,1.9230769230769198,3.799999999999997,10.23076923076923,12.5,0.0
2024,1022400025,2024-05-25,1611661324,Minnesota Lynx,1,84,0.6666666666666666,89.0,7.0,0.6666666666666666,89.0,7.0,2.0,2.0,1.0,1611661313,New York Liberty,0,67,0.8,86.6,10.8,0.8,86.6,10.8,2.0,4.0,1.0,-0.13333333333333341,-0.13333333333333341,2.4000000000000057,2.4000000000000057,-3.8000000000000007,-3.8000000000000007,0.0
2024,1022400037,2024-05-29,1611661324,Minnesota Lynx,0,66,0.8,88.6,10.2,0.8,88.6,10.2,3.0,4.0,1.0,1611661319,Las Vegas Aces,1,80,0.75,91.25,6.25,0.75,91.25,6.25,4.0,3.0,1.0,0.050000000000000044,0.050000000000000044,-2.6500000000000057,-2.6500000000000057,3.9499999999999993,3.9499999999999993,-1.0
2024,1022400043,2024-05-31,1611661324,Minnesota Lynx,1,95,0.6666666666666666,84.83333333333333,6.166666666666667,0.6666666666666666,84.83333333333333,6.166666666666667,2.0,4.0,2.0,1611661317,Phoenix Mercury,0,71,0.42857142857142855,80.85714285714286,-4.857142857142857,0.42857142857142855,80.85714285714286,-4.857142857142857,2.0,3.0,4.0,0.23809523809523808,0.23809523809523808,3.9761904761904674,3.9761904761904674,11.023809523809524,11.023809523809524,0.0
2024,1022400047,2024-06-02,1611661324,Minnesota Lynx,1,87,0.7142857142857143,86.28571428571429,8.714285714285714,0.7142857142857143,86.28571428571429,8.714285714285714,2.0,5.0,2.0,1611661321,Dallas Wings,0,76,0.5,83.66666666666667,1.3333333333333333,0.5,83.66666666666667,1.3333333333333333,2.0,3.0,3.0,0.2142857142857143,0.2142857142857143,2.6190476190476204,2.6190476190476204,7.3809523809523805,7.3809523809523805,0.0
2024,1022400064,2024-06-09,1611661324,Minnesota Lynx,1,83,0.7,85.7,9.5,0.7,85.7,9.5,2.0,7.0,3.0,1611661328,Seattle Storm,0,64,0.7,83.4,6.5,0.7,83.4,6.5,2.0,7.0,3.0,0.0,0.0,2.299999999999997,2.299999999999997,3.0,3.0,0.0
2024,1022400075,2024-06-14,1611661324,Minnesota Lynx,1,81,0.75,86.66666666666667,10.666666666666666,0.7,85.5,10.6,3.0,9.0,3.0,1611661320,Los Angeles Sparks,0,76,0.3333333333333333,78.0,-6.0,0.4,77.3,-5.4,3.0,4.0,8.0,0.4166666666666667,0.29999999999999993,8.666666666666671,8.200000000000003,16.666666666666664,16.0,0.0
2024,1022400081,2024-06-17,1611661324,Minnesota Lynx,1,90,0.7692307692307693,86.23076923076923,10.23076923076923,0.8,85.4,11.2,3.0,10.0,3.0,1611661321,Dallas Wings,0,78,0.25,81.0,-4.916666666666667,0.2,81.1,-5.8,2.0,3.0,9.0,0.5192307692307693,0.6000000000000001,5.230769230769226,4.300000000000011,15.147435897435898,17.0,1.0
2024,1022400085,2024-06-19,1611661324,Minnesota Lynx,1,68,0.7857142857142857,86.5,10.357142857142858,0.8,86.0,10.7,2.0,11.0,3.0,1611661330,Atlanta Dream,0,55,0.5,77.41666666666667,-2.5,0.5,75.2,-3.8,3.0,6.0,6.0,0.2857142857142857,0.30000000000000004,9.083333333333329,10.799999999999997,12.857142857142858,14.5,-1.0
2024,1022400093,2024-06-22,1611661324,Minnesota Lynx,1,73,0.8,85.26666666666667,10.533333333333333,0.8,83.6,10.7,3.0,12.0,3.0,1611661317,Phoenix Mercury,0,60,0.5333333333333333,83.26666666666667,-2.533333333333333,0.5,80.8,-3.0,4.0,8.0,7.0,0.2666666666666667,0.30000000000000004,2.0,2.799999999999997,13.066666666666666,13.7,-1.0
2024,1022400116,2024-07-04,1611661324,Minnesota Lynx,0,73,0.7368421052631579,83.0,8.631578947368421,0.7,80.0,6.8,2.0,14.0,5.0,1611661323,Connecticut Sun,1,78,0.7894736842105263,79.94736842105263,6.894736842105263,0.6,79.7,3.3,3.0,15.0,4.0,-0.052631578947368474,0.09999999999999998,3.05263157894737,0.29999999999999716,1.7368421052631584,3.5,-1.0
2024,1022400122,2024-07-06,1611661324,Minnesota Lynx,1,74,0.7,82.5,7.95,0.7,79.3,6.4,2.0,14.0,6.0,1611661322,Washington Mystics,0,67,0.23809523809523808,79.19047619047619,-4.285714285714286,0.5,85.5,1.2,2.0,5.0,16.0,0.4619047619047619,0.19999999999999996,3.30952380952381,-6.200000000000003,12.235714285714286,5.2,0.0
2024,1022400142,2024-07-14,1611661324,Minnesota Lynx,0,74,0.6956521739130435,81.26086956521739,6.6521739130434785,0.6,74.8,2.0,2.0,16.0,7.0,1611661325,Indiana Fever,1,81,0.4166666666666667,81.33333333333333,-5.916666666666667,0.6,85.3,1.0,2.0,10.0,14.0,0.2789855072463768,0.0,-0.07246376811593791,-10.5,12.568840579710145,1.0,0.0
2024,1022400147,2024-07-17,1611661324,Minnesota Lynx,1,86,0.6666666666666666,80.95833333333333,6.083333333333333,0.5,73.2,0.1,3.0,16.0,8.0,1611661330,Atlanta Dream,0,79,0.30434782608695654,75.04347826086956,-5.913043478260869,0.1,74.2,-9.3,3.0,7.0,16.0,0.3623188405797101,0.4,5.914855072463766,-1.0,11.996376811594203,9.4,0.0
2024,1022400150,2024-08-15,1611661324,Minnesota Lynx,1,79,0.68,81.16,6.12,0.5,75.0,-0.5,29.0,17.0,8.0,1611661322,Washington Mystics,0,68,0.24,79.32,-4.52,0.4,83.6,-2.0,30.0,6.0,19.0,0.44000000000000006,0.09999999999999998,1.8400000000000034,-8.599999999999994,10.64,1.5,-1.0
2024,1022400171,2024-08-23,1611661324,Minnesota Lynx,1,87,0.7142857142857143,82.32142857142857,6.821428571428571,0.6,79.5,1.8,2.0,20.0,8.0,1611661319,Las Vegas Aces,0,74,0.6296296296296297,87.77777777777777,4.777777777777778,0.6,87.8,5.1,2.0,17.0,10.0,0.08465608465608465,0.0,-5.456349206349202,-8.299999999999997,2.0436507936507935,-3.3,0.0
2024,1022400173,2024-08-24,1611661324,Minnesota Lynx,1,90,0.7241379310344828,82.48275862068965,7.0344827586206895,0.7,81.5,4.0,1.0,21.0,8.0,1611661325,Indiana Fever,0,80,0.4642857142857143,82.71428571428571,-4.178571428571429,0.6,86.0,0.9,6.0,13.0,15.0,0.25985221674876846,0.09999999999999998,-0.23152709359605694,-4.5,11.213054187192117,3.1,-5.0
2024,1022400191,2024-09-01,1611661324,Minnesota Lynx,1,79,0.71875,82.71875,6.53125,0.7,84.1,2.8,2.0,23.0,9.0,1611661329,Chicago Sky,0,74,0.3548387096774194,78.41935483870968,-3.4838709677419355,0.2,76.5,-8.2,2.0,11.0,20.0,0.3639112903225806,0.49999999999999994,4.29939516129032,7.599999999999994,10.015120967741936,11.0,0.0
2024,1022400222,2024-09-13,1611661324,Minnesota Lynx,1,83,0.75,82.75,6.777777777777778,0.9,87.1,8.0,3.0,27.0,9.0,1611661329,Chicago Sky,0,66,0.3611111111111111,78.27777777777777,-3.7222222222222223,0.2,76.1,-7.1,2.0,13.0,23.0,0.3888888888888889,0.7,4.4722222222222285,11.0,10.5,15.1,1.0
2024,1022400238,2024-09-19,1611661324,Minnesota Lynx,0,51,0.7692307692307693,82.76923076923077,6.9743589743589745,0.9,83.6,6.8,2.0,30.0,9.0,1611661320,Los Angeles Sparks,1,68,0.1794871794871795,78.66666666666667,-7.846153846153846,0.1,81.3,-8.3,2.0,7.0,32.0,0.5897435897435898,0.8,4.102564102564102,2.299999999999997,14.820512820512821,15.100000000000001,0.0
2024,1022400033,2024-05-28,1611661325,Indiana Fever,0,82,0.14285714285714285,77.42857142857143,-12.571428571428571,0.14285714285714285,77.42857142857143,-12.571428571428571,3.0,1.0,6.0,1611661320,Los Angeles Sparks,1,88,0.2,77.8,-4.4,0.2,77.8,-4.4,2.0,1.0,4.0,-0.05714285714285716,-0.05714285714285716,-0.37142857142856656,-0.37142857142856656,-8.17142857142857,-8.17142857142857,1.0
2024,1022400038,2024-05-30,1611661325,Indiana Fever,0,88,0.125,78.0,-11.75,0.125,78.0,-11.75,2.0,1.0,7.0,1611661328,Seattle Storm,1,103,0.5714285714285714,81.85714285714286,2.7142857142857144,0.5714285714285714,81.85714285714286,2.7142857142857144,2.0,4.0,3.0,-0.4464285714285714,-0.4464285714285714,-3.857142857142861,-3.857142857142861,-14.464285714285715,-14.464285714285715,0.0
2024,1022400044,2024-06-01,1611661325,Indiana Fever,1,71,0.1111111111111111,79.11111111111111,-12.11111111111111,0.1111111111111111,79.11111111111111,-12.11111111111111,2.0,1.0,8.0,1611661329,Chicago Sky,0,70,0.5,80.83333333333333,1.1666666666666667,0.5,80.83333333333333,1.1666666666666667,2.0,3.0,3.0,-0.3888888888888889,-0.3888888888888889,-1.7222222222222143,-1.7222222222222143,-13.277777777777777,-13.277777777777777,0.0
2024,1022400071,2024-06-13,1611661325,Indiana Fever,1,91,0.23076923076923078,77.53846153846153,-12.23076923076923,0.3,79.1,-9.1,3.0,3.0,10.0,1611661330,Atlanta Dream,0,84,0.5,75.8,-3.6,0.5,75.8,-3.6,2.0,5.0,5.0,-0.2692307692307692,-0.2,1.7384615384615358,3.299999999999997,-8.63076923076923,-5.5,1.0
2024,1022400079,2024-06-16,1611661325,Indiana Fever,1,91,0.2857142857142857,78.5,-10.857142857142858,0.4,79.8,-8.0,3.0,4.0,10.0,1611661329,Chicago Sky,0,83,0.3333333333333333,78.75,-1.5,0.3,78.3,-1.9,2.0,4.0,8.0,-0.047619047619047616,0.10000000000000003,-0.25,1.5,-9.357142857142858,-6.1,1.0
2024,1022400084,2024-06-19,1611661325,Indiana Fever,1,88,0.3333333333333333,79.33333333333333,-9.6,0.5,80.6,-7.0,3.0,5.0,10.0,1611661322,Washington Mystics,0,81,0.14285714285714285,76.14285714285714,-6.142857142857143,0.2,76.6,-6.3,5.0,2.0,12.0,0.19047619047619047,0.3,3.19047619047619,4.0,-3.4571428571428564,-0.7000000000000002,-2.0
2024,1022400121,2024-07-06,1611661325,Indiana Fever,1,83,0.38095238095238093,80.47619047619048,-7.190476190476191,0.6,83.9,-0.7,4.0,8.0,13.0,1611661313,New York Liberty,0,78,0.85,87.15,9.5,0.9,88.0,9.0,4.0,17.0,3.0,-0.46904761904761905,-0.30000000000000004,-6.673809523809524,-4.099999999999994,-16.69047619047619,-9.7,0.0
2024,1022400129,2024-07-10,1611661325,Indiana Fever,0,84,0.4090909090909091,80.5909090909091,-6.636363636363637,0.6,83.7,-0.4,4.0,9.0,13.0,1611661322,Washington Mystics,1,89,0.22727272727272727,78.63636363636364,-4.409090909090909,0.5,83.4,1.0,4.0,5.0,17.0,0.18181818181818185,0.09999999999999998,1.9545454545454533,0.29999999999999716,-2.2272727272727275,-1.4,0.0
2024,1022400135,2024-07-12,1611661325,Indiana Fever,1,95,0.391304347826087,80.73913043478261,-6.565217391304348,0.6,84.9,0.8,2.0,9.0,14.0,1611661317,Phoenix Mercury,0,86,0.5454545454545454,83.77272727272727,-1.0909090909090908,0.6,87.9,2.5,2.0,12.0,10.0,-0.15415019762845844,0.0,-3.033596837944657,-3.0,-5.474308300395257,-1.7,0.0
2024,1022400153,2024-08-16,1611661325,Indiana Fever,1,98,0.4230769230769231,81.76923076923077,-5.5,0.5,84.8,-0.6,30.0,11.0,15.0,1611661317,Phoenix Mercury,0,89,0.5384615384615384,83.8076923076923,-1.1923076923076923,0.6,87.0,2.0,1.0,14.0,12.0,-0.11538461538461536,-0.09999999999999998,-2.038461538461533,-2.200000000000003,-4.3076923076923075,-2.6,29.0
2024,1022400160,2024-08-18,1611661325,Indiana Fever,1,92,0.4444444444444444,82.37037037037037,-4.962962962962963,0.5,85.5,-0.9,2.0,12.0,15.0,1611661328,Seattle Storm,0,75,0.6538461538461539,84.15384615384616,6.346153846153846,0.7,87.0,10.4,2.0,17.0,9.0,-0.20940170940170943,-0.19999999999999996,-1.7834757834757937,-1.5,-11.309116809116809,-11.3,0.0
2024,1022400180,2024-08-28,1611661325,Indiana Fever,1,84,0.4666666666666667,82.66666666666667,-4.066666666666666,0.6,85.9,1.0,2.0,14.0,16.0,1611661323,Connecticut Sun,0,80,0.7586206896551724,79.89655172413794,6.517241379310345,0.7,79.8,5.8,4.0,22.0,7.0,-0.2919540229885057,-0.09999999999999998,2.7701149425287355,6.1000000000000085,-10.583908045977012,-4.8,-2.0
2024,1022400199,2024-09-04,1611661325,Indiana Fever,1,93,0.5151515151515151,83.75757575757575,-2.787878787878788,0.8,90.7,5.9,3.0,17.0,16.0,1611661320,Los Angeles Sparks,0,86,0.21875,78.78125,-7.4375,0.2,79.6,-8.4,3.0,7.0,25.0,0.29640151515151514,0.6000000000000001,4.976325757575751,11.100000000000009,4.649621212121212,14.3,0.0
2024,1022400204,2024-09-06,1611661325,Indiana Fever,0,88,0.5294117647058824,84.02941176470588,-2.5,0.8,90.5,5.7,2.0,18.0,16.0,1611661324,Minnesota Lynx,1,99,0.7272727272727273,82.60606060606061,6.484848484848484,0.8,85.7,6.1,5.0,24.0,9.0,-0.19786096256684493,0.0,1.423351158645275,4.799999999999997,-8.984848484848484,-0.39999999999999947,-3.0
2024,1022400208,2024-09-08,1611661325,Indiana Fever,1,104,0.5142857142857142,84.14285714285714,-2.742857142857143,0.7,91.2,3.9,2.0,18.0,17.0,1611661330,Atlanta Dream,0,100,0.35294117647058826,76.67647058823529,-3.5588235294117645,0.5,80.2,2.2,2.0,12.0,22.0,0.16134453781512598,0.19999999999999996,7.466386554621849,11.0,0.8159663865546216,1.6999999999999997,0.0
2024,1022400215,2024-09-11,1611661325,Indiana Fever,0,75,0.5277777777777778,84.69444444444444,-2.5555555555555554,0.8,92.3,5.1,3.0,19.0,17.0,1611661319,Las Vegas Aces,1,86,0.6285714285714286,86.4,4.685714285714286,0.6,82.8,4.0,3.0,22.0,13.0,-0.10079365079365077,0.20000000000000007,-1.7055555555555628,9.5,-7.241269841269841,1.0999999999999996,0.0
2024,1022400220,2024-09-13,1611661325,Indiana Fever,0,74,0.5135135135135135,84.43243243243244,-2.7837837837837838,0.7,90.0,3.1,2.0,19.0,18.0,1611661319,Las Vegas Aces,1,78,0.6388888888888888,86.38888888888889,4.861111111111111,0.6,82.7,3.5,2.0,23.0,13.0,-0.12537537537537535,0.09999999999999998,-1.9564564564564506,7.299999999999997,-7.644894894894895,-0.3999999999999999,0.0
2024,1022400224,2024-09-15,1611661325,Indiana Fever,1,110,0.5,84.15789473684211,-2.8157894736842106,0.6,88.2,1.0,2.0,19.0,19.0,1611661321,Dallas Wings,0,109,0.23684210526315788,83.55263157894737,-7.947368421052632,0.3,89.1,-6.1,2.0,9.0,29.0,0.26315789473684215,0.3,0.6052631578947398,-0.8999999999999915,5.131578947368421,7.1,0.0
2024,1022400020,2024-05-22,1611661328,Seattle Storm,1,85,0.25,77.5,-6.0,0.25,77.5,-6.0,2.0,1.0,3.0,1611661325,Indiana Fever,0,83,0.0,75.25,-18.0,0.0,75.25,-18.0,2.0,0.0,4.0,0.25,0.25,2.25,2.25,12.0,12.0,0.0
2024,1022400028,2024-05-25,1611661328,Seattle Storm,1,101,0.4,79.0,-4.4,0.4,79.0,-4.4,3.0,2.0,3.0,1611661322,Washington Mystics,0,69,0.0,76.0,-5.2,0.0,76.0,-5.2,2.0,0.0,5.0,0.4,0.4,3.0,3.0,0.7999999999999998,0.7999999999999998,1.0
2024,1022400051,2024-06-04,1611661328,Seattle Storm,1,80,0.625,84.5,4.25,0.625,84.5,4.25,5.0,5.0,3.0,1611661317,Phoenix Mercury,0,62,0.4444444444444444,80.44444444444444,-4.333333333333333,0.4444444444444444,80.44444444444444,-4.333333333333333,2.0,4.0,5.0,0.18055555555555558,0.18055555555555558,4.055555555555557,4.055555555555557,8.583333333333332,8.583333333333332,3.0
2024,1022400069,2024-06-11,1611661328,Seattle Storm,1,95,0.6363636363636364,81.63636363636364,4.181818181818182,0.7,82.8,5.9,2.0,7.0,4.0,1611661320,Los Angeles Sparks,0,79,0.36363636363636365,77.9090909090909,-5.090909090909091,0.4,77.6,-4.5,2.0,4.0,7.0,0.2727272727272727,0.29999999999999993,3.7272727272727337,5.200000000000003,9.272727272727273,10.4,0.0
2024,1022400097,2024-06-23,1611661328,Seattle Storm,1,72,0.6,83.06666666666666,3.3333333333333335,0.7,85.1,7.2,4.0,9.0,6.0,1611661323,Connecticut Sun,0,61,0.8666666666666667,80.46666666666667,8.8,0.8,77.4,9.5,2.0,13.0,2.0,-0.2666666666666667,-0.10000000000000009,2.5999999999999943,7.699999999999989,-5.466666666666667,-2.3,2.0
2024,1022400101,2024-06-27,1611661328,Seattle Storm,1,89,0.625,82.375,3.8125,0.7,82.2,5.1,4.0,10.0,6.0,1611661325,Indiana Fever,0,77,0.3888888888888889,80.88888888888889,-7.0,0.6,83.2,-3.2,4.0,7.0,11.0,0.2361111111111111,0.09999999999999998,1.4861111111111143,-1.0,10.8125,8.3,0.0
2024,1022400105,2024-06-29,1611661328,Seattle Storm,1,97,0.6470588235294118,82.76470588235294,4.294117647058823,0.7,83.4,5.4,2.0,11.0,6.0,1611661321,Dallas Wings,0,76,0.23529411764705882,80.52941176470588,-6.588235294117647,0.1,79.1,-10.9,2.0,4.0,13.0,0.411764705882353,0.6,2.235294117647058,4.300000000000011,10.882352941176471,16.3,0.0
2024,1022400110,2024-07-01,1611661328,Seattle Storm,1,95,0.6666666666666666,83.55555555555556,5.222222222222222,0.7,82.8,6.0,2.0,12.0,6.0,1611661321,Dallas Wings,0,71,0.2222222222222222,80.27777777777777,-7.388888888888889,0.1,78.6,-11.6,2.0,4.0,14.0,0.4444444444444444,0.6,3.2777777777777857,4.200000000000003,12.61111111111111,17.6,0.0
2024,1022400120,2024-07-05,1611661328,Seattle Storm,0,84,0.6842105263157895,84.15789473684211,6.2105263157894735,0.7,84.3,6.6,4.0,13.0,6.0,1611661329,Chicago Sky,1,88,0.3888888888888889,79.38888888888889,-1.4444444444444444,0.4,79.9,-1.9,3.0,7.0,11.0,0.2953216374269006,0.29999999999999993,4.769005847953224,4.3999999999999915,7.654970760233918,8.5,1.0
2024,1022400125,2024-07-07,1611661328,Seattle Storm,1,84,0.65,84.15,5.7,0.6,84.9,4.9,2.0,13.0,7.0,1611661329,Chicago Sky,0,71,0.42105263157894735,79.84210526315789,-1.1578947368421053,0.4,80.8,-2.3,2.0,8.0,11.0,0.22894736842105268,0.19999999999999996,4.307894736842115,4.1000000000000085,6.8578947368421055,7.2,0.0
2024,1022400131,2024-07-10,1611661328,Seattle Storm,0,79,0.6666666666666666,84.14285714285714,6.0476190476190474,0.7,86.9,8.1,3.0,14.0,7.0,1611661319,Las Vegas Aces,1,84,0.65,89.35,5.65,0.8,93.0,9.5,3.0,13.0,7.0,0.016666666666666607,-0.10000000000000009,-5.2071428571428555,-6.099999999999994,0.3976190476190471,-1.4000000000000004,0.0
2024,1022400136,2024-07-12,1611661328,Seattle Storm,1,91,0.6363636363636364,83.9090909090909,5.545454545454546,0.6,85.3,6.0,2.0,14.0,8.0,1611661324,Minnesota Lynx,0,63,0.7272727272727273,82.0909090909091,8.227272727272727,0.7,76.6,5.3,3.0,16.0,6.0,-0.09090909090909094,-0.09999999999999998,1.818181818181813,8.700000000000003,-2.6818181818181808,0.7000000000000002,-1.0
2024,1022400141,2024-07-14,1611661328,Seattle Storm,1,81,0.6521739130434783,84.21739130434783,6.521739130434782,0.6,85.2,8.0,2.0,15.0,8.0,1611661330,Atlanta Dream,0,70,0.3181818181818182,75.27272727272727,-5.681818181818182,0.1,72.7,-9.5,2.0,7.0,15.0,0.3339920948616601,0.5,8.944664031620562,12.5,12.203557312252965,17.5,0.0
2024,1022400178,2024-08-26,1611661328,Seattle Storm,0,72,0.6428571428571429,83.78571428571429,5.5,0.6,84.2,6.0,6.0,18.0,10.0,1611661322,Washington Mystics,1,74,0.2413793103448276,79.0,-4.827586206896552,0.3,78.7,-6.9,3.0,7.0,22.0,0.4014778325123153,0.3,4.785714285714292,5.5,10.327586206896552,12.9,3.0
2024,1022400184,2024-08-28,1611661328,Seattle Storm,1,85,0.6206896551724138,83.37931034482759,5.241379310344827,0.5,81.9,3.4,2.0,18.0,11.0,1611661330,Atlanta Dream,0,81,0.3448275862068966,75.89655172413794,-4.379310344827586,0.3,75.1,-3.8,2.0,10.0,19.0,0.27586206896551724,0.2,7.482758620689651,6.800000000000011,9.620689655172413,7.199999999999999,0.0
2024,1022400188,2024-08-30,1611661328,Seattle Storm,0,85,0.6333333333333333,83.43333333333334,5.2,0.6,82.0,4.2,2.0,19.0,11.0,1611661313,New York Liberty,1,98,0.8125,85.53125,9.375,0.8,84.5,11.2,2.0,26.0,6.0,-0.1791666666666667,-0.20000000000000007,-2.097916666666663,-2.5,-4.175,-6.999999999999999,0.0
2024,1022400206,2024-09-07,1611661328,Seattle Storm,1,90,0.5882352941176471,82.79411764705883,4.0,0.4,79.7,-2.5,2.0,20.0,14.0,1611661317,Phoenix Mercury,0,66,0.4857142857142857,82.14285714285714,-2.257142857142857,0.4,78.1,-2.8,2.0,17.0,18.0,0.10252100840336137,0.0,0.6512605042016872,1.6000000000000085,6.257142857142857,0.2999999999999998,0.0
2024,1022400229,2024-09-15,1611661328,Seattle Storm,1,90,0.6216216216216216,83.1891891891892,4.594594594594595,0.6,81.5,2.2,2.0,23.0,14.0,1611661320,Los Angeles Sparks,0,87,0.1891891891891892,78.37837837837837,-8.08108108108108,0.1,78.0,-9.0,4.0,7.0,30.0,0.4324324324324324,0.5,4.810810810810821,3.5,12.675675675675675,11.2,-2.0
2024,1022400234,2024-09-17,1611661328,Seattle Storm,0,72,0.631578947368421,83.36842105263158,4.552631578947368,0.6,82.2,1.9,2.0,24.0,14.0,1611661319,Las Vegas Aces,1,85,0.6578947368421053,86.10526315789474,5.052631578947368,0.8,82.8,7.6,2.0,25.0,13.0,-0.026315789473684292,-0.20000000000000007,-2.7368421052631646,-0.5999999999999943,-0.5,-5.699999999999999,0.0
2024,1022400026,2024-05-25,1611661329,Chicago Sky,0,82,0.6666666666666666,84.0,3.3333333333333335,0.6666666666666666,84.0,3.3333333333333335,2.0,2.0,1.0,1611661323,Connecticut Sun,1,86,1.0,86.75,8.25,1.0,86.75,8.25,2.0,4.0,0.0,-0.33333333333333337,-0.33333333333333337,-2.75,-2.75,-4.916666666666666,-4.916666666666666,0.0
2024,1022400034,2024-05-28,1611661329,Chicago Sky,0,68,0.5,83.5,1.5,0.5,83.5,1.5,3.0,2.0,2.0,1611661328,Seattle Storm,1,77,0.5,82.66666666666667,1.6666666666666667,0.5,82.66666666666667,1.6666666666666667,3.0,3.0,3.0,0.0,0.0,0.8333333333333286,0.8333333333333286,-0.16666666666666674,-0.16666666666666674,0.0
2024,1022400039,2024-05-30,1611661329,Chicago Sky,1,83,0.4,80.4,-0.6,0.4,80.4,-0.6,2.0,2.0,3.0,1611661320,Los Angeles Sparks,0,73,0.3333333333333333,79.5,-2.6666666666666665,0.3333333333333333,79.5,-2.6666666666666665,2.0,2.0,4.0,0.06666666666666671,0.06666666666666671,0.9000000000000057,0.9000000000000057,2.0666666666666664,2.0666666666666664,0.0
2024,1022400050,2024-06-04,1611661329,Chicago Sky,0,75,0.42857142857142855,79.28571428571429,0.8571428571428571,0.42857142857142855,79.28571428571429,0.8571428571428571,3.0,3.0,4.0,1611661313,New York Liberty,1,88,0.7777777777777778,86.11111111111111,9.666666666666666,0.7777777777777778,86.11111111111111,9.666666666666666,2.0,7.0,2.0,-0.34920634920634924,-0.34920634920634924,-6.8253968253968225,-6.8253968253968225,-8.809523809523808,-8.809523809523808,1.0
2024,1022400061,2024-06-08,1611661329,Chicago Sky,0,80,0.4444444444444444,78.77777777777777,0.1111111111111111,0.4444444444444444,78.77777777777777,0.1111111111111111,2.0,4.0,5.0,1611661330,Atlanta Dream,1,89,0.5,75.125,-3.25,0.5,75.125,-3.25,2.0,4.0,4.0,-0.05555555555555558,-0.05555555555555558,3.6527777777777715,3.6527777777777715,3.361111111111111,3.361111111111111,0.0
2024,1022400070,2024-06-12,1611661329,Chicago Sky,0,75,0.4,78.9,-0.8,0.4,78.9,-0.8,4.0,4.0,6.0,1611661323,Connecticut Sun,1,83,0.9090909090909091,80.54545454545455,9.818181818181818,0.9,79.4,8.7,2.0,10.0,1.0,-0.509090909090909,-0.5,-1.645454545454541,-0.5,-10.618181818181819,-9.5,2.0
2024,1022400087,2024-06-20,1611661329,Chicago Sky,1,83,0.3076923076923077,79.07692307692308,-2.0,0.2,77.6,-3.6,4.0,4.0,9.0,1611661321,Dallas Wings,0,72,0.23076923076923078,80.76923076923077,-5.461538461538462,0.2,81.1,-6.5,3.0,3.0,10.0,0.07692307692307693,0.0,-1.6923076923076934,-3.5,3.4615384615384617,2.9,1.0
2024,1022400096,2024-06-23,1611661329,Chicago Sky,1,88,0.35714285714285715,79.35714285714286,-1.0714285714285714,0.3,77.7,-2.1,3.0,5.0,9.0,1611661325,Indiana Fever,0,87,0.4117647058823529,80.52941176470588,-7.352941176470588,0.6,82.7,-3.7,2.0,7.0,10.0,-0.05462184873949577,-0.3,-1.1722689075630228,-5.0,6.281512605042017,1.6,1.0
2024,1022400100,2024-06-27,1611661329,Chicago Sky,0,83,0.4,79.93333333333334,-0.9333333333333333,0.4,79.7,-1.1,4.0,6.0,9.0,1611661319,Las Vegas Aces,1,95,0.5714285714285714,87.21428571428571,2.5714285714285716,0.5,85.6,1.1,6.0,8.0,6.0,-0.17142857142857137,-0.09999999999999998,-7.280952380952371,-5.8999999999999915,-3.5047619047619047,-2.2,-2.0
2024,1022400107,2024-06-30,1611661329,Chicago Sky,0,62,0.375,80.125,-1.625,0.3,79.7,-3.3,3.0,6.0,10.0,1611661324,Minnesota Lynx,1,70,0.7647058823529411,84.70588235294117,9.705882352941176,0.8,83.6,10.4,3.0,13.0,4.0,-0.3897058823529411,-0.5,-4.580882352941174,-3.8999999999999915,-11.330882352941176,-13.7,0.0
2024,1022400130,2024-07-10,1611661329,Chicago Sky,1,78,0.4,79.4,-1.75,0.4,79.9,-2.7,3.0,8.0,12.0,1611661330,Atlanta Dream,0,69,0.35,75.85,-5.1,0.2,75.9,-6.6,3.0,7.0,13.0,0.050000000000000044,0.2,3.5500000000000114,4.0,3.3499999999999996,3.8999999999999995,0.0
2024,1022400137,2024-07-13,1611661329,Chicago Sky,0,67,0.4090909090909091,79.18181818181819,-1.8636363636363635,0.5,79.7,-2.3,2.0,9.0,13.0,1611661313,New York Liberty,1,81,0.8260869565217391,86.21739130434783,8.826086956521738,0.8,86.7,7.4,2.0,19.0,4.0,-0.41699604743083,-0.30000000000000004,-7.035573122529641,-7.0,-10.689723320158102,-9.7,0.0
2024,1022400149,2024-08-15,1611661329,Chicago Sky,0,65,0.4166666666666667,79.25,-1.9583333333333333,0.5,79.1,-3.2,30.0,10.0,14.0,1611661317,Phoenix Mercury,1,85,0.52,83.76,-2.04,0.5,84.5,-1.3,30.0,13.0,12.0,-0.10333333333333333,0.0,-4.510000000000005,-5.400000000000006,0.08166666666666678,-1.9000000000000001,0.0
2024,1022400174,2024-08-25,1611661329,Chicago Sky,0,75,0.39285714285714285,78.75,-2.9642857142857144,0.4,77.6,-5.7,2.0,11.0,17.0,1611661319,Las Vegas Aces,1,77,0.6071428571428571,87.28571428571429,4.142857142857143,0.5,85.4,1.7,2.0,17.0,11.0,-0.21428571428571425,-0.09999999999999998,-8.535714285714292,-7.800000000000011,-7.107142857142858,-7.4,0.0
2024,1022400181,2024-08-28,1611661329,Chicago Sky,0,70,0.3793103448275862,78.62068965517241,-2.9310344827586206,0.3,76.3,-6.3,3.0,11.0,18.0,1611661322,Washington Mystics,1,74,0.26666666666666666,78.83333333333333,-4.6,0.3,77.9,-6.9,2.0,8.0,22.0,0.11264367816091952,0.0,-0.21264367816091578,-1.6000000000000085,1.668965517241379,0.6000000000000005,1.0
2024,1022400185,2024-08-30,1611661329,Chicago Sky,0,81,0.36666666666666664,78.33333333333333,-2.966666666666667,0.3,76.2,-5.4,2.0,11.0,19.0,1611661325,Indiana Fever,1,100,0.4838709677419355,82.70967741935483,-3.806451612903226,0.7,87.4,3.3,2.0,15.0,16.0,-0.11720430107526886,-0.39999999999999997,-4.376344086021504,-11.200000000000003,0.8397849462365592,-8.7,0.0
2024,1022400205,2024-09-06,1611661329,Chicago Sky,1,92,0.3333333333333333,78.06060606060606,-4.0,0.2,76.7,-7.7,3.0,11.0,22.0,1611661320,Los Angeles Sparks,0,78,0.21212121212121213,79.0,-7.424242424242424,0.1,79.5,-9.7,2.0,7.0,26.0,0.12121212121212119,0.1,-0.9393939393939377,-2.799999999999997,3.424242424242424,1.9999999999999991,1.0
2024,1022400210,2024-09-08,1611661329,Chicago Sky,1,92,0.35294117647058826,78.47058823529412,-3.4705882352941178,0.2,76.6,-7.1,2.0,12.0,22.0,1611661321,Dallas Wings,0,77,0.2647058823529412,84.08823529411765,-7.029411764705882,0.4,91.2,-3.6,2.0,9.0,25.0,0.08823529411764708,-0.2,-5.617647058823536,-14.600000000000009,3.5588235294117645,-3.4999999999999996,0.0
2024,1022400216,2024-09-11,1611661329,Chicago Sky,0,58,0.37142857142857144,78.85714285714286,-2.942857142857143,0.3,79.3,-3.6,3.0,13.0,22.0,1611661322,Washington Mystics,1,89,0.3142857142857143,79.28571428571429,-3.857142857142857,0.5,79.2,-2.2,3.0,11.0,24.0,0.05714285714285716,-0.2,-0.4285714285714306,0.09999999999999432,0.9142857142857141,-1.4,0.0
2024,1022400227,2024-09-15,1611661329,Chicago Sky,0,88,0.35135135135135137,77.94594594594595,-4.081081081081081,0.2,75.9,-7.0,2.0,13.0,24.0,1611661317,Phoenix Mercury,1,93,0.4594594594594595,81.35135135135135,-3.2972972972972974,0.3,74.2,-8.2,2.0,17.0,20.0,-0.10810810810810811,-0.09999999999999998,-3.4054054054054035,1.7000000000000028,-0.7837837837837833,1.1999999999999993,0.0
2024,1022400030,2024-05-26,1611661330,Atlanta Dream,0,79,0.6666666666666666,86.66666666666667,4.333333333333333,0.6666666666666666,86.66666666666667,4.333333333333333,5.0,2.0,1.0,1611661324,Minnesota Lynx,1,92,0.75,87.75,9.5,0.75,87.75,9.5,1.0,3.0,1.0,-0.08333333333333337,-0.08333333333333337,-1.0833333333333286,-1.0833333333333286,-5.166666666666667,-5.166666666666667,4.0
2024,1022400040,2024-05-31,1611661330,Atlanta Dream,1,78,0.6,82.4,1.2,0.6,82.4,1.2,2.0,3.0,2.0,1611661319,Las Vegas Aces,0,74,0.8,89.0,7.8,0.8,89.0,7.8,2.0,4.0,1.0,-0.20000000000000007,-0.20000000000000007,-6.599999999999994,-6.599999999999994,-6.6,-6.6,0.0
2024,1022400045,2024-06-02,1611661330,Atlanta Dream,0,50,0.6666666666666666,81.66666666666667,1.6666666666666667,0.6666666666666666,81.66666666666667,1.6666666666666667,2.0,4.0,2.0,1611661323,Connecticut Sun,1,69,1.0,82.42857142857143,8.857142857142858,1.0,82.42857142857143,8.857142857142858,2.0,7.0,0.0,-0.33333333333333337,-0.33333333333333337,-0.7619047619047592,-0.7619047619047592,-7.190476190476191,-7.190476190476191,0.0
2024,1022400055,2024-06-06,1611661330,Atlanta Dream,0,61,0.5714285714285714,77.14285714285714,-1.2857142857142858,0.5714285714285714,77.14285714285714,-1.2857142857142858,4.0,4.0,3.0,1611661313,New York Liberty,1,78,0.8,86.3,10.0,0.8,86.3,10.0,2.0,8.0,2.0,-0.22857142857142865,-0.22857142857142865,-9.157142857142858,-9.157142857142858,-11.285714285714286,-11.285714285714286,2.0
2024,1022400067,2024-06-11,1611661330,Atlanta Dream,0,68,0.5555555555555556,76.66666666666667,-1.8888888888888888,0.5555555555555556,76.66666666666667,-1.8888888888888888,3.0,5.0,4.0,1611661322,Washington Mystics,1,87,0.0,74.66666666666667,-8.916666666666666,0.0,73.9,-9.5,2.0,0.0,12.0,0.5555555555555556,0.5555555555555556,2.0,2.7666666666666657,7.027777777777777,7.611111111111111,1.0
2024,1022400080,2024-06-16,1611661330,Atlanta Dream,1,87,0.45454545454545453,76.54545454545455,-3.909090909090909,0.4,75.0,-5.4,3.0,5.0,6.0,1611661320,Los Angeles Sparks,0,74,0.3076923076923077,77.84615384615384,-5.923076923076923,0.3,77.9,-6.1,2.0,4.0,9.0,0.14685314685314682,0.10000000000000003,-1.3006993006992928,-2.9000000000000057,2.013986013986014,0.6999999999999993,1.0
2024,1022400089,2024-06-21,1611661330,Atlanta Dream,0,79,0.46153846153846156,75.6923076923077,-3.3076923076923075,0.4,72.4,-5.6,2.0,6.0,7.0,1611661325,Indiana Fever,1,91,0.375,79.875,-8.5625,0.5,81.6,-6.8,2.0,6.0,10.0,0.08653846153846156,-0.09999999999999998,-4.182692307692307,-9.199999999999989,5.2548076923076925,1.2000000000000002,0.0
2024,1022400094,2024-06-23,1611661330,Atlanta Dream,0,75,0.42857142857142855,75.92857142857143,-3.9285714285714284,0.4,72.4,-5.5,2.0,6.0,8.0,1611661313,New York Liberty,1,96,0.8235294117647058,87.6470588235294,9.058823529411764,0.9,90.9,11.4,1.0,14.0,3.0,-0.3949579831932773,-0.5,-11.718487394957975,-18.5,-12.987394957983193,-16.9,1.0
2024,1022400112,2024-07-02,1611661330,Atlanta Dream,0,77,0.4117647058823529,75.94117647058823,-4.588235294117647,0.3,75.1,-6.9,2.0,7.0,10.0,1611661329,Chicago Sky,1,85,0.35294117647058826,79.05882352941177,-2.0,0.3,78.9,-4.0,2.0,6.0,11.0,0.05882352941176466,0.0,-3.117647058823536,-3.8000000000000114,-2.5882352941176467,-2.9000000000000004,0.0
2024,1022400134,2024-07-12,1611661330,Atlanta Dream,0,70,0.3333333333333333,75.52380952380952,-5.285714285714286,0.2,74.4,-6.8,2.0,7.0,14.0,1611661319,Las Vegas Aces,1,84,0.6666666666666666,89.0952380952381,5.619047619047619,0.8,91.1,9.6,2.0,14.0,7.0,-0.3333333333333333,-0.6000000000000001,-13.571428571428584,-16.69999999999999,-10.904761904761905,-16.4,0.0
2024,1022400152,2024-08-16,1611661330,Atlanta Dream,1,83,0.2916666666666667,75.20833333333333,-5.958333333333333,0.1,74.2,-8.8,30.0,7.0,17.0,1611661328,Seattle Storm,0,81,0.68,84.28,6.68,0.8,86.1,11.7,31.0,17.0,8.0,-0.38833333333333336,-0.7000000000000001,-9.071666666666673,-11.899999999999991,-12.638333333333332,-20.5,-1.0
2024,1022400158,2024-08-18,1611661330,Atlanta Dream,1,82,0.32,75.52,-5.64,0.2,75.0,-6.5,2.0,8.0,17.0,1611661323,Connecticut Sun,0,70,0.76,80.96,7.32,0.6,81.7,5.1,2.0,19.0,6.0,-0.44,-0.39999999999999997,-5.439999999999998,-6.700000000000003,-12.96,-11.6,0.0
2024,1022400165,2024-08-21,1611661330,Atlanta Dream,1,72,0.34615384615384615,75.76923076923077,-4.961538461538462,0.2,75.4,-5.7,3.0,9.0,17.0,1611661317,Phoenix Mercury,0,63,0.5357142857142857,84.07142857142857,-0.7857142857142857,0.6,87.1,2.1,3.0,15.0,13.0,-0.18956043956043955,-0.39999999999999997,-8.302197802197796,-11.699999999999989,-4.175824175824176,-7.800000000000001,0.0
2024,1022400168,2024-08-23,1611661330,Atlanta Dream,0,80,0.37037037037037035,75.62962962962963,-4.444444444444445,0.3,75.1,-4.2,2.0,10.0,17.0,1611661317,Phoenix Mercury,1,82,0.5172413793103449,83.34482758620689,-1.0689655172413792,0.6,86.2,2.3,2.0,15.0,14.0,-0.1468710089399745,-0.3,-7.715197956577256,-11.100000000000009,-3.3754789272030656,-6.5,0.0
2024,1022400176,2024-08-26,1611661330,Atlanta Dream,0,79,0.35714285714285715,75.78571428571429,-4.357142857142857,0.3,75.4,-3.6,3.0,10.0,18.0,1611661325,Indiana Fever,1,84,0.4482758620689655,82.62068965517241,-4.379310344827586,0.6,86.3,1.1,2.0,13.0,16.0,-0.09113300492610837,-0.3,-6.834975369458121,-10.899999999999991,0.022167487684729537,-4.7,1.0
2024,1022400202,2024-09-06,1611661330,Atlanta Dream,1,107,0.3333333333333333,75.75757575757575,-4.0,0.4,77.4,0.4,3.0,11.0,22.0,1611661321,Dallas Wings,0,96,0.2727272727272727,83.72727272727273,-6.909090909090909,0.4,89.7,-3.1,3.0,9.0,24.0,0.06060606060606061,0.0,-7.969696969696983,-12.299999999999997,2.909090909090909,3.5,0.0
2024,1022400212,2024-09-10,1611661330,Atlanta Dream,0,64,0.34285714285714286,77.34285714285714,-3.5714285714285716,0.4,81.9,1.6,2.0,12.0,23.0,1611661324,Minnesota Lynx,1,76,0.7428571428571429,82.94285714285714,6.628571428571429,0.9,87.4,7.9,2.0,26.0,9.0,-0.4,-0.5,-5.599999999999994,-5.5,-10.200000000000001,-6.300000000000001,0.0
2024,1022400219,2024-09-13,1611661330,Atlanta Dream,0,69,0.3333333333333333,76.97222222222223,-3.8055555555555554,0.3,80.1,-0.8,3.0,12.0,24.0,1611661322,Washington Mystics,1,72,0.3333333333333333,79.55555555555556,-2.888888888888889,0.6,81.3,2.0,2.0,12.0,24.0,0.0,-0.3,-2.5833333333333286,-1.2000000000000028,-0.9166666666666665,-2.8,1.0
2024,1022400232,2024-09-17,1611661330,Atlanta Dream,1,86,0.34210526315789475,76.73684210526316,-3.6052631578947367,0.3,79.4,-1.5,2.0,13.0,25.0,1611661329,Chicago Sky,0,70,0.34210526315789475,78.21052631578948,-4.105263157894737,0.2,76.7,-7.3,2.0,13.0,25.0,0.0,0.09999999999999998,-1.473684210526315,2.700000000000003,0.5000000000000004,5.8,0.0
2025,1022500028,2025-05-27,1611661313,New York Liberty,1,95,1.0,93.66666666666667,13.666666666666666,1.0,93.66666666666667,13.666666666666666,3.0,3.0,0.0,1611661331,Golden State Valkyries,0,67,0.6666666666666666,75.0,-2.0,0.6666666666666666,75.0,-2.0,4.0,2.0,1.0,0.33333333333333337,0.33333333333333337,18.66666666666667,18.66666666666667,15.666666666666666,15.666666666666666,-1.0
2025,1022500033,2025-05-29,1611661313,New York Liberty,1,82,1.0,94.0,17.25,1.0,94.0,17.25,2.0,4.0,0.0,1611661331,Golden State Valkyries,0,77,0.5,73.0,-8.5,0.5,73.0,-8.5,2.0,2.0,2.0,0.5,0.5,21.0,21.0,25.75,25.75,0.0
2025,1022500041,2025-06-01,1611661313,New York Liberty,1,100,1.0,90.5,16.0,1.0,90.5,16.0,2.0,6.0,0.0,1611661323,Connecticut Sun,0,52,0.16666666666666666,74.0,-13.333333333333334,0.16666666666666666,74.0,-13.333333333333334,2.0,1.0,5.0,0.8333333333333334,0.8333333333333334,16.5,16.5,29.333333333333336,29.333333333333336,0.0
2025,1022500059,2025-06-10,1611661313,New York Liberty,1,85,1.0,91.125,19.0,1.0,91.125,19.0,5.0,8.0,0.0,1611661329,Chicago Sky,0,66,0.2857142857142857,77.42857142857143,-12.714285714285714,0.2857142857142857,77.42857142857143,-12.714285714285714,3.0,2.0,5.0,0.7142857142857143,0.7142857142857143,13.69642857142857,13.69642857142857,31.714285714285715,31.714285714285715,2.0
2025,1022500072,2025-06-17,1611661313,New York Liberty,1,86,0.9,90.2,15.7,0.9,90.2,15.7,3.0,9.0,1.0,1611661330,Atlanta Dream,0,81,0.7272727272727273,84.63636363636364,9.0,0.8,84.1,10.3,2.0,8.0,3.0,0.17272727272727273,0.09999999999999998,5.563636363636363,6.1000000000000085,6.699999999999999,5.399999999999999,1.0
2025,1022500078,2025-06-19,1611661313,New York Liberty,0,81,0.9090909090909091,89.81818181818181,14.727272727272727,0.9,89.6,14.8,2.0,10.0,1.0,1611661317,Phoenix Mercury,1,89,0.6923076923076923,79.84615384615384,2.4615384615384617,0.7,79.8,1.4,1.0,9.0,4.0,0.21678321678321677,0.20000000000000007,9.972027972027973,9.799999999999997,12.265734265734265,13.4,1.0
2025,1022500110,2025-07-03,1611661313,New York Liberty,1,89,0.6875,87.5625,7.6875,0.5,85.8,2.7,4.0,11.0,5.0,1611661320,Los Angeles Sparks,0,79,0.29411764705882354,81.76470588235294,-5.0588235294117645,0.3,81.8,-6.9,4.0,5.0,12.0,0.39338235294117646,0.2,5.797794117647058,4.0,12.746323529411764,9.600000000000001,0.0
2025,1022500117,2025-07-06,1611661313,New York Liberty,0,70,0.7058823529411765,87.6470588235294,7.823529411764706,0.5,84.7,-1.1,3.0,12.0,5.0,1611661328,Seattle Storm,1,79,0.6111111111111112,82.44444444444444,2.6666666666666665,0.7,85.0,4.6,3.0,11.0,7.0,0.09477124183006536,-0.19999999999999996,5.202614379084963,-0.29999999999999716,5.156862745098039,-5.699999999999999,0.0
2025,1022500122,2025-07-08,1611661313,New York Liberty,1,87,0.6666666666666666,86.66666666666667,6.888888888888889,0.4,83.1,-2.8,2.0,12.0,6.0,1611661319,Las Vegas Aces,0,78,0.5,79.66666666666667,-1.5,0.5,78.4,-0.6,2.0,9.0,9.0,0.16666666666666663,-0.09999999999999998,7.0,4.699999999999989,8.38888888888889,-2.1999999999999997,0.0
2025,1022500134,2025-07-13,1611661313,New York Liberty,1,79,0.6842105263157895,86.6842105263158,7.0,0.4,83.3,-3.8,5.0,13.0,6.0,1611661330,Atlanta Dream,0,72,0.6,84.25,4.55,0.5,84.3,2.5,2.0,12.0,8.0,0.08421052631578951,-0.09999999999999998,2.4342105263157947,-1.0,2.45,-6.3,3.0
2025,1022500144,2025-07-16,1611661313,New York Liberty,1,98,0.7,86.3,7.0,0.5,82.4,-1.7,3.0,14.0,6.0,1611661325,Indiana Fever,0,77,0.5454545454545454,84.54545454545455,5.181818181818182,0.6,85.9,4.8,1.0,12.0,10.0,0.15454545454545454,-0.09999999999999998,1.7545454545454504,-3.5,1.8181818181818183,-6.5,2.0
2025,1022500147,2025-07-22,1611661313,New York Liberty,1,98,0.7142857142857143,86.85714285714286,7.666666666666667,0.5,83.6,-0.1,6.0,15.0,6.0,1611661325,Indiana Fever,0,84,0.5217391304347826,84.21739130434783,4.043478260869565,0.6,85.5,3.5,6.0,12.0,11.0,0.1925465838509317,-0.09999999999999998,2.6397515527950333,-1.9000000000000057,3.6231884057971016,-3.6,0.0
2025,1022500155,2025-07-25,1611661313,New York Liberty,1,89,0.7272727272727273,87.36363636363636,7.954545454545454,0.6,85.3,2.1,3.0,16.0,6.0,1611661317,Phoenix Mercury,0,76,0.6521739130434783,83.21739130434783,3.4347826086956523,0.6,87.6,4.7,2.0,15.0,8.0,0.07509881422924902,0.0,4.146245059288532,-2.299999999999997,4.519762845849802,-2.6,1.0
2025,1022500159,2025-07-26,1611661313,New York Liberty,0,99,0.7391304347826086,87.43478260869566,8.173913043478262,0.7,86.3,4.4,1.0,17.0,6.0,1611661320,Los Angeles Sparks,1,101,0.4166666666666667,84.375,-2.4166666666666665,0.6,89.1,2.0,2.0,10.0,14.0,0.32246376811594196,0.09999999999999998,3.059782608695656,-2.799999999999997,10.590579710144928,2.4000000000000004,-1.0
2025,1022500185,2025-08-05,1611661313,New York Liberty,1,85,0.6428571428571429,86.92857142857143,5.785714285714286,0.6,87.4,3.8,2.0,18.0,10.0,1611661321,Dallas Wings,0,76,0.27586206896551724,82.06896551724138,-4.482758620689655,0.2,81.5,-7.9,4.0,8.0,21.0,0.36699507389162567,0.39999999999999997,4.85960591133005,5.900000000000006,10.26847290640394,11.7,-2.0
2025,1022500199,2025-08-10,1611661313,New York Liberty,0,71,0.6666666666666666,86.9,6.066666666666666,0.6,88.1,4.2,2.0,20.0,10.0,1611661324,Minnesota Lynx,1,83,0.8387096774193549,87.09677419354838,11.32258064516129,0.8,91.9,13.8,2.0,26.0,5.0,-0.17204301075268824,-0.20000000000000007,-0.19677419354837866,-3.8000000000000114,-5.255913978494624,-9.600000000000001,0.0
2025,1022500222,2025-08-19,1611661313,New York Liberty,1,85,0.6176470588235294,86.47058823529412,4.882352941176471,0.4,83.0,-2.0,3.0,21.0,13.0,1611661324,Minnesota Lynx,0,75,0.8484848484848485,86.93939393939394,11.181818181818182,0.9,91.6,14.9,3.0,28.0,5.0,-0.23083778966131907,-0.5,-0.4688057040998217,-8.599999999999994,-6.299465240641711,-16.9,0.0
2025,1022500229,2025-08-21,1611661313,New York Liberty,0,85,0.6285714285714286,86.42857142857143,5.0285714285714285,0.5,83.3,0.0,2.0,22.0,13.0,1611661329,Chicago Sky,1,91,0.23529411764705882,75.29411764705883,-10.970588235294118,0.1,71.9,-13.0,2.0,8.0,26.0,0.39327731092436974,0.4,11.134453781512605,11.399999999999991,15.999159663865546,13.0,0.0
2025,1022500241,2025-08-25,1611661313,New York Liberty,1,81,0.5945945945945946,85.72972972972973,4.162162162162162,0.5,82.5,0.1,2.0,22.0,15.0,1611661323,Connecticut Sun,0,79,0.25,75.72222222222223,-9.61111111111111,0.4,78.3,-2.6,2.0,9.0,27.0,0.3445945945945946,0.09999999999999998,10.007507507507498,4.200000000000003,13.773273273273272,2.7,0.0
2025,1022500247,2025-08-28,1611661313,New York Liberty,1,89,0.6052631578947368,85.60526315789474,4.105263157894737,0.5,81.9,-0.6,3.0,23.0,15.0,1611661322,Washington Mystics,0,63,0.42105263157894735,78.71052631578948,-2.236842105263158,0.3,78.5,-3.1,4.0,16.0,22.0,0.1842105263157895,0.2,6.89473684210526,3.4000000000000057,6.342105263157896,2.5,-1.0
2025,1022500277,2025-09-09,1611661313,New York Liberty,1,75,0.5952380952380952,84.45238095238095,3.9285714285714284,0.4,76.4,-1.3,4.0,25.0,17.0,1611661322,Washington Mystics,0,66,0.37209302325581395,77.3953488372093,-4.325581395348837,0.1,72.0,-12.6,2.0,16.0,27.0,0.22314507198228128,0.30000000000000004,7.057032115171651,4.400000000000006,8.254152823920265,11.299999999999999,2.0
2025,1022500025,2025-05-25,1611661317,Phoenix Mercury,1,68,0.6666666666666666,80.0,6.0,0.6666666666666666,80.0,6.0,2.0,2.0,1.0,1611661322,Washington Mystics,0,62,0.5,82.5,1.0,0.5,82.5,1.0,2.0,2.0,2.0,0.16666666666666663,0.16666666666666663,-2.5,-2.5,5.0,5.0,0.0
2025,1022500031,2025-05-27,1611661317,Phoenix Mercury,1,94,0.75,77.0,6.0,0.75,77.0,6.0,2.0,3.0,1.0,1611661329,Chicago Sky,0,89,0.0,70.0,-24.333333333333332,0.0,70.0,-24.333333333333332,2.0,0.0,3.0,0.75,0.75,7.0,7.0,30.333333333333332,30.333333333333332,0.0
2025,1022500038,2025-05-30,1611661317,Phoenix Mercury,0,71,0.8,80.4,5.8,0.8,80.4,5.8,3.0,4.0,1.0,1611661324,Minnesota Lynx,1,74,1.0,86.2,8.8,1.0,86.2,8.8,3.0,5.0,0.0,-0.19999999999999996,-0.19999999999999996,-5.799999999999997,-5.799999999999997,-3.000000000000001,-3.000000000000001,0.0
2025,1022500049,2025-06-05,1611661317,Phoenix Mercury,1,86,0.625,77.875,1.0,0.625,77.875,1.0,2.0,5.0,3.0,1611661331,Golden State Valkyries,0,77,0.3333333333333333,74.0,-8.333333333333334,0.3333333333333333,74.0,-8.333333333333334,4.0,2.0,4.0,0.2916666666666667,0.2916666666666667,3.875,3.875,9.333333333333334,9.333333333333334,-2.0
2025,1022500054,2025-06-07,1611661317,Phoenix Mercury,0,77,0.6666666666666666,78.77777777777777,1.8888888888888888,0.6666666666666666,78.77777777777777,1.8888888888888888,2.0,6.0,3.0,1611661328,Seattle Storm,1,89,0.5,79.25,0.25,0.5,79.25,0.25,4.0,4.0,4.0,0.16666666666666663,0.16666666666666663,-0.47222222222222854,-0.47222222222222854,1.6388888888888888,1.6388888888888888,-2.0
2025,1022500061,2025-06-11,1611661317,Phoenix Mercury,1,93,0.6,78.6,0.5,0.6,78.6,0.5,4.0,6.0,4.0,1611661321,Dallas Wings,0,80,0.1,81.6,-6.5,0.1,81.6,-6.5,3.0,1.0,9.0,0.5,0.5,-3.0,-3.0,7.0,7.0,1.0
2025,1022500101,2025-06-27,1611661317,Phoenix Mercury,1,106,0.7333333333333333,82.26666666666667,4.066666666666666,0.7,83.2,3.2,6.0,11.0,4.0,1611661313,New York Liberty,0,91,0.7857142857142857,87.78571428571429,10.5,0.7,85.3,7.8,2.0,11.0,3.0,-0.05238095238095242,0.0,-5.519047619047626,-2.0999999999999943,-6.433333333333334,-4.6,4.0
2025,1022500106,2025-06-29,1611661317,Phoenix Mercury,0,81,0.75,83.75,4.75,0.8,86.7,5.0,2.0,12.0,4.0,1611661319,Las Vegas Aces,1,84,0.4666666666666667,80.66666666666667,-1.4,0.4,79.2,-3.0,3.0,7.0,8.0,0.2833333333333333,0.4,3.0833333333333286,7.5,6.15,8.0,-1.0
2025,1022500120,2025-07-07,1611661317,Phoenix Mercury,1,102,0.6666666666666666,83.88888888888889,3.5555555555555554,0.7,88.7,5.6,4.0,12.0,6.0,1611661321,Dallas Wings,0,72,0.3157894736842105,82.36842105263158,-2.6842105263157894,0.5,81.4,-0.2,4.0,6.0,13.0,0.3508771929824561,0.19999999999999996,1.5204678362573105,7.299999999999997,6.239766081871345,5.8,0.0
2025,1022500125,2025-07-09,1611661317,Phoenix Mercury,1,79,0.6842105263157895,84.84210526315789,4.947368421052632,0.7,90.3,7.7,2.0,13.0,6.0,1611661324,Minnesota Lynx,0,71,0.8947368421052632,85.21052631578948,11.157894736842104,0.8,85.9,11.5,3.0,17.0,2.0,-0.21052631578947367,-0.10000000000000009,-0.3684210526315894,4.3999999999999915,-6.210526315789473,-3.8,-1.0
2025,1022500151,2025-07-23,1611661317,Phoenix Mercury,0,79,0.6818181818181818,83.4090909090909,4.090909090909091,0.7,88.0,6.6,7.0,15.0,7.0,1611661330,Atlanta Dream,1,90,0.5652173913043478,83.26086956521739,4.608695652173913,0.4,81.1,1.1,1.0,13.0,10.0,0.11660079051383399,0.29999999999999993,0.14822134387351582,6.900000000000006,-0.5177865612648223,5.5,6.0
2025,1022500188,2025-08-05,1611661317,Phoenix Mercury,1,82,0.6071428571428571,83.35714285714286,2.4642857142857144,0.5,82.4,0.5,2.0,17.0,11.0,1611661323,Connecticut Sun,0,66,0.18518518518518517,74.85185185185185,-12.185185185185185,0.3,81.3,-2.7,2.0,5.0,22.0,0.4219576719576719,0.2,8.505291005291014,1.1000000000000085,14.649470899470899,3.2,0.0
2025,1022500193,2025-08-07,1611661317,Phoenix Mercury,1,95,0.6206896551724138,83.3103448275862,2.9310344827586206,0.5,80.4,-0.9,2.0,18.0,11.0,1611661325,Indiana Fever,0,60,0.5666666666666667,85.26666666666667,3.8333333333333335,0.7,88.5,2.8,2.0,17.0,13.0,0.05402298850574716,-0.19999999999999996,-1.9563218390804593,-8.099999999999994,-0.9022988505747129,-3.6999999999999997,0.0
2025,1022500202,2025-08-10,1611661317,Phoenix Mercury,0,66,0.6333333333333333,83.7,4.0,0.5,82.0,1.8,3.0,19.0,11.0,1611661330,Atlanta Dream,1,74,0.6333333333333333,84.6,6.066666666666666,0.7,85.3,9.1,3.0,19.0,11.0,0.0,-0.19999999999999996,-0.8999999999999915,-3.299999999999997,-2.0666666666666664,-7.3,0.0
2025,1022500215,2025-08-15,1611661317,Phoenix Mercury,0,83,0.6129032258064516,83.12903225806451,3.6129032258064515,0.4,80.8,0.9,5.0,19.0,12.0,1611661319,Las Vegas Aces,1,86,0.5757575757575758,82.06060606060606,-0.6666666666666666,0.7,84.7,-0.5,2.0,19.0,14.0,0.03714565004887582,-0.29999999999999993,1.0684261974584501,-3.9000000000000057,4.279569892473118,1.4,3.0
2025,1022500234,2025-08-22,1611661317,Phoenix Mercury,1,81,0.6,82.97142857142858,2.7714285714285714,0.5,82.6,1.5,1.0,21.0,14.0,1611661331,Golden State Valkyries,0,72,0.5142857142857142,78.17142857142858,0.7428571428571429,0.6,76.8,2.1,3.0,18.0,17.0,0.08571428571428574,-0.09999999999999998,4.799999999999997,5.799999999999997,2.0285714285714285,-0.6000000000000001,-2.0
2025,1022500249,2025-08-28,1611661317,Phoenix Mercury,1,83,0.6216216216216216,83.16216216216216,3.081081081081081,0.7,82.6,6.1,2.0,23.0,14.0,1611661329,Chicago Sky,0,79,0.24324324324324326,75.91891891891892,-10.324324324324325,0.2,73.8,-10.0,3.0,9.0,28.0,0.37837837837837834,0.49999999999999994,7.243243243243242,8.799999999999997,13.405405405405405,16.1,-1.0
2025,1022500255,2025-08-30,1611661317,Phoenix Mercury,1,80,0.631578947368421,83.15789473684211,3.1052631578947367,0.7,82.6,4.9,2.0,24.0,14.0,1611661313,New York Liberty,0,63,0.6153846153846154,85.6923076923077,4.666666666666667,0.5,82.3,1.1,2.0,24.0,15.0,0.0161943319838056,0.19999999999999996,-2.5344129554655837,0.29999999999999716,-1.5614035087719302,3.8000000000000003,0.0
2025,1022500262,2025-09-02,1611661317,Phoenix Mercury,1,85,0.6410256410256411,83.07692307692308,3.4615384615384617,0.7,82.4,5.0,3.0,25.0,14.0,1611661325,Indiana Fever,0,79,0.525,84.525,2.35,0.4,82.3,-2.1,2.0,21.0,19.0,0.11602564102564106,0.29999999999999993,-1.4480769230769255,0.10000000000000853,1.1115384615384616,7.1,1.0
2025,1022500280,2025-09-09,1611661317,Phoenix Mercury,0,83,0.6428571428571429,82.95238095238095,3.4285714285714284,0.8,82.4,3.5,3.0,27.0,15.0,1611661320,Los Angeles Sparks,1,88,0.47619047619047616,85.85714285714286,-2.142857142857143,0.5,84.6,-2.3,2.0,20.0,22.0,0.16666666666666674,0.30000000000000004,-2.904761904761912,-2.1999999999999886,5.571428571428571,5.8,1.0
2025,1022500037,2025-05-30,1611661319,Las Vegas Aces,1,96,0.5,80.5,-1.5,0.5,80.5,-1.5,5.0,2.0,2.0,1611661320,Los Angeles Sparks,0,81,0.3333333333333333,81.83333333333333,-0.3333333333333333,0.3333333333333333,81.83333333333333,-0.3333333333333333,3.0,2.0,4.0,0.16666666666666669,0.16666666666666669,-1.3333333333333286,-1.3333333333333286,-1.1666666666666667,-1.1666666666666667,2.0
2025,1022500060,2025-06-11,1611661319,Las Vegas Aces,0,89,0.5714285714285714,80.14285714285714,-1.8571428571428572,0.5714285714285714,80.14285714285714,-1.8571428571428572,4.0,4.0,3.0,1611661320,Los Angeles Sparks,1,97,0.3,82.6,-1.6,0.3,82.6,-1.6,2.0,3.0,7.0,0.2714285714285714,0.2714285714285714,-2.4571428571428555,-2.4571428571428555,-0.2571428571428571,-0.2571428571428571,2.0
2025,1022500064,2025-06-13,1611661319,Las Vegas Aces,1,88,0.5,81.25,-2.625,0.5,81.25,-2.625,2.0,4.0,4.0,1611661321,Dallas Wings,0,84,0.09090909090909091,81.45454545454545,-7.090909090909091,0.1,81.2,-6.3,2.0,1.0,10.0,0.40909090909090906,0.4,-0.20454545454545325,0.04999999999999716,4.465909090909091,3.675,0.0
2025,1022500070,2025-06-15,1611661319,Las Vegas Aces,0,70,0.5555555555555556,82.0,-1.8888888888888888,0.5555555555555556,82.0,-1.8888888888888888,2.0,5.0,4.0,1611661317,Phoenix Mercury,1,76,0.6363636363636364,79.9090909090909,1.6363636363636365,0.6,79.8,-0.4,4.0,7.0,4.0,-0.08080808080808077,-0.0444444444444444,2.0909090909090935,2.200000000000003,-3.525252525252525,-1.488888888888889,-2.0
2025,1022500082,2025-06-20,1611661319,Las Vegas Aces,0,83,0.45454545454545453,79.0909090909091,-3.3636363636363638,0.5,79.2,-2.3,3.0,5.0,6.0,1611661328,Seattle Storm,1,90,0.5833333333333334,82.08333333333333,4.083333333333333,0.6,84.7,6.3,3.0,7.0,5.0,-0.12878787878787884,-0.09999999999999998,-2.992424242424235,-5.5,-7.446969696969697,-8.6,0.0
2025,1022500087,2025-06-22,1611661319,Las Vegas Aces,1,89,0.4166666666666667,79.41666666666667,-3.6666666666666665,0.4,78.8,-5.5,2.0,5.0,7.0,1611661325,Indiana Fever,0,81,0.5,83.41666666666667,5.5,0.5,81.8,3.2,3.0,6.0,6.0,-0.08333333333333331,-0.09999999999999998,-4.0,-3.0,-9.166666666666666,-8.7,-1.0
2025,1022500095,2025-06-25,1611661319,Las Vegas Aces,1,85,0.46153846153846156,80.15384615384616,-2.769230769230769,0.4,80.2,-5.0,3.0,6.0,7.0,1611661323,Connecticut Sun,0,59,0.14285714285714285,71.78571428571429,-15.785714285714286,0.2,73.3,-16.1,3.0,2.0,12.0,0.3186813186813187,0.2,8.368131868131869,6.900000000000006,13.016483516483518,11.100000000000001,0.0
2025,1022500097,2025-06-26,1611661319,Las Vegas Aces,0,83,0.5,80.5,-0.7142857142857143,0.5,80.5,-0.4,1.0,7.0,7.0,1611661322,Washington Mystics,1,94,0.4666666666666667,78.73333333333333,-1.2,0.5,78.9,-1.6,2.0,7.0,8.0,0.033333333333333326,0.0,1.7666666666666657,1.5999999999999943,0.48571428571428565,1.2000000000000002,-1.0
2025,1022500132,2025-07-12,1611661319,Las Vegas Aces,1,104,0.45,79.0,-1.9,0.4,77.2,-1.5,2.0,9.0,11.0,1611661331,Golden State Valkyries,0,102,0.5263157894736842,79.15789473684211,1.894736842105263,0.6,79.9,6.0,3.0,10.0,9.0,-0.07631578947368417,-0.19999999999999996,-0.15789473684210975,-2.700000000000003,-3.794736842105263,-7.5,-1.0
2025,1022500149,2025-07-22,1611661319,Las Vegas Aces,1,87,0.5,80.63636363636364,-1.4545454545454546,0.6,82.1,1.2,6.0,11.0,11.0,1611661330,Atlanta Dream,0,72,0.5909090909090909,83.77272727272727,5.5,0.5,83.1,2.7,6.0,13.0,9.0,-0.09090909090909094,0.09999999999999998,-3.136363636363626,-1.0,-6.954545454545455,-1.5000000000000002,0.0
2025,1022500179,2025-08-02,1611661319,Las Vegas Aces,0,58,0.5185185185185185,81.62962962962963,-0.6296296296296297,0.6,85.6,2.8,4.0,14.0,13.0,1611661324,Minnesota Lynx,1,111,0.8214285714285714,86.35714285714286,10.357142857142858,0.7,87.9,8.3,3.0,23.0,5.0,-0.3029100529100529,-0.09999999999999998,-4.727513227513228,-2.3000000000000114,-10.986772486772487,-5.500000000000001,1.0
2025,1022500183,2025-08-03,1611661319,Las Vegas Aces,1,101,0.5,80.78571428571429,-2.5,0.5,82.8,-4.3,1.0,14.0,14.0,1611661331,Golden State Valkyries,0,77,0.5185185185185185,78.11111111111111,0.48148148148148145,0.5,76.6,-1.3,2.0,14.0,13.0,-0.01851851851851849,0.0,2.6746031746031775,6.200000000000003,-2.9814814814814814,-3.0,-1.0
2025,1022500196,2025-08-08,1611661319,Las Vegas Aces,1,90,0.5333333333333333,81.36666666666666,-1.3333333333333333,0.7,86.1,-0.2,2.0,16.0,14.0,1611661328,Seattle Storm,0,86,0.5333333333333333,81.5,2.466666666666667,0.4,79.9,2.7,3.0,16.0,14.0,0.0,0.29999999999999993,-0.13333333333333997,6.199999999999989,-3.8,-2.9000000000000004,-1.0
2025,1022500203,2025-08-10,1611661319,Las Vegas Aces,1,94,0.5483870967741935,81.64516129032258,-1.1612903225806452,0.7,84.7,0.0,2.0,17.0,14.0,1611661323,Connecticut Sun,0,86,0.1724137931034483,75.10344827586206,-12.275862068965518,0.2,80.9,-4.6,3.0,5.0,24.0,0.3759733036707452,0.49999999999999994,6.5417130144605125,3.799999999999997,11.114571746384872,4.6,-1.0
2025,1022500209,2025-08-13,1611661319,Las Vegas Aces,1,83,0.5625,82.03125,-0.875,0.7,85.1,0.4,3.0,18.0,14.0,1611661313,New York Liberty,0,77,0.65625,86.96875,5.5625,0.5,86.1,0.3,1.0,21.0,11.0,-0.09375,0.19999999999999996,-4.9375,-1.0,-6.4375,0.10000000000000003,2.0
2025,1022500219,2025-08-17,1611661319,Las Vegas Aces,1,106,0.5882352941176471,82.17647058823529,-0.5588235294117647,0.8,86.3,0.8,2.0,20.0,14.0,1611661321,Dallas Wings,0,87,0.2647058823529412,82.0,-4.794117647058823,0.2,81.9,-7.2,2.0,9.0,25.0,0.3235294117647059,0.6000000000000001,0.17647058823528994,4.3999999999999915,4.235294117647059,8.0,0.0
2025,1022500225,2025-08-19,1611661319,Las Vegas Aces,1,74,0.6,82.85714285714286,0.0,0.9,89.1,5.8,2.0,21.0,14.0,1611661330,Atlanta Dream,0,72,0.6470588235294118,83.94117647058823,6.294117647058823,0.8,84.9,9.7,2.0,22.0,12.0,-0.04705882352941182,0.09999999999999998,-1.0840336134453707,4.199999999999989,-6.294117647058823,-3.8999999999999995,0.0
2025,1022500231,2025-08-21,1611661319,Las Vegas Aces,1,83,0.6111111111111112,82.61111111111111,0.05555555555555555,0.9,85.9,3.4,2.0,22.0,14.0,1611661317,Phoenix Mercury,0,61,0.6176470588235294,83.61764705882354,3.5,0.6,85.3,5.3,2.0,21.0,13.0,-0.006535947712418277,0.30000000000000004,-1.0065359477124218,0.6000000000000085,-3.4444444444444446,-1.9,0.0
2025,1022500267,2025-09-04,1611661319,Las Vegas Aces,1,97,0.65,82.7,1.125,1.0,86.7,8.5,8.0,26.0,14.0,1611661324,Minnesota Lynx,0,87,0.8,86.95,10.25,0.7,85.8,6.3,3.0,32.0,8.0,-0.15000000000000002,0.30000000000000004,-4.25,0.9000000000000057,-9.125,2.2,5.0
2025,1022500275,2025-09-07,1611661319,Las Vegas Aces,1,80,0.6585365853658537,83.04878048780488,1.3414634146341464,1.0,87.4,9.1,3.0,27.0,14.0,1611661329,Chicago Sky,0,66,0.24390243902439024,76.14634146341463,-9.560975609756097,0.2,77.1,-6.5,2.0,10.0,31.0,0.41463414634146345,0.8,6.902439024390247,10.300000000000011,10.902439024390244,15.6,1.0
2025,1022500279,2025-09-09,1611661319,Las Vegas Aces,1,92,0.6666666666666666,82.97619047619048,1.6428571428571428,1.0,86.0,9.7,2.0,28.0,14.0,1611661329,Chicago Sky,0,61,0.23809523809523808,75.9047619047619,-9.666666666666666,0.2,77.5,-7.0,2.0,10.0,32.0,0.42857142857142855,0.8,7.071428571428584,8.5,11.309523809523808,16.7,0.0
2025,1022500030,2025-05-27,1611661320,Los Angeles Sparks,0,82,0.4,81.8,0.8,0.4,81.8,0.8,2.0,2.0,3.0,1611661330,Atlanta Dream,1,88,0.6,83.8,4.8,0.6,83.8,4.8,2.0,3.0,2.0,-0.19999999999999996,-0.19999999999999996,-2.0,-2.0,-4.0,-4.0,0.0
2025,1022500042,2025-06-01,1611661320,Los Angeles Sparks,0,80,0.2857142857142857,81.71428571428571,-2.4285714285714284,0.2857142857142857,81.71428571428571,-2.4285714285714284,2.0,2.0,5.0,1611661317,Phoenix Mercury,1,85,0.6666666666666666,78.83333333333333,4.333333333333333,0.6666666666666666,78.83333333333333,4.333333333333333,2.0,4.0,2.0,-0.38095238095238093,-0.38095238095238093,2.8809523809523796,2.8809523809523796,-6.761904761904761,-6.761904761904761,0.0
2025,1022500057,2025-06-09,1611661320,Los Angeles Sparks,0,81,0.3333333333333333,82.77777777777777,-0.8888888888888888,0.3333333333333333,82.77777777777777,-0.8888888888888888,3.0,3.0,6.0,1611661331,Golden State Valkyries,1,89,0.375,77.0,-4.0,0.375,77.0,-4.0,2.0,3.0,5.0,-0.041666666666666685,-0.041666666666666685,5.7777777777777715,5.7777777777777715,3.111111111111111,3.111111111111111,1.0
2025,1022500076,2025-06-17,1611661320,Los Angeles Sparks,0,67,0.3333333333333333,83.41666666666667,-2.5833333333333335,0.3,84.2,-3.4,3.0,4.0,8.0,1611661328,Seattle Storm,1,98,0.5454545454545454,80.63636363636364,1.6363636363636365,0.6,82.8,4.0,3.0,6.0,5.0,-0.2121212121212121,-0.3,2.780303030303031,1.4000000000000057,-4.21969696969697,-7.4,0.0
2025,1022500105,2025-06-29,1611661320,Los Angeles Sparks,0,85,0.3125,81.5625,-4.9375,0.3,81.4,-7.7,3.0,5.0,11.0,1611661329,Chicago Sky,1,92,0.26666666666666666,77.93333333333334,-9.933333333333334,0.3,77.3,-7.6,2.0,4.0,11.0,0.04583333333333334,0.0,3.629166666666663,4.1000000000000085,4.995833333333334,-0.10000000000000053,1.0
2025,1022500127,2025-07-10,1611661320,Los Angeles Sparks,0,82,0.3157894736842105,82.0,-4.947368421052632,0.3,81.3,-8.6,5.0,6.0,13.0,1611661324,Minnesota Lynx,1,91,0.85,84.5,10.2,0.8,84.6,11.7,1.0,17.0,3.0,-0.5342105263157895,-0.5,-2.5,-3.299999999999997,-15.147368421052631,-20.299999999999997,4.0
2025,1022500135,2025-07-13,1611661320,Los Angeles Sparks,1,92,0.3,82.0,-5.15,0.3,81.4,-8.7,3.0,6.0,14.0,1611661323,Connecticut Sun,0,88,0.15,71.7,-16.2,0.1,72.1,-15.5,2.0,3.0,17.0,0.15,0.19999999999999998,10.299999999999997,9.300000000000011,11.049999999999999,6.800000000000001,1.0
2025,1022500140,2025-07-15,1611661320,Los Angeles Sparks,1,99,0.3333333333333333,82.47619047619048,-4.714285714285714,0.3,80.9,-9.1,2.0,7.0,14.0,1611661322,Washington Mystics,0,80,0.5238095238095238,78.38095238095238,-1.0952380952380953,0.7,79.4,0.8,2.0,11.0,10.0,-0.19047619047619052,-0.39999999999999997,4.095238095238102,1.5,-3.619047619047619,-9.9,0.0
2025,1022500169,2025-07-29,1611661320,Los Angeles Sparks,0,74,0.44,85.04,-2.24,0.7,90.6,3.3,3.0,11.0,14.0,1611661319,Las Vegas Aces,1,89,0.5,81.34615384615384,-1.2307692307692308,0.5,82.1,-1.4,2.0,13.0,13.0,-0.06,0.19999999999999996,3.6938461538461667,8.5,-1.0092307692307694,4.699999999999999,1.0
2025,1022500187,2025-08-05,1611661320,Los Angeles Sparks,1,100,0.4444444444444444,85.48148148148148,-2.5555555555555554,0.7,91.8,1.7,4.0,12.0,15.0,1611661325,Indiana Fever,0,91,0.5862068965517241,85.06896551724138,4.275862068965517,0.8,89.3,5.4,2.0,17.0,12.0,-0.14176245210727967,-0.10000000000000009,0.4125159642401002,2.5,-6.831417624521072,-3.7,2.0
2025,1022500192,2025-08-07,1611661320,Los Angeles Sparks,1,102,0.4642857142857143,86.0,-2.142857142857143,0.8,93.9,3.6,2.0,13.0,15.0,1611661323,Connecticut Sun,0,91,0.17857142857142858,74.53571428571429,-12.321428571428571,0.3,81.1,-2.5,2.0,5.0,23.0,0.2857142857142857,0.5,11.464285714285708,12.800000000000011,10.178571428571429,6.1,0.0
2025,1022500201,2025-08-10,1611661320,Los Angeles Sparks,1,94,0.4666666666666667,85.63333333333334,-2.066666666666667,0.8,92.9,4.1,1.0,14.0,16.0,1611661328,Seattle Storm,0,91,0.5161290322580645,81.64516129032258,2.2580645161290325,0.3,80.6,0.9,2.0,16.0,15.0,-0.04946236559139783,0.5,3.9881720430107634,12.300000000000011,-4.324731182795699,3.1999999999999997,-1.0
2025,1022500206,2025-08-12,1611661320,Los Angeles Sparks,0,97,0.4838709677419355,85.90322580645162,-1.903225806451613,0.8,93.1,4.0,2.0,15.0,16.0,1611661313,New York Liberty,1,105,0.6451612903225806,86.38709677419355,5.483870967741935,0.5,85.4,0.9,2.0,20.0,11.0,-0.16129032258064513,0.30000000000000004,-0.48387096774193594,7.699999999999989,-7.387096774193548,3.1,0.0
2025,1022500227,2025-08-20,1611661320,Los Angeles Sparks,1,81,0.47058823529411764,86.55882352941177,-2.2058823529411766,0.6,91.8,-1.7,3.0,16.0,18.0,1611661321,Dallas Wings,0,80,0.2571428571428571,82.14285714285714,-5.2,0.2,83.0,-8.1,3.0,9.0,26.0,0.21344537815126052,0.39999999999999997,4.415966386554629,8.799999999999997,2.9941176470588236,6.3999999999999995,0.0
2025,1022500244,2025-08-26,1611661320,Los Angeles Sparks,0,84,0.4857142857142857,86.4,-2.1142857142857143,0.6,89.8,-1.8,6.0,17.0,18.0,1611661317,Phoenix Mercury,1,92,0.6111111111111112,82.91666666666667,2.9444444444444446,0.6,80.6,3.0,4.0,22.0,14.0,-0.12539682539682545,0.0,3.4833333333333343,9.200000000000003,-5.0587301587301585,-4.8,2.0
2025,1022500251,2025-08-29,1611661320,Los Angeles Sparks,0,75,0.4722222222222222,86.33333333333333,-2.2777777777777777,0.6,90.8,-1.1,3.0,17.0,19.0,1611661325,Indiana Fever,1,76,0.5263157894736842,85.3157894736842,2.763157894736842,0.4,85.3,-1.5,3.0,20.0,18.0,-0.05409356725146197,0.19999999999999996,1.0175438596491233,5.5,-5.040935672514619,0.3999999999999999,0.0
2025,1022500256,2025-08-31,1611661320,Los Angeles Sparks,1,81,0.4594594594594595,86.02702702702703,-2.2432432432432434,0.5,87.5,-1.4,2.0,17.0,20.0,1611661322,Washington Mystics,0,78,0.4,77.9,-3.7,0.3,77.0,-7.6,1.0,16.0,24.0,0.05945945945945946,0.2,8.127027027027026,10.5,1.4567567567567568,6.199999999999999,1.0
2025,1022500274,2025-09-07,1611661320,Los Angeles Sparks,1,91,0.4634146341463415,85.73170731707317,-2.5365853658536586,0.4,85.2,-4.5,2.0,19.0,22.0,1611661321,Dallas Wings,0,77,0.21428571428571427,81.42857142857143,-6.761904761904762,0.1,80.9,-12.1,3.0,9.0,33.0,0.2491289198606272,0.30000000000000004,4.303135888501743,4.299999999999997,4.225319396051104,7.6,-1.0
2025,1022500286,2025-09-11,1611661320,Los Angeles Sparks,0,75,0.4883720930232558,85.90697674418605,-1.9767441860465116,0.5,83.7,-1.9,2.0,21.0,22.0,1611661319,Las Vegas Aces,1,103,0.6744186046511628,83.18604651162791,2.3255813953488373,1.0,86.9,12.2,2.0,29.0,14.0,-0.18604651162790697,-0.5,2.720930232558146,-3.200000000000003,-4.302325581395349,-14.1,0.0
2025,1022500040,2025-05-31,1611661321,Dallas Wings,0,83,0.16666666666666666,85.33333333333333,-3.0,0.16666666666666666,85.33333333333333,-3.0,2.0,1.0,5.0,1611661329,Chicago Sky,1,94,0.2,79.2,-14.6,0.2,79.2,-14.6,2.0,1.0,4.0,-0.033333333333333354,-0.033333333333333354,6.133333333333326,6.133333333333326,11.6,11.6,0.0
2025,1022500051,2025-06-06,1611661321,Dallas Wings,0,79,0.125,84.0,-4.375,0.125,84.0,-4.375,3.0,1.0,7.0,1611661320,Los Angeles Sparks,1,93,0.25,81.5,-2.75,0.25,81.5,-2.75,5.0,2.0,6.0,-0.125,-0.125,2.5,2.5,-1.625,-1.625,-2.0
2025,1022500056,2025-06-08,1611661321,Dallas Wings,0,65,0.1111111111111111,83.44444444444444,-5.444444444444445,0.1111111111111111,83.44444444444444,-5.444444444444445,2.0,1.0,8.0,1611661324,Minnesota Lynx,1,81,1.0,84.875,10.125,1.0,84.875,10.125,5.0,8.0,0.0,-0.8888888888888888,-0.8888888888888888,-1.4305555555555571,-1.4305555555555571,-15.569444444444445,-15.569444444444445,-3.0
2025,1022500074,2025-06-17,1611661321,Dallas Wings,1,80,0.08333333333333333,81.66666666666667,-6.833333333333333,0.1,82.5,-5.9,4.0,1.0,11.0,1611661331,Golden State Valkyries,0,71,0.5,78.1,-1.8,0.5,78.1,-1.8,3.0,5.0,5.0,-0.4166666666666667,-0.4,3.566666666666677,4.400000000000006,-5.033333333333333,-4.1000000000000005,1.0
2025,1022500092,2025-06-24,1611661321,Dallas Wings,1,68,0.2,82.26666666666667,-4.866666666666666,0.2,81.4,-6.0,2.0,3.0,12.0,1611661330,Atlanta Dream,0,55,0.7142857142857143,85.5,7.714285714285714,0.8,85.7,10.8,2.0,10.0,4.0,-0.5142857142857142,-0.6000000000000001,-3.2333333333333343,-4.299999999999997,-12.58095238095238,-16.8,0.0
2025,1022500099,2025-06-27,1611661321,Dallas Wings,0,86,0.25,81.375,-3.75,0.3,79.0,-4.2,3.0,4.0,12.0,1611661325,Indiana Fever,1,94,0.4666666666666667,83.4,3.7333333333333334,0.5,82.2,2.5,1.0,7.0,8.0,-0.21666666666666667,-0.2,-2.0250000000000057,-3.200000000000003,-7.483333333333333,-6.7,2.0
2025,1022500103,2025-06-28,1611661321,Dallas Wings,1,79,0.23529411764705882,81.6470588235294,-4.0,0.3,79.3,-3.9,1.0,4.0,13.0,1611661322,Washington Mystics,0,71,0.5,79.6875,-0.4375,0.5,80.0,-1.1,2.0,8.0,8.0,-0.2647058823529412,-0.2,1.959558823529406,-0.7000000000000028,-3.5625,-2.8,-1.0
2025,1022500112,2025-07-03,1611661321,Dallas Wings,1,98,0.2777777777777778,81.5,-3.3333333333333335,0.4,79.5,-2.5,5.0,5.0,13.0,1611661317,Phoenix Mercury,0,89,0.7058823529411765,83.58823529411765,4.294117647058823,0.7,86.3,4.2,4.0,12.0,5.0,-0.4281045751633987,-0.29999999999999993,-2.088235294117652,-6.799999999999997,-7.627450980392156,-6.7,1.0
2025,1022500145,2025-07-16,1611661321,Dallas Wings,0,86,0.2727272727272727,81.63636363636364,-5.045454545454546,0.5,81.6,-2.9,3.0,6.0,16.0,1611661319,Las Vegas Aces,1,90,0.47619047619047616,80.19047619047619,-1.7142857142857142,0.5,81.4,0.1,4.0,10.0,11.0,-0.20346320346320346,0.0,1.4458874458874504,0.19999999999998863,-3.3311688311688314,-3.0,-1.0
2025,1022500162,2025-07-27,1611661321,Dallas Wings,0,80,0.28,81.8,-4.04,0.4,81.1,-2.8,2.0,7.0,18.0,1611661319,Las Vegas Aces,1,106,0.48,80.36,-2.32,0.5,79.9,-3.7,2.0,12.0,13.0,-0.19999999999999996,-0.09999999999999998,1.4399999999999977,1.1999999999999886,-1.7200000000000002,0.9000000000000004,0.0
2025,1022500166,2025-07-28,1611661321,Dallas Wings,1,92,0.2692307692307692,81.73076923076923,-4.884615384615385,0.3,82.3,-6.7,1.0,7.0,19.0,1611661313,New York Liberty,0,82,0.7083333333333334,87.91666666666667,7.75,0.6,88.1,3.9,2.0,17.0,7.0,-0.43910256410256415,-0.3,-6.185897435897445,-5.799999999999997,-12.634615384615385,-10.6,-1.0
2025,1022500171,2025-07-30,1611661321,Dallas Wings,0,85,0.2962962962962963,82.11111111111111,-4.333333333333333,0.4,82.9,-4.9,2.0,8.0,19.0,1611661330,Atlanta Dream,1,88,0.5769230769230769,83.46153846153847,4.576923076923077,0.5,82.6,2.8,1.0,15.0,11.0,-0.2806267806267806,-0.09999999999999998,-1.3504273504273527,0.30000000000001137,-8.910256410256409,-7.7,1.0
2025,1022500177,2025-08-01,1611661321,Dallas Wings,0,78,0.2857142857142857,82.21428571428571,-4.285714285714286,0.3,83.5,-6.0,2.0,8.0,20.0,1611661325,Indiana Fever,1,88,0.5555555555555556,85.22222222222223,4.074074074074074,0.6,87.5,1.9,2.0,15.0,12.0,-0.2698412698412699,-0.3,-3.0079365079365203,-4.0,-8.35978835978836,-7.9,0.0
2025,1022500194,2025-08-08,1611661321,Dallas Wings,0,77,0.26666666666666666,81.86666666666666,-4.633333333333334,0.2,81.9,-5.8,3.0,8.0,22.0,1611661313,New York Liberty,1,88,0.6551724137931034,86.86206896551724,5.896551724137931,0.6,87.2,3.8,3.0,19.0,10.0,-0.38850574712643676,-0.39999999999999997,-4.995402298850578,-5.299999999999997,-10.529885057471265,-9.6,0.0
2025,1022500200,2025-08-10,1611661321,Dallas Wings,0,78,0.25806451612903225,81.70967741935483,-4.838709677419355,0.2,82.0,-5.8,2.0,8.0,23.0,1611661322,Washington Mystics,1,91,0.43333333333333335,78.2,-2.4,0.3,77.4,-4.4,2.0,13.0,17.0,-0.1752688172043011,-0.09999999999999998,3.50967741935483,4.599999999999994,-2.438709677419355,-1.3999999999999995,0.0
2025,1022500213,2025-08-15,1611661321,Dallas Wings,0,96,0.2727272727272727,81.57575757575758,-4.909090909090909,0.3,81.0,-4.7,3.0,9.0,24.0,1611661320,Los Angeles Sparks,1,97,0.46875,86.25,-2.09375,0.7,92.9,1.3,3.0,15.0,17.0,-0.1960227272727273,-0.39999999999999997,-4.674242424242422,-11.900000000000006,-2.815340909090909,-6.0,0.0
2025,1022500233,2025-08-22,1611661321,Dallas Wings,0,60,0.25,82.08333333333333,-5.083333333333333,0.2,83.0,-5.6,2.0,9.0,27.0,1611661328,Seattle Storm,1,95,0.5,82.02777777777777,1.7222222222222223,0.3,87.6,-0.6,3.0,18.0,18.0,-0.25,-0.09999999999999998,0.055555555555557135,-4.599999999999994,-6.805555555555555,-5.0,-1.0
2025,1022500239,2025-08-24,1611661321,Dallas Wings,0,81,0.24324324324324326,81.48648648648648,-5.891891891891892,0.1,79.8,-10.1,2.0,9.0,28.0,1611661331,Golden State Valkyries,1,90,0.5,78.0,0.4722222222222222,0.5,77.2,1.1,2.0,18.0,18.0,-0.25675675675675674,-0.4,3.486486486486484,2.5999999999999943,-6.364114114114114,-11.2,0.0
2025,1022500246,2025-08-27,1611661321,Dallas Wings,0,95,0.23684210526315788,81.47368421052632,-5.973684210526316,0.1,79.4,-10.7,3.0,9.0,29.0,1611661323,Connecticut Sun,1,101,0.24324324324324326,75.8108108108108,-9.405405405405405,0.4,78.4,-1.9,2.0,9.0,28.0,-0.006401137980085375,-0.30000000000000004,5.662873399715508,1.0,3.4317211948790893,-8.799999999999999,1.0
2025,1022500284,2025-09-11,1611661321,Dallas Wings,1,97,0.20930232558139536,81.32558139534883,-6.930232558139535,0.0,80.5,-13.6,4.0,9.0,34.0,1611661317,Phoenix Mercury,0,76,0.627906976744186,82.95348837209302,3.2325581395348837,0.7,82.2,2.7,2.0,27.0,16.0,-0.41860465116279066,-0.7,-1.6279069767441854,-1.7000000000000028,-10.162790697674419,-16.3,2.0
2025,1022500032,2025-05-28,1611661322,Washington Mystics,1,83,0.4,78.4,-0.4,0.4,78.4,-0.4,3.0,2.0,3.0,1611661325,Indiana Fever,0,77,0.5,88.0,9.25,0.5,88.0,9.25,4.0,2.0,2.0,-0.09999999999999998,-0.09999999999999998,-9.599999999999994,-9.599999999999994,-9.65,-9.65,-1.0
2025,1022500036,2025-05-30,1611661322,Washington Mystics,0,63,0.5,79.16666666666667,0.6666666666666666,0.5,79.16666666666667,0.6666666666666666,2.0,3.0,3.0,1611661313,New York Liberty,1,85,1.0,91.6,14.8,1.0,91.6,14.8,1.0,5.0,0.0,-0.5,-0.5,-12.433333333333323,-12.433333333333323,-14.133333333333335,-14.133333333333335,1.0
2025,1022500048,2025-06-05,1611661322,Washington Mystics,0,78,0.375,76.75,-3.375,0.375,76.75,-3.375,2.0,3.0,5.0,1611661313,New York Liberty,1,86,1.0,91.85714285714286,20.571428571428573,1.0,91.85714285714286,20.571428571428573,4.0,7.0,0.0,-0.625,-0.625,-15.107142857142861,-15.107142857142861,-23.946428571428573,-23.946428571428573,-2.0
2025,1022500055,2025-06-08,1611661322,Washington Mystics,1,104,0.3333333333333333,76.88888888888889,-3.888888888888889,0.3333333333333333,76.88888888888889,-3.888888888888889,3.0,3.0,6.0,1611661323,Connecticut Sun,0,67,0.25,72.5,-15.0,0.25,72.5,-15.0,2.0,2.0,6.0,0.08333333333333331,0.08333333333333331,4.388888888888886,4.388888888888886,11.11111111111111,11.11111111111111,1.0
2025,1022500069,2025-06-15,1611661322,Washington Mystics,0,56,0.4,79.6,0.2,0.4,79.6,0.2,7.0,4.0,6.0,1611661330,Atlanta Dream,1,89,0.7,84.2,6.6,0.7,84.2,6.6,2.0,7.0,3.0,-0.29999999999999993,-0.29999999999999993,-4.6000000000000085,-4.6000000000000085,-6.3999999999999995,-6.3999999999999995,5.0
2025,1022500086,2025-06-22,1611661322,Washington Mystics,1,91,0.38461538461538464,78.61538461538461,-1.9230769230769231,0.3,76.4,-3.2,2.0,5.0,8.0,1611661321,Dallas Wings,0,88,0.21428571428571427,81.85714285714286,-5.0,0.3,83.5,-3.5,2.0,3.0,11.0,0.17032967032967036,0.0,-3.241758241758248,-7.099999999999994,3.0769230769230766,0.2999999999999998,0.0
2025,1022500090,2025-06-24,1611661322,Washington Mystics,1,68,0.42857142857142855,79.5,-1.5714285714285714,0.4,78.3,-2.6,2.0,6.0,8.0,1611661324,Minnesota Lynx,0,64,0.9230769230769231,84.84615384615384,10.76923076923077,0.9,83.0,10.7,3.0,12.0,1.0,-0.4945054945054946,-0.5,-5.34615384615384,-4.700000000000003,-12.340659340659341,-13.299999999999999,-1.0
2025,1022500121,2025-07-08,1611661322,Washington Mystics,1,81,0.4444444444444444,78.94444444444444,-1.7777777777777777,0.5,80.7,-0.5,5.0,8.0,10.0,1611661329,Chicago Sky,0,79,0.29411764705882354,78.58823529411765,-8.647058823529411,0.3,79.4,-5.8,2.0,5.0,12.0,0.15032679738562088,0.2,0.3562091503267908,1.2999999999999972,6.869281045751634,5.3,3.0
2025,1022500128,2025-07-10,1611661322,Washington Mystics,1,70,0.47368421052631576,79.05263157894737,-1.5789473684210527,0.6,81.0,0.5,2.0,9.0,10.0,1611661319,Las Vegas Aces,0,68,0.47368421052631576,79.57894736842105,-1.894736842105263,0.4,77.4,-1.9,2.0,9.0,10.0,0.0,0.19999999999999996,-0.526315789473685,3.5999999999999943,0.3157894736842104,2.4,0.0
2025,1022500146,2025-07-22,1611661322,Washington Mystics,0,86,0.5,78.45454545454545,-1.9090909090909092,0.6,79.5,-1.8,7.0,11.0,11.0,1611661320,Los Angeles Sparks,1,93,0.36363636363636365,83.22727272727273,-3.6363636363636362,0.4,83.0,-4.9,7.0,8.0,14.0,0.13636363636363635,0.19999999999999996,-4.7727272727272805,-3.5,1.727272727272727,3.1000000000000005,0.0
2025,1022500160,2025-07-26,1611661322,Washington Mystics,1,69,0.4782608695652174,78.78260869565217,-2.130434782608696,0.6,79.0,-2.4,4.0,11.0,12.0,1611661328,Seattle Storm,0,58,0.6,80.76,3.16,0.6,76.9,2.1,2.0,15.0,10.0,-0.12173913043478257,0.0,-1.977391304347833,2.0999999999999943,-5.2904347826086955,-4.5,2.0
2025,1022500163,2025-07-27,1611661322,Washington Mystics,0,72,0.5,78.375,-1.5833333333333333,0.6,76.8,-1.6,1.0,12.0,12.0,1611661317,Phoenix Mercury,1,88,0.625,82.91666666666667,2.75,0.5,86.3,2.6,2.0,15.0,9.0,-0.125,0.09999999999999998,-4.541666666666671,-9.5,-4.333333333333333,-4.2,-1.0
2025,1022500168,2025-07-29,1611661322,Washington Mystics,1,103,0.48,78.12,-2.16,0.5,77.2,-3.6,2.0,12.0,13.0,1611661329,Chicago Sky,0,86,0.28,76.76,-10.32,0.3,75.0,-10.9,2.0,7.0,18.0,0.19999999999999996,0.2,1.3599999999999994,2.200000000000003,8.16,7.300000000000001,0.0
2025,1022500173,2025-07-31,1611661322,Washington Mystics,0,67,0.5,79.07692307692308,-1.4230769230769231,0.5,78.1,-3.0,2.0,13.0,13.0,1611661331,Golden State Valkyries,1,68,0.48,78.72,0.2,0.4,78.0,-0.5,2.0,12.0,13.0,0.020000000000000018,0.09999999999999998,0.35692307692308134,0.09999999999999432,-1.623076923076923,-2.5,0.0
2025,1022500208,2025-08-13,1611661322,Washington Mystics,0,83,0.45161290322580644,78.61290322580645,-1.903225806451613,0.3,79.1,-3.6,3.0,14.0,17.0,1611661331,Golden State Valkyries,1,88,0.5161290322580645,77.54838709677419,0.41935483870967744,0.6,72.1,-2.0,2.0,16.0,15.0,-0.06451612903225806,-0.3,1.0645161290322562,7.0,-2.3225806451612905,-1.6,1.0
2025,1022500217,2025-08-17,1611661322,Washington Mystics,1,95,0.45454545454545453,79.03030303030303,-1.8181818181818181,0.4,79.6,-1.1,2.0,15.0,18.0,1611661320,Los Angeles Sparks,0,86,0.48484848484848486,86.57575757575758,-2.0,0.7,93.3,0.7,2.0,16.0,17.0,-0.03030303030303033,-0.29999999999999993,-7.545454545454547,-13.700000000000003,0.18181818181818188,-1.8,0.0
2025,1022500223,2025-08-19,1611661322,Washington Mystics,0,69,0.47058823529411764,79.5,-1.5,0.4,82.2,-1.3,2.0,16.0,18.0,1611661323,Connecticut Sun,1,80,0.18181818181818182,75.3030303030303,-11.454545454545455,0.3,80.0,-2.7,2.0,6.0,27.0,0.2887700534759358,0.10000000000000003,4.196969696969703,2.200000000000003,9.954545454545455,1.4000000000000001,0.0
2025,1022500236,2025-08-23,1611661322,Washington Mystics,0,81,0.4444444444444444,78.55555555555556,-2.0277777777777777,0.3,77.2,-3.6,2.0,16.0,20.0,1611661319,Las Vegas Aces,1,91,0.6216216216216216,82.62162162162163,0.6486486486486487,0.9,85.3,4.1,2.0,23.0,14.0,-0.17717717717717718,-0.6000000000000001,-4.066066066066071,-8.099999999999994,-2.6764264264264264,-7.699999999999999,0.0
2025,1022500238,2025-08-24,1611661322,Washington Mystics,0,82,0.43243243243243246,78.62162162162163,-2.2432432432432434,0.3,78.6,-4.5,1.0,16.0,21.0,1611661328,Seattle Storm,1,84,0.5135135135135135,82.37837837837837,2.6216216216216215,0.3,87.0,1.3,2.0,19.0,18.0,-0.08108108108108103,0.0,-3.7567567567567437,-8.400000000000006,-4.864864864864865,-5.8,-1.0
2025,1022500265,2025-09-04,1611661322,Washington Mystics,0,69,0.3902439024390244,77.90243902439025,-3.682926829268293,0.2,75.7,-9.2,4.0,16.0,25.0,1611661317,Phoenix Mercury,1,75,0.65,83.125,3.525,0.7,81.4,2.1,2.0,26.0,14.0,-0.2597560975609756,-0.49999999999999994,-5.222560975609753,-5.700000000000003,-7.207926829268293,-11.299999999999999,2.0
2025,1022500273,2025-09-07,1611661322,Washington Mystics,0,65,0.38095238095238093,77.69047619047619,-3.738095238095238,0.2,74.3,-9.3,3.0,16.0,26.0,1611661325,Indiana Fever,1,94,0.5238095238095238,84.69047619047619,2.5714285714285716,0.4,84.7,0.6,2.0,22.0,20.0,-0.1428571428571429,-0.2,-7.0,-10.400000000000006,-6.30952380952381,-9.9,1.0
2025,1022500027,2025-05-27,1611661323,Connecticut Sun,0,87,0.0,68.0,-15.0,0.0,68.0,-15.0,2.0,0.0,4.0,1611661321,Dallas Wings,1,109,0.0,77.75,-8.75,0.0,77.75,-8.75,3.0,0.0,4.0,0.0,0.0,-9.75,-9.75,-6.25,-6.25,-1.0
2025,1022500050,2025-06-06,1611661323,Connecticut Sun,1,84,0.14285714285714285,70.85714285714286,-18.285714285714285,0.14285714285714285,70.85714285714286,-18.285714285714285,5.0,1.0,6.0,1611661330,Atlanta Dream,0,76,0.7142857142857143,85.85714285714286,5.285714285714286,0.7142857142857143,85.85714285714286,5.285714285714286,7.0,5.0,2.0,-0.5714285714285714,-0.5714285714285714,-15.0,-15.0,-23.57142857142857,-23.57142857142857,-2.0
2025,1022500068,2025-06-15,1611661323,Connecticut Sun,0,66,0.2222222222222222,71.88888888888889,-17.444444444444443,0.2222222222222222,71.88888888888889,-17.444444444444443,7.0,2.0,7.0,1611661329,Chicago Sky,1,78,0.2222222222222222,75.33333333333333,-14.0,0.2222222222222222,75.33333333333333,-14.0,2.0,2.0,7.0,0.0,0.0,-3.444444444444443,-3.444444444444443,-3.444444444444443,-3.444444444444443,5.0
2025,1022500077,2025-06-18,1611661323,Connecticut Sun,0,75,0.18181818181818182,71.27272727272727,-16.90909090909091,0.2,69.9,-18.1,1.0,2.0,9.0,1611661317,Phoenix Mercury,1,83,0.6666666666666666,79.58333333333333,2.0,0.6,78.5,-0.1,3.0,8.0,4.0,-0.4848484848484848,-0.39999999999999997,-8.310606060606062,-8.599999999999994,-18.90909090909091,-18.0,-2.0
2025,1022500081,2025-06-20,1611661323,Connecticut Sun,0,83,0.16666666666666666,71.58333333333333,-16.166666666666668,0.2,71.2,-16.4,2.0,2.0,10.0,1611661321,Dallas Wings,1,86,0.15384615384615385,81.53846153846153,-5.615384615384615,0.2,82.4,-4.6,3.0,2.0,11.0,0.012820512820512803,0.0,-9.955128205128204,-11.200000000000003,-10.551282051282053,-11.799999999999999,-1.0
2025,1022500116,2025-07-06,1611661323,Connecticut Sun,0,68,0.11764705882352941,71.05882352941177,-17.764705882352942,0.1,71.2,-17.4,7.0,2.0,15.0,1611661319,Las Vegas Aces,1,86,0.47058823529411764,79.29411764705883,-2.6470588235294117,0.4,78.7,-3.2,3.0,8.0,9.0,-0.3529411764705882,-0.30000000000000004,-8.235294117647058,-7.5,-15.11764705882353,-14.2,4.0
2025,1022500123,2025-07-09,1611661323,Connecticut Sun,1,93,0.1111111111111111,70.88888888888889,-17.77777777777778,0.0,69.6,-20.0,3.0,2.0,16.0,1611661328,Seattle Storm,0,83,0.631578947368421,82.26315789473684,3.0,0.7,84.0,4.3,3.0,12.0,7.0,-0.5204678362573099,-0.7,-11.37426900584795,-14.400000000000006,-20.77777777777778,-24.3,0.0
2025,1022500139,2025-07-15,1611661323,Connecticut Sun,0,77,0.14285714285714285,72.47619047619048,-15.619047619047619,0.1,73.8,-14.2,2.0,3.0,18.0,1611661325,Indiana Fever,1,85,0.5238095238095238,84.52380952380952,5.0476190476190474,0.5,85.1,2.9,2.0,11.0,10.0,-0.380952380952381,-0.4,-12.047619047619037,-11.299999999999997,-20.666666666666664,-17.099999999999998,0.0
2025,1022500152,2025-07-24,1611661323,Connecticut Sun,0,86,0.13636363636363635,72.68181818181819,-15.272727272727273,0.1,74.0,-14.2,9.0,3.0,19.0,1611661320,Los Angeles Sparks,1,101,0.391304347826087,83.65217391304348,-3.1739130434782608,0.5,85.6,-1.1,2.0,9.0,14.0,-0.2549407114624506,-0.4,-10.970355731225297,-11.599999999999994,-12.098814229249012,-13.1,7.0
2025,1022500161,2025-07-27,1611661323,Connecticut Sun,1,95,0.13043478260869565,73.26086956521739,-15.26086956521739,0.1,74.3,-15.4,3.0,3.0,20.0,1611661331,Golden State Valkyries,0,64,0.4782608695652174,79.43478260869566,1.4782608695652173,0.4,80.0,2.6,2.0,11.0,12.0,-0.34782608695652173,-0.30000000000000004,-6.173913043478265,-5.700000000000003,-16.73913043478261,-18.0,1.0
2025,1022500165,2025-07-28,1611661323,Connecticut Sun,0,85,0.16666666666666666,74.16666666666667,-13.333333333333334,0.2,77.5,-9.9,1.0,4.0,20.0,1611661328,Seattle Storm,1,101,0.5769230769230769,79.88461538461539,2.6153846153846154,0.5,73.0,-0.6,2.0,15.0,11.0,-0.41025641025641024,-0.3,-5.717948717948715,4.5,-15.948717948717949,-9.3,-1.0
2025,1022500175,2025-08-01,1611661323,Connecticut Sun,1,78,0.16,74.6,-13.44,0.2,80.1,-8.9,4.0,4.0,21.0,1611661313,New York Liberty,0,62,0.6538461538461539,87.88461538461539,6.5,0.6,88.4,4.6,2.0,17.0,9.0,-0.4938461538461538,-0.39999999999999997,-13.284615384615392,-8.300000000000011,-19.939999999999998,-13.5,2.0
2025,1022500181,2025-08-03,1611661323,Connecticut Sun,0,78,0.19230769230769232,74.73076923076923,-12.307692307692308,0.3,79.8,-5.7,2.0,5.0,21.0,1611661313,New York Liberty,1,87,0.6296296296296297,86.92592592592592,5.666666666666667,0.5,85.7,2.0,2.0,17.0,10.0,-0.43732193732193736,-0.2,-12.195156695156697,-5.900000000000006,-17.974358974358974,-7.7,0.0
2025,1022500207,2025-08-13,1611661323,Connecticut Sun,1,71,0.16129032258064516,74.87096774193549,-12.290322580645162,0.2,79.9,-5.3,2.0,5.0,26.0,1611661329,Chicago Sky,0,62,0.25806451612903225,75.83870967741936,-10.548387096774194,0.1,68.4,-18.2,4.0,8.0,23.0,-0.0967741935483871,0.1,-0.9677419354838719,11.5,-1.741935483870968,12.899999999999999,-2.0
2025,1022500218,2025-08-17,1611661323,Connecticut Sun,0,93,0.1875,74.75,-11.625,0.3,79.3,-3.6,4.0,6.0,26.0,1611661325,Indiana Fever,1,99,0.5294117647058824,84.52941176470588,2.8529411764705883,0.6,85.3,1.8,2.0,18.0,16.0,-0.34191176470588236,-0.3,-9.779411764705884,-6.0,-14.477941176470589,-5.4,2.0
2025,1022500228,2025-08-21,1611661323,Connecticut Sun,1,67,0.20588235294117646,75.44117647058823,-10.794117647058824,0.3,78.5,-4.7,2.0,7.0,27.0,1611661322,Washington Mystics,0,56,0.45714285714285713,79.2,-1.7714285714285714,0.4,81.9,-0.8,2.0,16.0,19.0,-0.25126050420168067,-0.10000000000000003,-3.758823529411771,-3.4000000000000057,-9.022689075630254,-3.9000000000000004,0.0
2025,1022500252,2025-08-30,1611661323,Connecticut Sun,0,70,0.2631578947368421,76.47368421052632,-9.0,0.5,81.9,0.3,3.0,10.0,28.0,1611661324,Minnesota Lynx,1,94,0.7894736842105263,86.52631578947368,9.5,0.7,87.0,7.1,2.0,30.0,8.0,-0.5263157894736843,-0.19999999999999996,-10.05263157894737,-5.099999999999994,-18.5,-6.8,1.0
2025,1022500258,2025-09-01,1611661323,Connecticut Sun,0,76,0.2564102564102564,76.3076923076923,-9.384615384615385,0.5,79.8,-1.0,2.0,10.0,29.0,1611661330,Atlanta Dream,1,93,0.6410256410256411,83.43589743589743,6.3076923076923075,0.7,80.2,8.5,3.0,25.0,14.0,-0.3846153846153847,-0.19999999999999996,-7.128205128205124,-0.4000000000000057,-15.692307692307693,-9.5,-1.0
2025,1022500271,2025-09-06,1611661323,Connecticut Sun,1,87,0.24390243902439024,76.0,-9.926829268292684,0.5,79.5,-2.6,3.0,10.0,31.0,1611661317,Phoenix Mercury,0,84,0.6585365853658537,82.92682926829268,3.5853658536585367,0.8,82.3,3.5,2.0,27.0,14.0,-0.41463414634146345,-0.30000000000000004,-6.926829268292678,-2.799999999999997,-13.51219512195122,-6.1,1.0
2025,1022500282,2025-09-10,1611661323,Connecticut Sun,0,72,0.2558139534883721,75.93023255813954,-9.976744186046512,0.5,78.0,-5.1,2.0,11.0,32.0,1611661330,Atlanta Dream,1,88,0.6744186046511628,84.27906976744185,7.395348837209302,0.8,84.9,12.0,2.0,29.0,14.0,-0.41860465116279066,-0.30000000000000004,-8.348837209302317,-6.900000000000006,-17.372093023255815,-17.1,0.0
2025,1022500029,2025-05-27,1611661324,Minnesota Lynx,1,82,1.0,87.25,9.75,1.0,87.25,9.75,4.0,4.0,0.0,1611661328,Seattle Storm,0,77,0.75,79.25,3.25,0.75,79.25,3.25,2.0,3.0,1.0,0.25,0.25,8.0,8.0,6.5,6.5,2.0
2025,1022500046,2025-06-03,1611661324,Minnesota Lynx,1,88,1.0,84.42857142857143,8.285714285714286,1.0,84.42857142857143,8.285714285714286,2.0,7.0,0.0,1611661317,Phoenix Mercury,0,65,0.7142857142857143,79.71428571428571,4.428571428571429,0.7142857142857143,79.71428571428571,4.428571428571429,2.0,5.0,2.0,0.2857142857142857,0.2857142857142857,4.714285714285722,4.714285714285722,3.8571428571428577,3.8571428571428577,0.0
2025,1022500065,2025-06-14,1611661324,Minnesota Lynx,1,101,0.9,84.4,8.7,0.9,84.4,8.7,3.0,9.0,1.0,1611661320,Los Angeles Sparks,0,78,0.36363636363636365,83.9090909090909,-0.7272727272727273,0.3,83.9,-2.5,3.0,4.0,7.0,0.5363636363636364,0.6000000000000001,0.4909090909090992,0.5,9.427272727272726,11.2,0.0
2025,1022500075,2025-06-17,1611661324,Minnesota Lynx,1,76,0.9090909090909091,85.9090909090909,10.0,0.9,84.6,9.5,3.0,10.0,1.0,1611661319,Las Vegas Aces,0,62,0.5,80.8,-2.3,0.5,80.8,-2.3,2.0,5.0,5.0,0.40909090909090906,0.4,5.109090909090909,3.799999999999997,12.3,11.8,1.0
2025,1022500084,2025-06-21,1611661324,Minnesota Lynx,1,82,0.9166666666666666,85.08333333333333,10.333333333333334,0.9,83.3,9.5,4.0,11.0,1.0,1611661320,Los Angeles Sparks,0,66,0.3076923076923077,82.15384615384616,-4.769230769230769,0.3,82.3,-6.2,4.0,4.0,9.0,0.6089743589743589,0.6000000000000001,2.929487179487168,1.0,15.102564102564102,15.7,0.0
2025,1022500107,2025-06-29,1611661324,Minnesota Lynx,1,102,0.8666666666666667,84.2,9.333333333333334,0.8,83.2,9.6,2.0,13.0,2.0,1611661323,Connecticut Sun,0,63,0.125,71.5625,-16.4375,0.1,70.1,-18.3,2.0,2.0,14.0,0.7416666666666667,0.7000000000000001,12.637500000000003,13.100000000000009,25.770833333333336,27.9,0.0
2025,1022500113,2025-07-03,1611661324,Minnesota Lynx,1,92,0.875,85.3125,11.1875,0.8,86.0,13.2,4.0,14.0,2.0,1611661322,Washington Mystics,0,75,0.47058823529411764,79.17647058823529,-0.8823529411764706,0.5,80.8,0.3,5.0,8.0,9.0,0.40441176470588236,0.30000000000000004,6.13602941176471,5.200000000000003,12.069852941176471,12.899999999999999,-1.0
2025,1022500115,2025-07-05,1611661324,Minnesota Lynx,1,82,0.8823529411764706,85.70588235294117,11.529411764705882,0.8,86.6,13.8,2.0,15.0,2.0,1611661331,Golden State Valkyries,0,71,0.5625,79.5,2.3125,0.7,82.8,8.7,6.0,9.0,7.0,0.31985294117647056,0.10000000000000009,6.205882352941174,3.799999999999997,9.216911764705882,5.100000000000001,-4.0
2025,1022500118,2025-07-06,1611661324,Minnesota Lynx,1,80,0.8888888888888888,85.5,11.5,0.8,86.0,12.6,1.0,16.0,2.0,1611661329,Chicago Sky,0,75,0.3125,78.8125,-8.875,0.3,77.1,-8.0,7.0,5.0,11.0,0.5763888888888888,0.5,6.6875,8.900000000000006,20.375,20.6,-6.0
2025,1022500142,2025-07-16,1611661324,Minnesota Lynx,1,79,0.8260869565217391,84.91304347826087,9.565217391304348,0.7,85.0,8.0,2.0,19.0,4.0,1611661317,Phoenix Mercury,0,66,0.7142857142857143,84.23809523809524,4.904761904761905,0.8,89.0,8.5,2.0,15.0,6.0,0.11180124223602483,-0.10000000000000009,0.6749482401656337,-4.0,4.660455486542443,-0.5,0.0
2025,1022500148,2025-07-22,1611661324,Minnesota Lynx,1,91,0.8333333333333334,84.66666666666667,9.708333333333334,0.8,86.5,9.7,6.0,20.0,4.0,1611661329,Chicago Sky,0,68,0.3181818181818182,78.0,-8.272727272727273,0.4,80.2,-4.0,6.0,7.0,15.0,0.5151515151515151,0.4,6.666666666666671,6.299999999999997,17.98106060606061,13.7,0.0
2025,1022500156,2025-07-25,1611661324,Minnesota Lynx,1,109,0.84,84.92,10.24,0.8,86.0,11.6,3.0,21.0,4.0,1611661319,Las Vegas Aces,0,78,0.5,80.45833333333333,-1.125,0.5,80.4,-1.7,1.0,12.0,12.0,0.33999999999999997,0.30000000000000004,4.461666666666673,5.599999999999994,11.365,13.299999999999999,2.0
2025,1022500164,2025-07-27,1611661324,Minnesota Lynx,0,86,0.8461538461538461,85.84615384615384,11.038461538461538,0.8,86.7,10.8,2.0,22.0,4.0,1611661330,Atlanta Dream,1,90,0.5833333333333334,83.54166666666667,4.875,0.4,80.8,0.9,4.0,14.0,10.0,0.2628205128205128,0.4,2.304487179487168,5.900000000000006,6.163461538461538,9.9,-2.0
2025,1022500172,2025-07-30,1611661324,Minnesota Lynx,1,100,0.8148148148148148,85.85185185185185,10.481481481481481,0.7,86.1,8.7,3.0,22.0,5.0,1611661313,New York Liberty,0,93,0.68,87.68,7.04,0.6,87.2,4.4,2.0,17.0,8.0,0.13481481481481472,0.09999999999999998,-1.8281481481481592,-1.1000000000000085,3.441481481481481,4.299999999999999,1.0
2025,1022500195,2025-08-08,1611661324,Minnesota Lynx,1,80,0.8333333333333334,87.33333333333333,11.566666666666666,0.8,93.0,14.3,3.0,25.0,5.0,1611661322,Washington Mystics,0,76,0.4482758620689655,78.27586206896552,-2.3448275862068964,0.4,76.8,-3.8,3.0,13.0,16.0,0.38505747126436785,0.4,9.057471264367805,16.200000000000003,13.911494252873563,18.1,0.0
2025,1022500216,2025-08-16,1611661324,Minnesota Lynx,1,86,0.84375,86.96875,11.34375,0.9,92.1,15.6,6.0,27.0,5.0,1611661313,New York Liberty,0,80,0.6363636363636364,86.66666666666667,5.212121212121212,0.4,84.9,-1.6,3.0,21.0,12.0,0.20738636363636365,0.5,0.3020833333333286,7.199999999999989,6.131628787878788,17.2,3.0
2025,1022500240,2025-08-24,1611661324,Minnesota Lynx,1,97,0.8055555555555556,86.44444444444444,10.055555555555555,0.7,88.0,7.5,2.0,29.0,7.0,1611661325,Indiana Fever,0,84,0.5277777777777778,85.08333333333333,2.7222222222222223,0.5,86.9,-0.6,2.0,19.0,17.0,0.2777777777777778,0.19999999999999996,1.3611111111111143,1.0999999999999943,7.333333333333333,8.1,0.0
2025,1022500248,2025-08-28,1611661324,Minnesota Lynx,0,79,0.8108108108108109,86.72972972972973,10.135135135135135,0.8,89.1,9.2,4.0,30.0,7.0,1611661328,Seattle Storm,1,93,0.5128205128205128,82.23076923076923,2.0256410256410255,0.4,84.9,0.1,2.0,20.0,19.0,0.2979902979902981,0.4,4.4989604989605,4.199999999999989,8.10949410949411,9.1,2.0
2025,1022500259,2025-09-01,1611661324,Minnesota Lynx,1,96,0.7948717948717948,86.71794871794872,9.871794871794872,0.7,85.3,4.2,2.0,31.0,8.0,1611661321,Dallas Wings,0,71,0.225,81.725,-6.375,0.1,81.3,-11.6,3.0,9.0,31.0,0.5698717948717948,0.6,4.992948717948721,4.0,16.246794871794872,15.8,-1.0
2025,1022500285,2025-09-11,1611661324,Minnesota Lynx,1,72,0.7674418604651163,86.3953488372093,9.186046511627907,0.5,84.6,2.6,2.0,33.0,10.0,1611661331,Golden State Valkyries,0,53,0.5348837209302325,78.30232558139535,1.8604651162790697,0.5,78.5,3.1,2.0,23.0,20.0,0.2325581395348838,0.0,8.093023255813947,6.099999999999994,7.325581395348838,-0.5,0.0
2025,1022500035,2025-05-30,1611661325,Indiana Fever,0,83,0.4,85.8,6.2,0.4,85.8,6.2,2.0,2.0,3.0,1611661323,Connecticut Sun,1,85,0.0,71.8,-16.4,0.0,71.8,-16.4,3.0,0.0,5.0,0.4,0.4,14.0,14.0,22.599999999999998,22.599999999999998,-1.0
2025,1022500045,2025-06-03,1611661325,Indiana Fever,1,85,0.3333333333333333,85.33333333333333,4.833333333333333,0.3333333333333333,85.33333333333333,4.833333333333333,4.0,2.0,4.0,1611661322,Washington Mystics,0,76,0.42857142857142855,76.85714285714286,-2.5714285714285716,0.42857142857142855,76.85714285714286,-2.5714285714285716,4.0,3.0,4.0,-0.09523809523809523,-0.09523809523809523,8.476190476190467,8.476190476190467,7.404761904761905,7.404761904761905,0.0
2025,1022500066,2025-06-14,1611661325,Indiana Fever,1,102,0.4444444444444444,81.55555555555556,5.111111111111111,0.4444444444444444,81.55555555555556,5.111111111111111,4.0,4.0,5.0,1611661313,New York Liberty,0,88,1.0,90.44444444444444,19.0,1.0,90.44444444444444,19.0,4.0,9.0,0.0,-0.5555555555555556,-0.5555555555555556,-8.888888888888886,-8.888888888888886,-13.88888888888889,-13.88888888888889,0.0
2025,1022500071,2025-06-17,1611661325,Indiana Fever,1,88,0.5,83.6,6.0,0.5,83.6,6.0,3.0,5.0,5.0,1611661323,Connecticut Sun,0,71,0.2,71.3,-16.9,0.2,71.3,-16.9,2.0,2.0,8.0,0.3,0.3,12.299999999999997,12.299999999999997,22.9,22.9,1.0
2025,1022500096,2025-06-26,1611661325,Indiana Fever,0,75,0.5,84.0,4.714285714285714,0.5,82.4,2.9,2.0,7.0,7.0,1611661320,Los Angeles Sparks,1,85,0.26666666666666666,81.33333333333333,-5.933333333333334,0.2,81.1,-9.3,2.0,4.0,11.0,0.23333333333333334,0.3,2.6666666666666714,1.3000000000000114,10.647619047619049,12.200000000000001,0.0
2025,1022500109,2025-07-03,1611661325,Indiana Fever,1,81,0.5,84.0625,4.0,0.6,83.3,3.5,6.0,8.0,8.0,1611661319,Las Vegas Aces,0,54,0.5,80.875,-1.125,0.4,80.1,-3.2,4.0,8.0,8.0,0.0,0.19999999999999996,3.1875,3.200000000000003,5.125,6.7,2.0
2025,1022500114,2025-07-05,1611661325,Indiana Fever,0,87,0.5294117647058824,83.88235294117646,5.352941176470588,0.6,82.9,5.3,2.0,9.0,8.0,1611661320,Los Angeles Sparks,1,89,0.2777777777777778,81.61111111111111,-5.333333333333333,0.3,81.7,-7.4,2.0,5.0,13.0,0.25163398692810457,0.3,2.2712418300653496,1.2000000000000028,10.686274509803921,12.7,0.0
2025,1022500124,2025-07-09,1611661325,Indiana Fever,0,61,0.5,84.05555555555556,4.944444444444445,0.5,83.7,2.4,4.0,9.0,9.0,1611661331,Golden State Valkyries,1,80,0.5,79.11111111111111,0.9444444444444444,0.6,80.8,4.9,2.0,9.0,9.0,0.0,-0.09999999999999998,4.944444444444443,2.9000000000000057,4.0,-2.5000000000000004,2.0
2025,1022500129,2025-07-11,1611661325,Indiana Fever,1,99,0.47368421052631576,82.84210526315789,3.6842105263157894,0.5,84.0,2.4,2.0,9.0,10.0,1611661330,Atlanta Dream,0,82,0.631578947368421,84.36842105263158,5.684210526315789,0.6,84.9,6.0,4.0,12.0,7.0,-0.15789473684210525,-0.09999999999999998,-1.526315789473685,-0.9000000000000057,-2.0,-3.6,-2.0
2025,1022500133,2025-07-13,1611661325,Indiana Fever,1,102,0.5,83.65,4.35,0.5,83.7,2.7,2.0,10.0,10.0,1611661321,Dallas Wings,0,83,0.2857142857142857,81.57142857142857,-4.380952380952381,0.5,81.7,-1.4,4.0,6.0,15.0,0.2142857142857143,0.0,2.0785714285714363,2.0,8.730952380952381,4.1,-2.0
2025,1022500153,2025-07-24,1611661325,Indiana Fever,1,80,0.5,84.20833333333333,3.2916666666666665,0.5,84.5,1.3,2.0,12.0,12.0,1611661319,Las Vegas Aces,0,70,0.5217391304347826,80.91304347826087,-0.7391304347826086,0.6,81.9,1.9,2.0,12.0,11.0,-0.021739130434782594,-0.09999999999999998,3.295289855072454,2.5999999999999943,4.030797101449275,-0.5999999999999999,0.0
2025,1022500170,2025-07-30,1611661325,Indiana Fever,1,107,0.5384615384615384,84.38461538461539,4.0,0.6,84.9,4.0,3.0,14.0,12.0,1611661317,Phoenix Mercury,0,101,0.64,83.12,3.28,0.5,84.4,2.1,3.0,16.0,9.0,-0.10153846153846158,0.09999999999999998,1.2646153846153823,0.5,0.7200000000000002,1.9,0.0
2025,1022500198,2025-08-09,1611661325,Indiana Fever,1,92,0.5483870967741935,84.45161290322581,2.5806451612903225,0.6,84.3,-2.6,2.0,17.0,14.0,1611661329,Chicago Sky,0,70,0.26666666666666666,76.03333333333333,-10.166666666666666,0.1,69.2,-17.3,2.0,8.0,22.0,0.28172043010752684,0.5,8.418279569892476,15.099999999999994,12.747311827956988,14.700000000000001,0.0
2025,1022500205,2025-08-12,1611661325,Indiana Fever,0,80,0.5625,84.6875,3.1875,0.6,85.0,-1.2,3.0,18.0,14.0,1611661321,Dallas Wings,1,81,0.25,81.59375,-5.09375,0.2,81.5,-5.2,2.0,8.0,24.0,0.3125,0.39999999999999997,3.09375,3.5,8.28125,4.0,1.0
2025,1022500211,2025-08-15,1611661325,Indiana Fever,0,84,0.5454545454545454,84.54545454545455,3.0606060606060606,0.6,85.3,0.8,3.0,18.0,15.0,1611661322,Washington Mystics,1,88,0.4375,78.75,-2.0,0.3,79.4,-2.2,2.0,14.0,18.0,0.10795454545454541,0.3,5.795454545454547,5.8999999999999915,5.0606060606060606,3.0,1.0
2025,1022500232,2025-08-22,1611661325,Indiana Fever,0,90,0.5428571428571428,84.94285714285714,2.942857142857143,0.6,87.2,1.4,5.0,19.0,16.0,1611661324,Minnesota Lynx,1,95,0.8,86.2,10.2,0.7,89.4,10.1,1.0,28.0,7.0,-0.25714285714285723,-0.09999999999999998,-1.2571428571428669,-2.200000000000003,-7.257142857142856,-8.7,4.0
2025,1022500243,2025-08-26,1611661325,Indiana Fever,1,95,0.5135135135135135,85.05405405405405,2.2972972972972974,0.4,84.6,-2.5,2.0,19.0,18.0,1611661328,Seattle Storm,0,75,0.5263157894736842,82.42105263157895,2.6052631578947367,0.4,84.8,1.7,2.0,20.0,18.0,-0.012802275960170695,0.0,2.633001422475104,-0.20000000000000284,-0.30796586059743936,-4.2,0.0
2025,1022500269,2025-09-05,1611661325,Indiana Fever,1,97,0.5121951219512195,84.39024390243902,2.1463414634146343,0.4,84.2,0.8,3.0,21.0,20.0,1611661329,Chicago Sky,0,77,0.25,76.125,-9.3,0.2,76.4,-6.7,2.0,10.0,30.0,0.2621951219512195,0.2,8.265243902439025,7.799999999999997,11.446341463414635,7.5,1.0
2025,1022500278,2025-09-09,1611661325,Indiana Fever,1,83,0.5348837209302325,84.90697674418605,3.186046511627907,0.5,86.1,3.6,2.0,23.0,20.0,1611661324,Minnesota Lynx,0,72,0.7857142857142857,86.73809523809524,9.666666666666666,0.6,86.0,4.3,3.0,33.0,9.0,-0.2508305647840532,-0.09999999999999998,-1.8311184939091874,0.09999999999999432,-6.480620155038759,-0.6999999999999997,-1.0
2025,1022500026,2025-05-25,1611661328,Seattle Storm,1,102,0.6666666666666666,71.66666666666667,-2.3333333333333335,0.6666666666666666,71.66666666666667,-2.3333333333333335,2.0,2.0,1.0,1611661319,Las Vegas Aces,0,82,0.6666666666666666,80.0,4.666666666666667,0.6666666666666666,80.0,4.666666666666667,2.0,2.0,1.0,0.0,0.0,-8.333333333333329,-8.333333333333329,-7.0,-7.0,0.0
2025,1022500039,2025-05-30,1611661328,Seattle Storm,0,87,0.6,78.8,1.6,0.6,78.8,1.6,3.0,3.0,2.0,1611661330,Atlanta Dream,1,94,0.6666666666666666,84.5,5.0,0.6666666666666666,84.5,5.0,3.0,4.0,2.0,-0.06666666666666665,-0.06666666666666665,-5.700000000000003,-5.700000000000003,-3.4,-3.4,0.0
2025,1022500043,2025-06-01,1611661328,Seattle Storm,0,70,0.5,80.16666666666667,0.16666666666666666,0.5,80.16666666666667,0.16666666666666666,2.0,3.0,3.0,1611661319,Las Vegas Aces,1,75,0.6,83.6,1.8,0.6,83.6,1.8,2.0,3.0,2.0,-0.09999999999999998,-0.09999999999999998,-3.433333333333323,-3.433333333333323,-1.6333333333333333,-1.6333333333333333,0.0
2025,1022500047,2025-06-03,1611661328,Seattle Storm,1,83,0.42857142857142855,78.71428571428571,-0.5714285714285714,0.42857142857142855,78.71428571428571,-0.5714285714285714,2.0,3.0,4.0,1611661321,Dallas Wings,0,77,0.14285714285714285,85.0,-4.142857142857143,0.14285714285714285,85.0,-4.142857142857143,3.0,1.0,6.0,0.2857142857142857,0.2857142857142857,-6.285714285714292,-6.285714285714292,3.571428571428572,3.571428571428572,-1.0
2025,1022500062,2025-06-11,1611661328,Seattle Storm,1,94,0.5555555555555556,80.33333333333333,1.5555555555555556,0.5555555555555556,80.33333333333333,1.5555555555555556,4.0,5.0,4.0,1611661324,Minnesota Lynx,0,84,1.0,84.44444444444444,10.777777777777779,1.0,84.44444444444444,10.777777777777779,3.0,9.0,0.0,-0.4444444444444444,-0.4444444444444444,-4.111111111111114,-4.111111111111114,-9.222222222222223,-9.222222222222223,1.0
2025,1022500088,2025-06-22,1611661328,Seattle Storm,1,89,0.6153846153846154,82.6923076923077,4.3076923076923075,0.6,86.0,6.3,2.0,8.0,5.0,1611661313,New York Liberty,0,79,0.8333333333333334,89.08333333333333,12.833333333333334,0.8,87.8,11.5,3.0,10.0,2.0,-0.21794871794871795,-0.20000000000000007,-6.391025641025635,-1.7999999999999972,-8.525641025641026,-5.2,-1.0
2025,1022500093,2025-06-24,1611661328,Seattle Storm,0,86,0.6428571428571429,83.14285714285714,4.714285714285714,0.6,84.7,5.3,2.0,9.0,5.0,1611661325,Indiana Fever,1,94,0.46153846153846156,83.23076923076923,4.461538461538462,0.4,81.8,1.9,2.0,6.0,7.0,0.18131868131868134,0.19999999999999996,-0.0879120879120876,2.9000000000000057,0.25274725274725274,3.4,0.0
2025,1022500102,2025-06-27,1611661328,Seattle Storm,1,97,0.6,83.33333333333333,3.8666666666666667,0.6,85.6,5.0,3.0,9.0,6.0,1611661323,Connecticut Sun,0,81,0.13333333333333333,70.93333333333334,-16.466666666666665,0.2,70.5,-16.5,2.0,2.0,13.0,0.4666666666666667,0.39999999999999997,12.399999999999991,15.099999999999994,20.333333333333332,21.5,1.0
2025,1022500130,2025-07-11,1611661328,Seattle Storm,1,79,0.6,82.3,2.35,0.6,82.9,2.3,2.0,12.0,8.0,1611661323,Connecticut Sun,0,65,0.15789473684210525,72.05263157894737,-16.31578947368421,0.1,72.2,-15.3,2.0,3.0,16.0,0.4421052631578947,0.5,10.247368421052627,10.700000000000003,18.66578947368421,17.6,0.0
2025,1022500136,2025-07-13,1611661328,Seattle Storm,0,69,0.6190476190476191,82.14285714285714,2.9047619047619047,0.7,83.8,4.3,2.0,13.0,8.0,1611661322,Washington Mystics,1,74,0.5,78.6,-1.4,0.6,77.6,-3.0,3.0,10.0,10.0,0.11904761904761907,0.09999999999999998,3.5428571428571445,6.200000000000003,4.304761904761905,7.3,-1.0
2025,1022500143,2025-07-16,1611661328,Seattle Storm,1,67,0.5909090909090909,81.54545454545455,2.5454545454545454,0.6,80.9,0.7,3.0,13.0,9.0,1611661331,Golden State Valkyries,0,58,0.47619047619047616,80.14285714285714,1.5714285714285714,0.5,83.1,6.0,2.0,10.0,11.0,0.11471861471861478,0.09999999999999998,1.402597402597408,-2.1999999999999886,0.974025974025974,-5.3,1.0
2025,1022500150,2025-07-22,1611661328,Seattle Storm,0,63,0.6086956521739131,80.91304347826087,2.8260869565217392,0.6,78.6,0.9,6.0,14.0,9.0,1611661321,Dallas Wings,1,87,0.2608695652173913,81.82608695652173,-5.0,0.4,82.2,-4.2,6.0,6.0,17.0,0.3478260869565218,0.19999999999999996,-0.9130434782608603,-3.6000000000000085,7.826086956521739,5.1000000000000005,0.0
2025,1022500178,2025-08-01,1611661328,Seattle Storm,0,106,0.5925925925925926,80.66666666666667,3.111111111111111,0.6,77.4,3.7,4.0,16.0,11.0,1611661320,Los Angeles Sparks,1,108,0.4230769230769231,84.61538461538461,-2.730769230769231,0.6,89.5,0.8,3.0,11.0,15.0,0.1695156695156695,0.0,-3.948717948717942,-12.099999999999994,5.841880341880342,2.9000000000000004,1.0
2025,1022500184,2025-08-03,1611661328,Seattle Storm,0,74,0.5714285714285714,81.57142857142857,2.9285714285714284,0.5,80.0,3.4,2.0,16.0,12.0,1611661325,Indiana Fever,1,78,0.5714285714285714,85.32142857142857,4.285714285714286,0.7,87.6,3.1,2.0,16.0,12.0,0.0,-0.19999999999999996,-3.75,-7.599999999999994,-1.3571428571428572,0.2999999999999998,0.0
2025,1022500189,2025-08-05,1611661328,Seattle Storm,0,87,0.5517241379310345,81.3103448275862,2.689655172413793,0.4,79.5,2.1,2.0,16.0,13.0,1611661324,Minnesota Lynx,1,91,0.8275862068965517,87.20689655172414,11.827586206896552,0.7,91.0,13.1,3.0,24.0,5.0,-0.27586206896551724,-0.29999999999999993,-5.896551724137936,-11.5,-9.137931034482758,-11.0,-1.0
2025,1022500210,2025-08-13,1611661328,Seattle Storm,0,75,0.5,81.9375,2.09375,0.3,82.8,1.1,3.0,16.0,16.0,1611661330,Atlanta Dream,1,85,0.6451612903225806,84.25806451612904,6.129032258064516,0.8,85.5,10.6,3.0,20.0,11.0,-0.14516129032258063,-0.5,-2.320564516129039,-2.700000000000003,-4.035282258064516,-9.5,0.0
2025,1022500220,2025-08-17,1611661328,Seattle Storm,0,82,0.5,81.67647058823529,1.7352941176470589,0.3,85.3,1.8,2.0,17.0,17.0,1611661317,Phoenix Mercury,1,85,0.59375,83.125,3.40625,0.4,82.5,1.9,2.0,19.0,13.0,-0.09375,-0.10000000000000003,-1.44852941176471,2.799999999999997,-1.6709558823529411,-0.09999999999999987,0.0
2025,1022500254,2025-08-30,1611661328,Seattle Storm,1,79,0.525,82.5,2.325,0.5,85.5,1.9,2.0,21.0,19.0,1611661329,Chicago Sky,0,69,0.23684210526315788,76.0,-10.157894736842104,0.2,75.0,-8.8,2.0,9.0,29.0,0.28815789473684217,0.3,6.5,10.5,12.482894736842105,10.700000000000001,0.0
2025,1022500260,2025-09-01,1611661328,Seattle Storm,0,85,0.5365853658536586,82.41463414634147,2.5121951219512195,0.6,84.8,3.3,2.0,22.0,19.0,1611661320,Los Angeles Sparks,1,91,0.47368421052631576,85.89473684210526,-2.1052631578947367,0.5,85.6,-2.0,1.0,18.0,20.0,0.0629011553273428,0.09999999999999998,-3.48010269576379,-0.7999999999999972,4.617458279845956,5.3,1.0
2025,1022500270,2025-09-05,1611661328,Seattle Storm,0,76,0.5238095238095238,82.47619047619048,2.3095238095238093,0.6,84.2,3.0,4.0,22.0,20.0,1611661313,New York Liberty,1,84,0.5853658536585366,84.46341463414635,3.8292682926829267,0.4,78.5,-1.3,3.0,24.0,17.0,-0.061556329849012714,0.19999999999999996,-1.9872241579558647,5.700000000000003,-1.5197444831591174,4.3,1.0
2025,1022500281,2025-09-09,1611661328,Seattle Storm,1,74,0.5116279069767442,82.32558139534883,2.0697674418604652,0.6,84.3,3.2,4.0,22.0,21.0,1611661331,Golden State Valkyries,0,73,0.5476190476190477,78.42857142857143,1.9285714285714286,0.6,80.2,6.3,3.0,23.0,19.0,-0.035991140642303465,0.0,3.8970099667774036,4.099999999999994,0.14119601328903664,-3.0999999999999996,1.0
2025,1022500034,2025-05-29,1611661329,Chicago Sky,1,97,0.0,74.75,-19.5,0.0,74.75,-19.5,2.0,0.0,4.0,1611661321,Dallas Wings,0,92,0.2,84.0,-2.6,0.2,84.0,-2.6,2.0,1.0,4.0,-0.2,-0.2,-9.25,-9.25,-16.9,-16.9,0.0
2025,1022500053,2025-06-07,1611661329,Chicago Sky,0,52,0.3333333333333333,81.66666666666667,-10.333333333333334,0.3333333333333333,81.66666666666667,-10.333333333333334,7.0,2.0,4.0,1611661325,Indiana Fever,1,79,0.42857142857142855,85.28571428571429,5.428571428571429,0.42857142857142855,85.28571428571429,5.428571428571429,4.0,3.0,4.0,-0.09523809523809523,-0.09523809523809523,-3.6190476190476204,-3.6190476190476204,-15.761904761904763,-15.761904761904763,3.0
2025,1022500073,2025-06-17,1611661329,Chicago Sky,0,72,0.3,75.6,-11.4,0.3,75.6,-11.4,2.0,3.0,7.0,1611661322,Washington Mystics,1,79,0.36363636363636365,77.45454545454545,-2.8181818181818183,0.3,75.8,-3.5,2.0,4.0,7.0,-0.06363636363636366,0.0,-1.854545454545459,-0.20000000000000284,-8.581818181818182,-7.9,0.0
2025,1022500083,2025-06-21,1611661329,Chicago Sky,0,86,0.2727272727272727,75.27272727272727,-11.0,0.3,77.0,-8.6,4.0,3.0,8.0,1611661317,Phoenix Mercury,1,107,0.7142857142857143,80.5,2.857142857142857,0.7,81.9,1.6,2.0,10.0,4.0,-0.4415584415584416,-0.39999999999999997,-5.227272727272734,-4.900000000000006,-13.857142857142858,-10.2,2.0
2025,1022500091,2025-06-24,1611661329,Chicago Sky,1,97,0.23076923076923078,76.46153846153847,-11.923076923076923,0.3,78.4,-8.2,2.0,3.0,10.0,1611661320,Los Angeles Sparks,0,86,0.2857142857142857,81.0,-5.571428571428571,0.3,81.6,-6.9,3.0,4.0,10.0,-0.054945054945054916,0.0,-4.538461538461533,-3.1999999999999886,-6.351648351648352,-1.299999999999999,-1.0
2025,1022500126,2025-07-09,1611661329,Chicago Sky,1,87,0.2777777777777778,78.61111111111111,-8.277777777777779,0.3,80.7,-4.1,1.0,5.0,13.0,1611661321,Dallas Wings,0,76,0.3,81.85,-4.05,0.5,82.1,-1.6,2.0,6.0,14.0,-0.0222222222222222,-0.2,-3.23888888888888,-1.3999999999999915,-4.227777777777779,-2.4999999999999996,-1.0
2025,1022500131,2025-07-12,1611661329,Chicago Sky,1,87,0.3157894736842105,79.05263157894737,-7.2631578947368425,0.4,82.4,-1.2,3.0,6.0,13.0,1611661324,Minnesota Lynx,0,81,0.8571428571428571,84.80952380952381,10.142857142857142,0.8,83.6,10.3,2.0,18.0,3.0,-0.5413533834586466,-0.4,-5.75689223057644,-1.1999999999999886,-17.406015037593985,-11.5,1.0
2025,1022500137,2025-07-14,1611661329,Chicago Sky,0,78,0.35,79.45,-6.6,0.4,83.3,-1.8,2.0,7.0,13.0,1611661324,Minnesota Lynx,1,91,0.8181818181818182,84.63636363636364,9.409090909090908,0.7,84.1,8.3,2.0,18.0,4.0,-0.46818181818181825,-0.29999999999999993,-5.186363636363637,-0.7999999999999972,-16.009090909090908,-10.100000000000001,0.0
2025,1022500141,2025-07-16,1611661329,Chicago Sky,0,49,0.3333333333333333,79.38095238095238,-6.904761904761905,0.4,83.9,-2.4,2.0,7.0,14.0,1611661330,Atlanta Dream,1,86,0.5714285714285714,83.66666666666667,4.0,0.4,82.6,-1.5,3.0,12.0,9.0,-0.23809523809523808,0.0,-4.285714285714292,1.3000000000000114,-10.904761904761905,-0.8999999999999999,-1.0
2025,1022500154,2025-07-24,1611661329,Chicago Sky,0,57,0.30434782608695654,77.56521739130434,-8.91304347826087,0.4,79.0,-5.0,2.0,7.0,16.0,1611661328,Seattle Storm,1,95,0.5833333333333334,80.16666666666667,1.7083333333333333,0.5,76.0,-2.5,2.0,14.0,10.0,-0.27898550724637683,-0.09999999999999998,-2.6014492753623273,3.0,-10.621376811594203,-2.5,0.0
2025,1022500158,2025-07-27,1611661329,Chicago Sky,0,78,0.2916666666666667,76.70833333333333,-10.125,0.3,75.0,-9.9,3.0,7.0,17.0,1611661325,Indiana Fever,1,93,0.52,84.04,3.56,0.6,85.0,3.3,3.0,13.0,12.0,-0.22833333333333333,-0.3,-7.331666666666678,-10.0,-13.685,-13.2,0.0
2025,1022500176,2025-08-01,1611661329,Chicago Sky,0,66,0.2692307692307692,77.11538461538461,-10.576923076923077,0.2,74.4,-13.3,3.0,7.0,19.0,1611661331,Golden State Valkyries,1,73,0.5,78.3076923076923,0.23076923076923078,0.4,76.4,-3.1,1.0,13.0,13.0,-0.23076923076923078,-0.2,-1.1923076923076934,-2.0,-10.807692307692307,-10.200000000000001,2.0
2025,1022500182,2025-08-03,1611661329,Chicago Sky,0,67,0.25925925925925924,76.70370370370371,-10.444444444444445,0.2,73.5,-13.5,2.0,7.0,20.0,1611661317,Phoenix Mercury,1,83,0.5925925925925926,83.37037037037037,1.962962962962963,0.4,83.0,-2.0,2.0,16.0,11.0,-0.3333333333333333,-0.2,-6.666666666666657,-9.5,-12.407407407407408,-11.5,0.0
2025,1022500186,2025-08-05,1611661329,Chicago Sky,1,78,0.25,76.35714285714286,-10.642857142857142,0.2,72.3,-14.9,2.0,7.0,21.0,1611661322,Washington Mystics,0,64,0.4642857142857143,78.78571428571429,-1.9285714285714286,0.5,78.5,-2.2,2.0,13.0,15.0,-0.2142857142857143,-0.3,-2.4285714285714306,-6.200000000000003,-8.714285714285714,-12.7,0.0
2025,1022500191,2025-08-07,1611661329,Chicago Sky,0,65,0.27586206896551724,76.41379310344827,-9.793103448275861,0.2,71.4,-14.6,2.0,8.0,21.0,1611661330,Atlanta Dream,1,86,0.6206896551724138,84.55172413793103,5.551724137931035,0.6,84.9,5.3,4.0,18.0,11.0,-0.3448275862068966,-0.39999999999999997,-8.137931034482762,-13.5,-15.344827586206897,-19.9,-2.0
2025,1022500212,2025-08-15,1611661329,Chicago Sky,0,59,0.25,75.40625,-10.5,0.1,69.7,-15.4,2.0,8.0,24.0,1611661331,Golden State Valkyries,1,90,0.53125,77.875,0.5625,0.7,75.1,-0.6,2.0,17.0,15.0,-0.28125,-0.6,-2.46875,-5.3999999999999915,-11.0625,-14.8,0.0
2025,1022500224,2025-08-19,1611661329,Chicago Sky,0,88,0.24242424242424243,74.9090909090909,-11.121212121212121,0.1,68.8,-16.2,4.0,8.0,25.0,1611661328,Seattle Storm,1,94,0.4857142857142857,81.68571428571428,1.6,0.2,84.0,-2.3,2.0,17.0,18.0,-0.24329004329004328,-0.1,-6.776623376623377,-15.200000000000003,-12.72121212121212,-13.899999999999999,2.0
2025,1022500237,2025-08-23,1611661329,Chicago Sky,0,84,0.2571428571428571,75.74285714285715,-10.485714285714286,0.2,73.2,-10.9,2.0,9.0,26.0,1611661323,Connecticut Sun,1,94,0.22857142857142856,75.2,-10.17142857142857,0.4,76.7,-2.0,2.0,8.0,27.0,0.028571428571428553,-0.2,0.5428571428571445,-3.5,-0.31428571428571495,-8.9,0.0
2025,1022500242,2025-08-25,1611661329,Chicago Sky,0,74,0.25,75.97222222222223,-10.472222222222221,0.2,73.0,-10.2,2.0,9.0,27.0,1611661319,Las Vegas Aces,1,79,0.631578947368421,82.84210526315789,0.8947368421052632,1.0,88.6,10.4,2.0,24.0,14.0,-0.381578947368421,-0.8,-6.869883040935662,-15.599999999999994,-11.366959064327485,-20.6,0.0
2025,1022500264,2025-09-03,1611661329,Chicago Sky,1,88,0.23076923076923078,75.82051282051282,-10.153846153846153,0.1,74.1,-11.2,4.0,9.0,30.0,1611661323,Connecticut Sun,0,64,0.25,76.3,-9.575,0.5,78.8,-1.9,2.0,10.0,30.0,-0.019230769230769218,-0.4,-0.47948717948717956,-4.700000000000003,-0.578846153846154,-9.299999999999999,2.0
2025,1022500283,2025-09-11,1611661329,Chicago Sky,0,86,0.23255813953488372,75.55813953488372,-10.162790697674419,0.2,77.7,-7.0,2.0,10.0,33.0,1611661313,New York Liberty,1,91,0.6046511627906976,84.23255813953489,4.046511627906977,0.5,76.2,0.2,2.0,26.0,17.0,-0.37209302325581395,-0.3,-8.674418604651166,1.5,-14.209302325581396,-7.2,0.0
2025,1022500022,2025-05-24,1611661330,Atlanta Dream,1,83,0.3333333333333333,85.66666666666667,-2.6666666666666665,0.3333333333333333,85.66666666666667,-2.6666666666666665,2.0,1.0,2.0,1611661321,Dallas Wings,0,75,0.0,78.66666666666667,-9.0,0.0,78.66666666666667,-9.0,3.0,0.0,3.0,0.3333333333333333,0.3333333333333333,7.0,7.0,6.333333333333334,6.333333333333334,-1.0
2025,1022500023,2025-05-25,1611661330,Atlanta Dream,1,79,0.5,85.0,0.0,0.5,85.0,0.0,1.0,2.0,2.0,1611661323,Connecticut Sun,0,55,0.0,72.33333333333333,-12.0,0.0,72.33333333333333,-12.0,2.0,0.0,3.0,0.5,0.5,12.666666666666671,12.666666666666671,12.0,12.0,-1.0
2025,1022500058,2025-06-10,1611661330,Atlanta Dream,1,77,0.625,84.625,3.625,0.625,84.625,3.625,4.0,5.0,3.0,1611661325,Indiana Fever,0,58,0.5,84.5,8.125,0.5,84.5,8.125,3.0,4.0,4.0,0.125,0.125,0.125,0.125,-4.5,-4.5,1.0
2025,1022500063,2025-06-13,1611661330,Atlanta Dream,1,88,0.6666666666666666,83.77777777777777,5.333333333333333,0.6666666666666666,83.77777777777777,5.333333333333333,3.0,6.0,3.0,1611661329,Chicago Sky,0,70,0.25,76.0,-13.5,0.25,76.0,-13.5,3.0,2.0,6.0,0.41666666666666663,0.41666666666666663,7.7777777777777715,7.7777777777777715,18.833333333333332,18.833333333333332,0.0
2025,1022500080,2025-06-20,1611661330,Atlanta Dream,1,92,0.6666666666666666,84.33333333333333,7.833333333333333,0.7,83.1,9.7,3.0,8.0,4.0,1611661322,Washington Mystics,0,91,0.4166666666666667,77.58333333333333,-2.0,0.3,74.7,-3.3,3.0,5.0,7.0,0.24999999999999994,0.39999999999999997,6.75,8.399999999999991,9.833333333333332,13.0,0.0
2025,1022500085,2025-06-22,1611661330,Atlanta Dream,1,93,0.6923076923076923,84.92307692307692,7.3076923076923075,0.8,84.7,10.3,2.0,9.0,4.0,1611661329,Chicago Sky,0,80,0.25,76.16666666666667,-11.833333333333334,0.3,78.2,-8.2,1.0,3.0,9.0,0.4423076923076923,0.5,8.756410256410248,6.5,19.141025641025642,18.5,1.0
2025,1022500098,2025-06-27,1611661330,Atlanta Dream,0,92,0.6666666666666666,83.46666666666667,6.333333333333333,0.7,83.3,7.1,3.0,10.0,5.0,1611661324,Minnesota Lynx,1,96,0.8571428571428571,83.35714285714286,9.714285714285714,0.8,81.8,9.7,3.0,12.0,2.0,-0.19047619047619047,-0.10000000000000009,0.10952380952380736,1.5,-3.3809523809523805,-2.5999999999999996,0.0
2025,1022500104,2025-06-29,1611661330,Atlanta Dream,1,90,0.625,84.0,5.6875,0.6,83.7,6.1,2.0,10.0,6.0,1611661313,New York Liberty,0,81,0.7333333333333333,88.0,8.8,0.6,86.2,5.8,2.0,11.0,4.0,-0.10833333333333328,0.0,-4.0,-2.5,-3.1125000000000007,0.2999999999999998,0.0
2025,1022500111,2025-07-03,1611661330,Atlanta Dream,0,79,0.6470588235294118,84.3529411764706,5.882352941176471,0.6,83.3,6.3,4.0,11.0,6.0,1611661328,Seattle Storm,1,80,0.5882352941176471,82.58823529411765,2.764705882352941,0.7,85.3,5.1,4.0,10.0,7.0,0.05882352941176472,-0.09999999999999998,1.764705882352942,-2.0,3.11764705882353,1.2000000000000002,0.0
2025,1022500119,2025-07-07,1611661330,Atlanta Dream,1,90,0.6111111111111112,84.05555555555556,5.5,0.6,83.6,7.0,4.0,11.0,7.0,1611661331,Golden State Valkyries,0,81,0.5294117647058824,79.0,1.5294117647058822,0.7,82.2,8.5,2.0,9.0,8.0,0.0816993464052288,-0.09999999999999998,5.055555555555557,1.3999999999999915,3.9705882352941178,-1.5,2.0
2025,1022500167,2025-07-29,1611661330,Atlanta Dream,0,75,0.6,83.8,4.84,0.5,84.3,2.6,2.0,15.0,10.0,1611661331,Golden State Valkyries,1,77,0.4583333333333333,78.79166666666667,0.125,0.4,78.6,-0.2,2.0,11.0,13.0,0.14166666666666666,0.09999999999999998,5.008333333333326,5.700000000000003,4.715,2.8000000000000003,0.0
2025,1022500174,2025-08-01,1611661330,Atlanta Dream,1,95,0.5925925925925926,83.62962962962963,4.518518518518518,0.5,82.4,2.2,2.0,16.0,11.0,1611661317,Phoenix Mercury,0,72,0.6153846153846154,83.8076923076923,2.923076923076923,0.4,83.9,0.0,2.0,16.0,10.0,-0.02279202279202286,0.09999999999999998,-0.17806267806267329,-1.5,1.5954415954415953,2.2,0.0
2025,1022500180,2025-08-03,1611661330,Atlanta Dream,1,99,0.6071428571428571,84.03571428571429,5.178571428571429,0.6,84.0,4.6,2.0,17.0,11.0,1611661322,Washington Mystics,0,83,0.48148148148148145,78.62962962962963,-1.4074074074074074,0.5,77.7,-2.3,3.0,13.0,14.0,0.12566137566137564,0.09999999999999998,5.4060846560846585,6.299999999999997,6.585978835978836,6.8999999999999995,-1.0
2025,1022500214,2025-08-15,1611661330,Atlanta Dream,0,78,0.65625,84.28125,6.25,0.8,85.4,7.9,2.0,21.0,11.0,1611661328,Seattle Storm,1,80,0.48484848484848486,81.72727272727273,1.7272727272727273,0.2,83.6,-0.8,2.0,16.0,17.0,0.17140151515151514,0.6000000000000001,2.5539772727272663,1.8000000000000114,4.5227272727272725,8.700000000000001,0.0
2025,1022500230,2025-08-21,1611661330,Atlanta Dream,1,75,0.6285714285714286,83.6,6.057142857142857,0.7,83.1,9.1,2.0,22.0,13.0,1611661324,Minnesota Lynx,0,73,0.8235294117647058,86.58823529411765,10.558823529411764,0.8,91.2,12.6,2.0,28.0,6.0,-0.19495798319327728,-0.10000000000000009,-2.9882352941176578,-8.100000000000009,-4.501680672268908,-3.5,0.0
2025,1022500235,2025-08-23,1611661330,Atlanta Dream,1,78,0.6388888888888888,83.36111111111111,5.944444444444445,0.8,83.1,9.5,2.0,23.0,13.0,1611661313,New York Liberty,0,62,0.6111111111111112,86.38888888888889,4.722222222222222,0.5,82.5,0.1,2.0,22.0,14.0,0.02777777777777768,0.30000000000000004,-3.0277777777777715,0.5999999999999943,1.2222222222222223,9.4,0.0
2025,1022500245,2025-08-27,1611661330,Atlanta Dream,0,75,0.6486486486486487,83.21621621621621,6.216216216216216,0.8,82.1,10.8,4.0,24.0,13.0,1611661319,Las Vegas Aces,1,81,0.6410256410256411,82.74358974358974,1.0,1.0,86.4,8.5,2.0,25.0,14.0,0.007623007623007605,-0.19999999999999996,0.47262647262647306,-4.300000000000011,5.216216216216216,2.3000000000000007,2.0
2025,1022500250,2025-08-29,1611661330,Atlanta Dream,1,100,0.631578947368421,83.0,5.894736842105263,0.7,80.1,7.9,2.0,24.0,14.0,1611661321,Dallas Wings,0,78,0.23076923076923078,81.82051282051282,-5.9743589743589745,0.1,81.1,-10.3,2.0,9.0,30.0,0.40080971659919024,0.6,1.1794871794871824,-1.0,11.869095816464238,18.200000000000003,0.0
2025,1022500263,2025-09-03,1611661330,Atlanta Dream,1,86,0.65,83.675,6.575,0.7,80.9,8.1,2.0,26.0,14.0,1611661320,Los Angeles Sparks,0,75,0.48717948717948717,86.02564102564102,-1.8974358974358974,0.5,84.5,-2.5,2.0,19.0,20.0,0.16282051282051285,0.19999999999999996,-2.350641025641025,-3.5999999999999943,8.472435897435897,10.6,0.0
2025,1022500268,2025-09-05,1611661330,Atlanta Dream,1,104,0.6585365853658537,83.73170731707317,6.682926829268292,0.7,82.1,8.4,2.0,27.0,14.0,1611661320,Los Angeles Sparks,0,85,0.475,85.75,-2.125,0.5,86.1,-2.3,2.0,19.0,21.0,0.1835365853658537,0.19999999999999996,-2.018292682926827,-4.0,8.807926829268293,10.7,0.0
2025,1022500276,2025-09-08,1611661330,Atlanta Dream,1,87,0.6666666666666666,84.21428571428571,6.976190476190476,0.7,84.0,9.3,3.0,28.0,14.0,1611661323,Connecticut Sun,0,62,0.2619047619047619,76.26190476190476,-9.619047619047619,0.5,81.1,-3.2,2.0,11.0,31.0,0.4047619047619047,0.19999999999999996,7.952380952380949,2.9000000000000057,16.595238095238095,12.5,1.0
2025,1022500044,2025-06-01,1611661331,Golden State Valkyries,0,75,0.4,73.8,-7.8,0.4,73.8,-7.8,3.0,2.0,3.0,1611661324,Minnesota Lynx,1,86,1.0,84.16666666666667,7.833333333333333,1.0,84.16666666666667,7.833333333333333,2.0,6.0,0.0,-0.6,-0.6,-10.366666666666674,-10.366666666666674,-15.633333333333333,-15.633333333333333,1.0
2025,1022500052,2025-06-07,1611661331,Golden State Valkyries,1,95,0.2857142857142857,74.42857142857143,-8.428571428571429,0.2857142857142857,74.42857142857143,-8.428571428571429,2.0,2.0,5.0,1611661319,Las Vegas Aces,0,68,0.6666666666666666,82.16666666666667,2.3333333333333335,0.6666666666666666,82.16666666666667,2.3333333333333335,6.0,4.0,2.0,-0.38095238095238093,-0.38095238095238093,-7.738095238095241,-7.738095238095241,-10.761904761904763,-10.761904761904763,-4.0
2025,1022500067,2025-06-14,1611661331,Golden State Valkyries,1,76,0.4444444444444444,78.33333333333333,-2.6666666666666665,0.4444444444444444,78.33333333333333,-2.6666666666666665,5.0,4.0,5.0,1611661328,Seattle Storm,0,70,0.6,81.7,2.4,0.6,81.7,2.4,3.0,6.0,4.0,-0.15555555555555556,-0.15555555555555556,-3.3666666666666742,-3.3666666666666742,-5.066666666666666,-5.066666666666666,2.0
2025,1022500079,2025-06-19,1611661331,Golden State Valkyries,1,88,0.45454545454545453,77.45454545454545,-2.4545454545454546,0.5,78.5,-1.0,2.0,5.0,6.0,1611661325,Indiana Fever,0,77,0.5454545454545454,84.0,7.0,0.5,83.1,4.2,2.0,6.0,5.0,-0.09090909090909088,0.0,-6.545454545454547,-4.599999999999994,-9.454545454545455,-5.2,0.0
2025,1022500089,2025-06-22,1611661331,Golden State Valkyries,1,87,0.5,78.33333333333333,-1.3333333333333333,0.5,79.7,-0.1,3.0,6.0,6.0,1611661323,Connecticut Sun,0,63,0.15384615384615385,72.46153846153847,-15.153846153846153,0.2,72.5,-16.1,2.0,2.0,11.0,0.34615384615384615,0.3,5.871794871794862,7.200000000000003,13.82051282051282,16.0,1.0
2025,1022500094,2025-06-25,1611661331,Golden State Valkyries,0,78,0.5384615384615384,79.0,0.6153846153846154,0.5,80.2,1.4,3.0,7.0,6.0,1611661313,New York Liberty,1,81,0.7692307692307693,88.3076923076923,11.076923076923077,0.7,86.7,10.3,3.0,10.0,3.0,-0.23076923076923084,-0.19999999999999996,-9.307692307692307,-6.5,-10.461538461538462,-8.9,0.0
2025,1022500100,2025-06-27,1611661331,Golden State Valkyries,1,83,0.5,78.92857142857143,0.35714285714285715,0.5,81.3,3.9,2.0,7.0,7.0,1611661329,Chicago Sky,0,78,0.2857142857142857,77.92857142857143,-10.285714285714286,0.4,79.2,-6.6,3.0,4.0,10.0,0.2142857142857143,0.09999999999999998,1.0,2.0999999999999943,10.642857142857144,10.5,-1.0
2025,1022500108,2025-06-29,1611661331,Golden State Valkyries,1,84,0.5333333333333333,79.2,0.6666666666666666,0.6,81.9,4.9,2.0,8.0,7.0,1611661328,Seattle Storm,0,57,0.625,84.1875,4.625,0.7,86.6,7.3,2.0,10.0,6.0,-0.09166666666666667,-0.09999999999999998,-4.987499999999997,-4.699999999999989,-3.9583333333333335,-2.3999999999999995,0.0
2025,1022500138,2025-07-14,1611661331,Golden State Valkyries,0,77,0.5,80.3,1.7,0.5,82.5,5.2,2.0,10.0,10.0,1611661317,Phoenix Mercury,1,78,0.7,84.55,5.1,0.8,90.5,9.7,5.0,14.0,6.0,-0.19999999999999996,-0.30000000000000004,-4.25,-8.0,-3.3999999999999995,-4.499999999999999,-3.0
2025,1022500157,2025-07-25,1611661331,Golden State Valkyries,1,86,0.45454545454545453,79.13636363636364,1.0909090909090908,0.4,80.1,4.0,9.0,10.0,12.0,1611661321,Dallas Wings,0,76,0.2916666666666667,82.04166666666667,-3.7916666666666665,0.4,82.3,-2.1,3.0,7.0,17.0,0.16287878787878785,0.0,-2.905303030303031,-2.200000000000003,4.882575757575758,6.1,6.0
2025,1022500190,2025-08-06,1611661331,Golden State Valkyries,0,72,0.5,78.07142857142857,-0.39285714285714285,0.5,76.2,-2.8,3.0,14.0,14.0,1611661319,Las Vegas Aces,1,78,0.5172413793103449,81.48275862068965,-1.5862068965517242,0.6,85.1,-1.0,3.0,15.0,14.0,-0.017241379310344862,-0.09999999999999998,-3.411330049261082,-8.899999999999991,1.1933497536945814,-1.7999999999999998,0.0
2025,1022500197,2025-08-09,1611661331,Golden State Valkyries,1,72,0.4827586206896552,77.86206896551724,-0.5862068965517241,0.4,75.4,-5.3,3.0,14.0,15.0,1611661320,Los Angeles Sparks,0,59,0.4827586206896552,86.55172413793103,-1.6896551724137931,0.8,95.2,4.5,2.0,14.0,15.0,0.0,-0.4,-8.689655172413794,-19.799999999999997,1.103448275862069,-9.8,1.0
2025,1022500204,2025-08-11,1611661331,Golden State Valkyries,1,74,0.5,77.66666666666667,-0.13333333333333333,0.5,72.4,-3.8,2.0,15.0,15.0,1611661323,Connecticut Sun,0,57,0.16666666666666666,75.46666666666667,-12.133333333333333,0.2,83.0,-4.0,1.0,5.0,25.0,0.33333333333333337,0.3,2.200000000000003,-10.599999999999994,12.0,0.20000000000000018,1.0
2025,1022500221,2025-08-17,1611661331,Golden State Valkyries,0,63,0.5454545454545454,78.24242424242425,1.4848484848484849,0.7,75.5,1.5,2.0,18.0,15.0,1611661330,Atlanta Dream,1,79,0.6363636363636364,84.0909090909091,6.0,0.8,86.0,9.2,2.0,21.0,12.0,-0.09090909090909094,-0.10000000000000009,-5.848484848484844,-10.5,-4.515151515151516,-7.699999999999999,0.0
2025,1022500226,2025-08-19,1611661331,Golden State Valkyries,0,91,0.5294117647058824,77.79411764705883,0.9705882352941176,0.7,75.4,3.0,2.0,18.0,16.0,1611661317,Phoenix Mercury,1,98,0.6060606060606061,83.18181818181819,3.393939393939394,0.5,83.1,3.3,2.0,20.0,13.0,-0.07664884135472372,0.19999999999999996,-5.387700534759361,-7.699999999999989,-2.4233511586452763,-0.2999999999999998,0.0
2025,1022500253,2025-08-30,1611661331,Golden State Valkyries,1,99,0.5135135135135135,78.32432432432432,0.7027027027027027,0.5,78.9,1.3,6.0,19.0,18.0,1611661322,Washington Mystics,0,62,0.41025641025641024,78.3076923076923,-2.8461538461538463,0.3,78.4,-4.3,2.0,16.0,23.0,0.10325710325710324,0.2,0.01663201663201619,0.5,3.548856548856549,5.6,4.0
2025,1022500257,2025-08-31,1611661331,Golden State Valkyries,1,75,0.5263157894736842,78.86842105263158,1.6578947368421053,0.6,81.1,7.4,1.0,20.0,18.0,1611661325,Indiana Fever,0,63,0.5384615384615384,85.07692307692308,2.717948717948718,0.4,85.1,-1.8,2.0,21.0,18.0,-0.012145748987854255,0.19999999999999996,-6.208502024291505,-4.0,-1.0600539811066128,9.200000000000001,-1.0
2025,1022500261,2025-09-02,1611661331,Golden State Valkyries,1,66,0.5384615384615384,78.76923076923077,1.9230769230769231,0.7,81.4,9.2,2.0,21.0,18.0,1611661313,New York Liberty,0,58,0.6,85.125,4.125,0.4,79.8,-1.7,3.0,24.0,16.0,-0.06153846153846154,0.29999999999999993,-6.355769230769226,1.6000000000000085,-2.2019230769230766,10.899999999999999,-1.0
2025,1022500266,2025-09-04,1611661331,Golden State Valkyries,1,84,0.55,78.45,2.075,0.7,80.8,8.7,2.0,22.0,18.0,1611661321,Dallas Wings,0,80,0.21951219512195122,81.46341463414635,-6.829268292682927,0.1,80.7,-13.0,3.0,9.0,32.0,0.33048780487804885,0.6,-3.0134146341463435,0.09999999999999432,8.904268292682927,21.7,-1.0
2025,1022500272,2025-09-06,1611661331,Golden State Valkyries,0,72,0.5609756097560976,78.58536585365853,2.1219512195121952,0.7,81.8,7.4,2.0,23.0,18.0,1611661324,Minnesota Lynx,1,78,0.7804878048780488,86.95121951219512,9.75609756097561,0.6,86.5,4.9,2.0,32.0,9.0,-0.2195121951219512,0.09999999999999998,-8.365853658536594,-4.700000000000003,-7.634146341463414,2.5,0.0
